Booking_ID,Hotel_Area,Hotel_Tier,Room_Type,Check_In,Check_Out,Nights,Rooms,ADR_INR,Booking_Status,Booking_Channel,Customer_Type,Estimated_Occupancy,Booking_Revenue_INR
DELJUL26-00001,Aerocity,Midscale,Standard,2026-07-27,2026-08-01,5,2,7713,Cancelled,Agoda,Couple,0.525,0
DELJUL26-00002,Greater Kailash,Midscale,Standard,2026-07-15,2026-07-19,4,2,6482,Confirmed,Direct,Business,0.423,51853
DELJUL26-00003,South Delhi,Budget,Suite,2026-07-22,2026-07-24,2,2,4684,Confirmed,Booking.com,Group,0.414,18734
DELJUL26-00004,Saket,Economy,Standard,2026-07-30,2026-08-04,5,1,6398,Completed,Direct,Couple,0.356,31991
DELJUL26-00005,Saket,Midscale,Standard,2026-07-02,2026-07-07,5,2,4999,Confirmed,MakeMyTrip,Couple,0.937,49987
DELJUL26-00006,Lajpat Nagar,Midscale,Standard,2026-07-04,2026-07-05,1,2,2298,Completed,Booking.com,Business,0.743,4596
DELJUL26-00007,Aerocity,Luxury,Standard,2026-07-29,2026-07-30,1,1,26834,Cancelled,Agoda,Couple,0.543,0
DELJUL26-00008,South Delhi,Upscale,Deluxe,2026-07-18,2026-07-20,2,3,12382,Completed,Agoda,Couple,0.697,74295
DELJUL26-00009,Karol Bagh,Midscale,Standard,2026-07-20,2026-07-24,4,1,4083,Completed,Walk-in,Family,0.721,16333
DELJUL26-00010,Aerocity,Midscale,Premium,2026-07-11,2026-07-14,3,2,11448,Completed,MakeMyTrip,Family,0.46,68688
DELJUL26-00011,Dwarka,Midscale,Deluxe,2026-07-26,2026-07-29,3,3,3054,Confirmed,Goibibo,Couple,0.523,27490
DELJUL26-00012,Rohini,Midscale,Standard,2026-07-21,2026-07-24,3,3,2483,Completed,Walk-in,Group,0.678,22348
DELJUL26-00013,Greater Kailash,Budget,Premium,2026-07-08,2026-07-11,3,2,2345,Confirmed,Agoda,Group,0.854,14069
DELJUL26-00014,Greater Kailash,Midscale,Standard,2026-07-21,2026-07-25,4,3,4756,Completed,Walk-in,Business,0.428,57070
DELJUL26-00015,Greater Kailash,Midscale,Deluxe,2026-07-01,2026-07-02,1,2,5178,Cancelled,Walk-in,Group,0.865,0
DELJUL26-00016,Greater Kailash,Midscale,Deluxe,2026-07-08,2026-07-11,3,3,8791,Confirmed,Direct,Business,0.715,79116
DELJUL26-00017,Dwarka,Upscale,Standard,2026-07-07,2026-07-09,2,3,3574,Completed,Booking.com,Business,0.644,21446
DELJUL26-00018,Connaught Place,Midscale,Standard,2026-07-25,2026-07-29,4,2,5664,Confirmed,Agoda,Leisure,0.436,45314
DELJUL26-00019,Lajpat Nagar,Economy,Deluxe,2026-07-23,2026-07-24,1,2,2740,Confirmed,Direct,Couple,0.68,5479
DELJUL26-00020,Saket,Budget,Deluxe,2026-07-03,2026-07-04,1,1,2292,Confirmed,Direct,Family,0.562,2292
DELJUL26-00021,Dwarka,Budget,Deluxe,2026-07-29,2026-08-01,3,3,1435,Confirmed,Direct,Group,0.463,12917
DELJUL26-00022,Paharganj,Economy,Standard,2026-07-26,2026-07-29,3,3,2162,Completed,Direct,Group,0.878,19461
DELJUL26-00023,Connaught Place,Economy,Standard,2026-07-14,2026-07-17,3,3,5850,Completed,Goibibo,Family,0.626,52647
DELJUL26-00024,Rohini,Budget,Suite,2026-07-07,2026-07-12,5,2,1611,Confirmed,Booking.com,Business,0.398,16112
DELJUL26-00025,Greater Kailash,Budget,Standard,2026-07-14,2026-07-18,4,1,4943,Completed,Walk-in,Leisure,0.531,19773
DELJUL26-00026,South Delhi,Budget,Suite,2026-07-19,2026-07-21,2,3,2380,Completed,Direct,Group,0.459,14279
DELJUL26-00027,Saket,Upscale,Deluxe,2026-07-20,2026-07-24,4,1,11589,Completed,MakeMyTrip,Business,0.914,46356
DELJUL26-00028,Lajpat Nagar,Upscale,Deluxe,2026-07-11,2026-07-14,3,2,5999,Completed,Goibibo,Leisure,0.496,35997
DELJUL26-00029,Dwarka,Economy,Standard,2026-07-04,2026-07-06,2,1,3680,Confirmed,MakeMyTrip,Business,0.654,7360
DELJUL26-00030,Saket,Budget,Premium,2026-07-19,2026-07-20,1,2,3291,Confirmed,Agoda,Group,0.797,6582
DELJUL26-00031,Saket,Budget,Premium,2026-07-22,2026-07-23,1,1,3282,Completed,Walk-in,Leisure,0.445,3282
DELJUL26-00032,Karol Bagh,Budget,Deluxe,2026-07-09,2026-07-11,2,1,2233,Completed,Goibibo,Couple,0.612,4466
DELJUL26-00033,Aerocity,Economy,Deluxe,2026-07-20,2026-07-25,5,2,8045,Completed,Goibibo,Family,0.742,80449
DELJUL26-00034,Dwarka,Budget,Standard,2026-07-18,2026-07-21,3,2,1227,Confirmed,Goibibo,Group,0.879,7359
DELJUL26-00035,Lajpat Nagar,Economy,Standard,2026-07-16,2026-07-19,3,3,3800,Completed,Walk-in,Family,0.742,34197
DELJUL26-00036,Aerocity,Luxury,Suite,2026-07-01,2026-07-03,2,2,23888,Confirmed,Agoda,Family,0.398,95551
DELJUL26-00037,Lajpat Nagar,Midscale,Standard,2026-07-10,2026-07-12,2,1,4540,Completed,Direct,Family,0.543,9080
DELJUL26-00038,Lajpat Nagar,Upscale,Standard,2026-07-12,2026-07-16,4,3,4965,Confirmed,Agoda,Couple,0.561,59578
DELJUL26-00039,Karol Bagh,Budget,Standard,2026-07-26,2026-07-27,1,2,1360,Completed,Direct,Leisure,0.583,2720
DELJUL26-00040,South Delhi,Economy,Deluxe,2026-07-26,2026-07-30,4,3,5354,Completed,Walk-in,Leisure,0.915,64248
DELJUL26-00041,Connaught Place,Luxury,Deluxe,2026-07-28,2026-08-02,5,3,14764,Confirmed,Booking.com,Family,0.371,221466
DELJUL26-00042,Greater Kailash,Economy,Deluxe,2026-07-15,2026-07-20,5,2,4712,Completed,Agoda,Business,0.531,47117
DELJUL26-00043,Greater Kailash,Midscale,Standard,2026-07-11,2026-07-13,2,1,4986,Completed,Agoda,Leisure,0.645,9971
DELJUL26-00044,Paharganj,Luxury,Standard,2026-07-16,2026-07-21,5,2,4358,Confirmed,MakeMyTrip,Couple,0.402,43582
DELJUL26-00045,Aerocity,Midscale,Standard,2026-07-25,2026-07-27,2,3,9956,Confirmed,Walk-in,Couple,0.64,59736
DELJUL26-00046,Rohini,Economy,Suite,2026-07-20,2026-07-22,2,1,2122,Completed,Goibibo,Leisure,0.414,4243
DELJUL26-00047,Saket,Midscale,Standard,2026-07-19,2026-07-21,2,3,9221,Confirmed,MakeMyTrip,Leisure,0.853,55327
DELJUL26-00048,Lajpat Nagar,Budget,Suite,2026-07-14,2026-07-15,1,2,1511,Confirmed,MakeMyTrip,Couple,0.512,3021
DELJUL26-00049,South Delhi,Budget,Standard,2026-07-22,2026-07-24,2,2,2769,Completed,Booking.com,Family,0.664,11078
DELJUL26-00050,Greater Kailash,Budget,Premium,2026-07-27,2026-08-01,5,3,2910,Completed,Direct,Business,0.721,43644
DELJUL26-00051,Greater Kailash,Upscale,Deluxe,2026-07-21,2026-07-25,4,3,9160,Completed,Walk-in,Family,0.533,109923
DELJUL26-00052,Connaught Place,Midscale,Premium,2026-07-13,2026-07-15,2,3,7459,Completed,Agoda,Business,0.561,44754
DELJUL26-00053,Paharganj,Economy,Deluxe,2026-07-27,2026-07-29,2,1,2349,Cancelled,Agoda,Leisure,0.656,0
DELJUL26-00054,Saket,Budget,Deluxe,2026-07-30,2026-08-01,2,2,4545,Completed,Walk-in,Couple,0.833,18181
DELJUL26-00055,Saket,Midscale,Deluxe,2026-07-25,2026-07-26,1,2,5571,Confirmed,Goibibo,Couple,0.622,11143
DELJUL26-00056,Aerocity,Upscale,Standard,2026-07-28,2026-07-29,1,3,14652,Confirmed,Walk-in,Leisure,0.645,43956
DELJUL26-00057,Dwarka,Economy,Premium,2026-07-09,2026-07-14,5,1,1493,Completed,Walk-in,Business,0.708,7463
DELJUL26-00058,Connaught Place,Economy,Deluxe,2026-07-14,2026-07-18,4,1,4378,Completed,Booking.com,Couple,0.605,17510
DELJUL26-00059,Greater Kailash,Upscale,Standard,2026-07-08,2026-07-12,4,1,8801,Confirmed,MakeMyTrip,Couple,0.786,35204
DELJUL26-00060,South Delhi,Upscale,Standard,2026-07-12,2026-07-14,2,3,5218,Completed,Direct,Group,0.353,31308
DELJUL26-00061,Rohini,Upscale,Deluxe,2026-07-23,2026-07-28,5,2,3969,Completed,Agoda,Couple,0.64,39689
DELJUL26-00062,Greater Kailash,Economy,Premium,2026-07-21,2026-07-22,1,3,5277,Cancelled,Direct,Leisure,0.904,0
DELJUL26-00063,Paharganj,Budget,Premium,2026-07-01,2026-07-06,5,1,1915,Confirmed,Agoda,Business,0.72,9576
DELJUL26-00064,Rohini,Economy,Standard,2026-07-24,2026-07-27,3,1,2493,Confirmed,Agoda,Business,0.642,7479
DELJUL26-00065,Saket,Economy,Deluxe,2026-07-06,2026-07-08,2,2,4670,Completed,MakeMyTrip,Group,0.813,18681
DELJUL26-00066,Paharganj,Upscale,Standard,2026-07-06,2026-07-10,4,3,3032,Confirmed,Goibibo,Leisure,0.586,36378
DELJUL26-00067,Rohini,Budget,Standard,2026-07-17,2026-07-20,3,2,1015,Confirmed,Walk-in,Business,0.63,6091
DELJUL26-00068,Paharganj,Midscale,Premium,2026-07-08,2026-07-10,2,1,1739,Confirmed,Agoda,Family,0.467,3478
DELJUL26-00069,Aerocity,Upscale,Standard,2026-07-30,2026-08-03,4,2,16925,Completed,MakeMyTrip,Business,0.425,135397
DELJUL26-00070,Saket,Luxury,Standard,2026-07-05,2026-07-09,4,2,16772,Confirmed,Walk-in,Couple,0.365,134174
DELJUL26-00071,Greater Kailash,Midscale,Standard,2026-07-05,2026-07-09,4,1,4298,Cancelled,Direct,Leisure,0.789,0
DELJUL26-00072,Connaught Place,Luxury,Standard,2026-07-24,2026-07-27,3,1,18266,Confirmed,Booking.com,Group,0.631,54797
DELJUL26-00073,Saket,Budget,Standard,2026-07-09,2026-07-11,2,3,4145,Confirmed,Booking.com,Family,0.914,24869
DELJUL26-00074,Connaught Place,Economy,Standard,2026-07-23,2026-07-26,3,1,6849,Confirmed,MakeMyTrip,Business,0.456,20546
DELJUL26-00075,South Delhi,Budget,Standard,2026-07-22,2026-07-27,5,1,3973,Completed,Agoda,Group,0.496,19866
DELJUL26-00076,Saket,Luxury,Premium,2026-07-06,2026-07-08,2,2,12811,Completed,Agoda,Leisure,0.733,51242
DELJUL26-00077,Paharganj,Upscale,Standard,2026-07-18,2026-07-23,5,1,4131,Confirmed,Direct,Family,0.383,20654
DELJUL26-00078,Karol Bagh,Budget,Premium,2026-07-17,2026-07-18,1,2,2897,Completed,Booking.com,Leisure,0.652,5794
DELJUL26-00079,Dwarka,Budget,Deluxe,2026-07-03,2026-07-04,1,2,1318,Confirmed,Agoda,Family,0.424,2636
DELJUL26-00080,South Delhi,Economy,Standard,2026-07-24,2026-07-26,2,1,6757,Completed,Goibibo,Business,0.447,13514
DELJUL26-00081,Rohini,Economy,Standard,2026-07-27,2026-07-28,1,2,1251,Confirmed,Booking.com,Couple,0.657,2502
DELJUL26-00082,Saket,Upscale,Standard,2026-07-30,2026-08-04,5,3,9369,Completed,MakeMyTrip,Family,0.691,140540
DELJUL26-00083,Connaught Place,Budget,Premium,2026-07-03,2026-07-05,2,3,2835,Completed,Goibibo,Couple,0.477,17008
DELJUL26-00084,Lajpat Nagar,Upscale,Deluxe,2026-07-06,2026-07-07,1,1,4477,Completed,Goibibo,Group,0.513,4477
DELJUL26-00085,South Delhi,Midscale,Standard,2026-07-26,2026-07-30,4,1,4186,Confirmed,Agoda,Group,0.52,16744
DELJUL26-00086,Greater Kailash,Economy,Standard,2026-07-10,2026-07-15,5,2,4431,Cancelled,Walk-in,Business,0.435,0
DELJUL26-00087,Aerocity,Budget,Standard,2026-07-20,2026-07-25,5,2,4299,Completed,Agoda,Family,0.929,42990
DELJUL26-00088,Paharganj,Luxury,Deluxe,2026-07-11,2026-07-12,1,2,3895,Cancelled,Direct,Couple,0.765,0
DELJUL26-00089,Greater Kailash,Midscale,Standard,2026-07-07,2026-07-11,4,1,6263,Confirmed,MakeMyTrip,Leisure,0.417,25054
DELJUL26-00090,Lajpat Nagar,Economy,Deluxe,2026-07-20,2026-07-22,2,1,3006,Confirmed,MakeMyTrip,Family,0.564,6012
DELJUL26-00091,Saket,Economy,Deluxe,2026-07-07,2026-07-12,5,1,5735,Confirmed,Goibibo,Family,0.454,28677
DELJUL26-00092,Lajpat Nagar,Upscale,Deluxe,2026-07-05,2026-07-09,4,3,7771,Cancelled,Walk-in,Group,0.491,0
DELJUL26-00093,Lajpat Nagar,Upscale,Standard,2026-07-17,2026-07-21,4,2,6529,Confirmed,MakeMyTrip,Leisure,0.914,52230
DELJUL26-00094,Paharganj,Upscale,Standard,2026-07-06,2026-07-11,5,2,2428,Completed,MakeMyTrip,Group,0.432,24277
DELJUL26-00095,Lajpat Nagar,Midscale,Standard,2026-07-06,2026-07-11,5,2,3520,Confirmed,Walk-in,Business,0.878,35205
DELJUL26-00096,Karol Bagh,Upscale,Premium,2026-07-25,2026-07-26,1,1,6899,Confirmed,Agoda,Group,0.855,6899
DELJUL26-00097,Karol Bagh,Economy,Standard,2026-07-17,2026-07-21,4,2,2088,Confirmed,MakeMyTrip,Couple,0.796,16704
DELJUL26-00098,South Delhi,Midscale,Standard,2026-07-17,2026-07-18,1,2,6092,Completed,Walk-in,Family,0.648,12185
DELJUL26-00099,South Delhi,Economy,Standard,2026-07-05,2026-07-10,5,1,7194,Cancelled,Booking.com,Leisure,0.505,0
DELJUL26-00100,Connaught Place,Midscale,Deluxe,2026-07-05,2026-07-09,4,2,10335,Completed,Booking.com,Business,0.849,82684
DELJUL26-00101,Lajpat Nagar,Luxury,Deluxe,2026-07-13,2026-07-14,1,1,8000,Completed,Direct,Couple,0.85,8000
DELJUL26-00102,Connaught Place,Luxury,Deluxe,2026-07-13,2026-07-15,2,1,19861,Completed,Direct,Business,0.665,39722
DELJUL26-00103,Lajpat Nagar,Midscale,Deluxe,2026-07-15,2026-07-20,5,2,4357,Confirmed,Walk-in,Couple,0.379,43570
DELJUL26-00104,Aerocity,Midscale,Premium,2026-07-05,2026-07-09,4,1,10336,Completed,Direct,Business,0.466,41342
DELJUL26-00105,Greater Kailash,Upscale,Premium,2026-07-28,2026-07-30,2,3,5115,Confirmed,Agoda,Leisure,0.384,30689
DELJUL26-00106,Greater Kailash,Luxury,Standard,2026-07-12,2026-07-17,5,2,10164,Completed,Direct,Couple,0.458,101637
DELJUL26-00107,Greater Kailash,Upscale,Standard,2026-07-26,2026-07-30,4,1,9921,Confirmed,Booking.com,Group,0.655,39684
DELJUL26-00108,South Delhi,Budget,Premium,2026-07-13,2026-07-14,1,3,3256,Completed,MakeMyTrip,Group,0.863,9769
DELJUL26-00109,Saket,Economy,Deluxe,2026-07-15,2026-07-17,2,1,4837,Cancelled,Booking.com,Family,0.742,0
DELJUL26-00110,Greater Kailash,Upscale,Suite,2026-07-04,2026-07-09,5,1,8582,Confirmed,Direct,Couple,0.711,42910
DELJUL26-00111,Karol Bagh,Upscale,Standard,2026-07-21,2026-07-23,2,3,6670,Completed,Walk-in,Couple,0.799,40020
DELJUL26-00112,Greater Kailash,Midscale,Suite,2026-07-02,2026-07-03,1,2,7357,Confirmed,MakeMyTrip,Family,0.734,14713
DELJUL26-00113,Dwarka,Midscale,Standard,2026-07-24,2026-07-28,4,2,3266,Confirmed,MakeMyTrip,Leisure,0.616,26131
DELJUL26-00114,Saket,Economy,Deluxe,2026-07-28,2026-08-02,5,1,5859,Completed,Agoda,Business,0.839,29296
DELJUL26-00115,Dwarka,Economy,Standard,2026-07-12,2026-07-15,3,2,2028,Completed,Walk-in,Business,0.536,12171
DELJUL26-00116,Dwarka,Upscale,Standard,2026-07-28,2026-08-02,5,1,5411,Completed,Booking.com,Couple,0.907,27054
DELJUL26-00117,Aerocity,Economy,Standard,2026-07-22,2026-07-23,1,3,6244,Confirmed,MakeMyTrip,Business,0.42,18731
DELJUL26-00118,Connaught Place,Midscale,Standard,2026-07-01,2026-07-05,4,3,10026,Confirmed,MakeMyTrip,Business,0.733,120308
DELJUL26-00119,Karol Bagh,Midscale,Standard,2026-07-07,2026-07-11,4,3,4201,Confirmed,Booking.com,Group,0.65,50415
DELJUL26-00120,Connaught Place,Upscale,Premium,2026-07-20,2026-07-25,5,2,16022,Completed,Direct,Leisure,0.605,160223
DELJUL26-00121,Saket,Economy,Suite,2026-07-22,2026-07-25,3,3,6310,Completed,Walk-in,Couple,0.608,56788
DELJUL26-00122,South Delhi,Midscale,Premium,2026-07-03,2026-07-08,5,1,10052,Confirmed,Agoda,Leisure,0.375,50259
DELJUL26-00123,South Delhi,Budget,Suite,2026-07-22,2026-07-23,1,1,3124,Confirmed,Agoda,Business,0.801,3124
DELJUL26-00124,Saket,Budget,Premium,2026-07-26,2026-07-27,1,1,4601,Confirmed,Booking.com,Group,0.561,4601
DELJUL26-00125,Lajpat Nagar,Economy,Premium,2026-07-03,2026-07-07,4,2,3577,Confirmed,Goibibo,Group,0.636,28617
DELJUL26-00126,Dwarka,Budget,Standard,2026-07-28,2026-07-29,1,2,1955,Confirmed,Direct,Business,0.859,3910
DELJUL26-00127,Aerocity,Luxury,Standard,2026-07-17,2026-07-22,5,1,20849,Confirmed,Direct,Leisure,0.696,104246
DELJUL26-00128,Greater Kailash,Upscale,Premium,2026-07-20,2026-07-21,1,2,7189,Confirmed,Walk-in,Group,0.861,14378
DELJUL26-00129,Dwarka,Budget,Standard,2026-07-02,2026-07-06,4,3,1576,Confirmed,Booking.com,Group,0.432,18908
DELJUL26-00130,South Delhi,Upscale,Deluxe,2026-07-20,2026-07-23,3,2,7703,Confirmed,Agoda,Family,0.519,46217
DELJUL26-00131,Dwarka,Midscale,Deluxe,2026-07-15,2026-07-19,4,3,2326,Cancelled,Booking.com,Leisure,0.487,0
DELJUL26-00132,Dwarka,Midscale,Standard,2026-07-12,2026-07-16,4,2,3943,Completed,Goibibo,Couple,0.882,31543
DELJUL26-00133,Aerocity,Upscale,Standard,2026-07-25,2026-07-28,3,3,18901,Confirmed,Goibibo,Couple,0.819,170108
DELJUL26-00134,Dwarka,Midscale,Deluxe,2026-07-08,2026-07-11,3,2,4016,Confirmed,Agoda,Group,0.85,24096
DELJUL26-00135,Greater Kailash,Budget,Deluxe,2026-07-02,2026-07-05,3,2,3194,Cancelled,Walk-in,Couple,0.691,0
DELJUL26-00136,Paharganj,Budget,Standard,2026-07-16,2026-07-20,4,1,1468,Confirmed,MakeMyTrip,Group,0.482,5874
DELJUL26-00137,South Delhi,Economy,Deluxe,2026-07-24,2026-07-28,4,3,4192,Confirmed,Walk-in,Family,0.576,50308
DELJUL26-00138,Aerocity,Luxury,Standard,2026-07-05,2026-07-08,3,2,17933,Confirmed,Booking.com,Leisure,0.68,107598
DELJUL26-00139,Paharganj,Midscale,Standard,2026-07-31,2026-08-02,2,3,3437,Confirmed,Walk-in,Couple,0.361,20620
DELJUL26-00140,Saket,Economy,Deluxe,2026-07-21,2026-07-22,1,1,3359,Completed,MakeMyTrip,Business,0.734,3359
DELJUL26-00141,Rohini,Budget,Standard,2026-07-29,2026-08-02,4,2,1896,Completed,Walk-in,Couple,0.863,15166
DELJUL26-00142,Karol Bagh,Upscale,Premium,2026-07-15,2026-07-17,2,3,5872,Confirmed,Agoda,Leisure,0.545,35229
DELJUL26-00143,Karol Bagh,Economy,Standard,2026-07-04,2026-07-07,3,1,2706,Confirmed,Goibibo,Leisure,0.758,8119
DELJUL26-00144,Saket,Midscale,Suite,2026-07-06,2026-07-11,5,1,7302,Completed,Walk-in,Family,0.64,36512
DELJUL26-00145,Rohini,Midscale,Premium,2026-07-16,2026-07-20,4,3,2378,Cancelled,Agoda,Family,0.352,0
DELJUL26-00146,Lajpat Nagar,Economy,Premium,2026-07-19,2026-07-21,2,1,4316,Completed,Goibibo,Leisure,0.52,8632
DELJUL26-00147,Aerocity,Budget,Deluxe,2026-07-23,2026-07-26,3,3,5573,Completed,Booking.com,Couple,0.667,50153
DELJUL26-00148,Karol Bagh,Economy,Deluxe,2026-07-25,2026-07-27,2,2,3152,Confirmed,MakeMyTrip,Couple,0.785,12610
DELJUL26-00149,Lajpat Nagar,Economy,Deluxe,2026-07-24,2026-07-28,4,3,3059,Confirmed,Direct,Group,0.591,36710
DELJUL26-00150,Aerocity,Midscale,Deluxe,2026-07-19,2026-07-20,1,2,11814,Confirmed,Agoda,Business,0.462,23628
DELJUL26-00151,Lajpat Nagar,Upscale,Standard,2026-07-01,2026-07-06,5,1,6584,Completed,Goibibo,Couple,0.387,32919
DELJUL26-00152,Karol Bagh,Budget,Standard,2026-07-17,2026-07-22,5,3,2002,Confirmed,Agoda,Group,0.779,30035
DELJUL26-00153,Rohini,Midscale,Standard,2026-07-26,2026-07-28,2,2,3163,Completed,Goibibo,Leisure,0.569,12654
DELJUL26-00154,Karol Bagh,Budget,Deluxe,2026-07-27,2026-07-29,2,2,2473,Cancelled,Booking.com,Group,0.738,0
DELJUL26-00155,Saket,Budget,Standard,2026-07-26,2026-07-29,3,3,2949,Completed,Walk-in,Couple,0.483,26545
DELJUL26-00156,South Delhi,Upscale,Deluxe,2026-07-01,2026-07-05,4,1,12180,Completed,MakeMyTrip,Couple,0.803,48720
DELJUL26-00157,Connaught Place,Upscale,Standard,2026-07-14,2026-07-18,4,2,8678,Confirmed,Agoda,Couple,0.557,69422
DELJUL26-00158,Dwarka,Upscale,Standard,2026-07-20,2026-07-21,1,2,5623,Confirmed,Direct,Couple,0.381,11247
DELJUL26-00159,Dwarka,Budget,Deluxe,2026-07-08,2026-07-12,4,2,1571,Cancelled,Goibibo,Couple,0.656,0
DELJUL26-00160,Greater Kailash,Midscale,Premium,2026-07-13,2026-07-14,1,3,4701,Completed,MakeMyTrip,Leisure,0.789,14102
DELJUL26-00161,Rohini,Economy,Standard,2026-07-04,2026-07-06,2,1,3109,Completed,Walk-in,Leisure,0.909,6219
DELJUL26-00162,South Delhi,Luxury,Premium,2026-07-07,2026-07-11,4,3,11714,Cancelled,Agoda,Leisure,0.933,0
DELJUL26-00163,Saket,Midscale,Standard,2026-07-01,2026-07-06,5,2,5565,Completed,Walk-in,Group,0.624,55654
DELJUL26-00164,Saket,Luxury,Standard,2026-07-31,2026-08-04,4,2,10032,Confirmed,Booking.com,Family,0.717,80255
DELJUL26-00165,Saket,Budget,Standard,2026-07-27,2026-07-28,1,3,2981,Confirmed,Goibibo,Group,0.684,8944
DELJUL26-00166,Lajpat Nagar,Economy,Standard,2026-07-13,2026-07-17,4,2,3627,Completed,Goibibo,Group,0.67,29016
DELJUL26-00167,Paharganj,Upscale,Standard,2026-07-01,2026-07-02,1,1,4194,Cancelled,Booking.com,Business,0.419,0
DELJUL26-00168,Connaught Place,Economy,Standard,2026-07-11,2026-07-13,2,1,3937,Completed,Booking.com,Leisure,0.753,7873
DELJUL26-00169,Paharganj,Midscale,Deluxe,2026-07-14,2026-07-15,1,3,2793,Confirmed,Agoda,Group,0.929,8379
DELJUL26-00170,Aerocity,Midscale,Deluxe,2026-07-06,2026-07-11,5,3,10956,Completed,Direct,Family,0.426,164333
DELJUL26-00171,Connaught Place,Luxury,Standard,2026-07-21,2026-07-23,2,1,15834,Confirmed,MakeMyTrip,Business,0.537,31668
DELJUL26-00172,Aerocity,Budget,Premium,2026-07-31,2026-08-03,3,3,6003,Confirmed,Agoda,Couple,0.396,54026
DELJUL26-00173,Greater Kailash,Luxury,Deluxe,2026-07-27,2026-07-31,4,2,10696,Confirmed,Walk-in,Family,0.592,85565
DELJUL26-00174,Greater Kailash,Economy,Standard,2026-07-27,2026-08-01,5,1,4923,Completed,Goibibo,Business,0.639,24613
DELJUL26-00175,South Delhi,Economy,Standard,2026-07-26,2026-07-31,5,3,5089,Confirmed,Agoda,Business,0.565,76340
DELJUL26-00176,Saket,Midscale,Standard,2026-07-03,2026-07-04,1,2,5432,Confirmed,Agoda,Group,0.636,10863
DELJUL26-00177,Greater Kailash,Economy,Premium,2026-07-18,2026-07-20,2,1,4189,Confirmed,Booking.com,Business,0.832,8379
DELJUL26-00178,Connaught Place,Luxury,Standard,2026-07-18,2026-07-21,3,2,20549,Confirmed,Agoda,Group,0.478,123291
DELJUL26-00179,Rohini,Upscale,Standard,2026-07-04,2026-07-08,4,3,4273,Completed,Agoda,Family,0.805,51273
DELJUL26-00180,Dwarka,Luxury,Standard,2026-07-05,2026-07-07,2,1,6589,Completed,Agoda,Leisure,0.826,13178
DELJUL26-00181,Rohini,Luxury,Standard,2026-07-18,2026-07-20,2,2,8147,Completed,Goibibo,Leisure,0.699,32588
DELJUL26-00182,Connaught Place,Midscale,Standard,2026-07-23,2026-07-27,4,3,9494,Confirmed,Direct,Couple,0.539,113927
DELJUL26-00183,Saket,Economy,Deluxe,2026-07-07,2026-07-10,3,2,2754,Cancelled,Direct,Leisure,0.912,0
DELJUL26-00184,South Delhi,Upscale,Suite,2026-07-16,2026-07-20,4,2,8684,Confirmed,Goibibo,Leisure,0.568,69474
DELJUL26-00185,Saket,Budget,Standard,2026-07-03,2026-07-05,2,3,2400,Cancelled,Booking.com,Family,0.38,0
DELJUL26-00186,Saket,Upscale,Standard,2026-07-04,2026-07-07,3,1,9607,Completed,MakeMyTrip,Family,0.432,28822
DELJUL26-00187,Connaught Place,Economy,Standard,2026-07-18,2026-07-19,1,1,4872,Confirmed,MakeMyTrip,Group,0.885,4872
DELJUL26-00188,Paharganj,Midscale,Standard,2026-07-18,2026-07-19,1,3,2889,Completed,Agoda,Group,0.44,8668
DELJUL26-00189,Karol Bagh,Economy,Deluxe,2026-07-24,2026-07-25,1,1,1954,Confirmed,MakeMyTrip,Group,0.618,1954
DELJUL26-00190,Paharganj,Economy,Suite,2026-07-29,2026-07-30,1,3,2130,Completed,Goibibo,Leisure,0.765,6389
DELJUL26-00191,South Delhi,Budget,Deluxe,2026-07-06,2026-07-08,2,1,4767,Completed,MakeMyTrip,Group,0.694,9535
DELJUL26-00192,South Delhi,Economy,Standard,2026-07-11,2026-07-12,1,1,4676,Completed,Direct,Group,0.742,4676
DELJUL26-00193,South Delhi,Economy,Premium,2026-07-27,2026-07-28,1,1,7473,Completed,Agoda,Couple,0.559,7473
DELJUL26-00194,Paharganj,Budget,Premium,2026-07-02,2026-07-07,5,2,1944,Confirmed,Goibibo,Group,0.747,19444
DELJUL26-00195,Rohini,Budget,Standard,2026-07-26,2026-07-31,5,3,2056,Completed,Booking.com,Group,0.355,30844
DELJUL26-00196,Aerocity,Midscale,Premium,2026-07-30,2026-08-01,2,3,8731,Cancelled,Agoda,Couple,0.508,0
DELJUL26-00197,Paharganj,Economy,Deluxe,2026-07-04,2026-07-09,5,1,2699,Cancelled,Direct,Family,0.424,0
DELJUL26-00198,Connaught Place,Upscale,Premium,2026-07-05,2026-07-06,1,2,6837,Confirmed,Booking.com,Business,0.623,13673
DELJUL26-00199,Paharganj,Budget,Standard,2026-07-22,2026-07-23,1,3,1467,Confirmed,Booking.com,Business,0.437,4400
DELJUL26-00200,Rohini,Midscale,Standard,2026-07-15,2026-07-17,2,3,3760,Completed,Goibibo,Business,0.678,22561
DELJUL26-00201,Paharganj,Budget,Premium,2026-07-31,2026-08-02,2,2,1732,Confirmed,Walk-in,Family,0.458,6928
DELJUL26-00202,Rohini,Midscale,Standard,2026-07-17,2026-07-18,1,1,3167,Confirmed,Walk-in,Family,0.599,3167
DELJUL26-00203,Saket,Midscale,Suite,2026-07-21,2026-07-26,5,2,5762,Confirmed,Direct,Business,0.395,57618
DELJUL26-00204,South Delhi,Midscale,Standard,2026-07-08,2026-07-13,5,3,8900,Completed,Direct,Leisure,0.614,133494
DELJUL26-00205,Saket,Economy,Standard,2026-07-11,2026-07-13,2,1,5099,Completed,Agoda,Family,0.835,10198
DELJUL26-00206,Karol Bagh,Midscale,Deluxe,2026-07-06,2026-07-08,2,2,3858,Completed,Goibibo,Leisure,0.54,15431
DELJUL26-00207,Greater Kailash,Budget,Deluxe,2026-07-05,2026-07-09,4,3,4286,Completed,MakeMyTrip,Business,0.774,51432
DELJUL26-00208,Rohini,Economy,Standard,2026-07-04,2026-07-09,5,2,1551,Confirmed,Walk-in,Leisure,0.606,15508
DELJUL26-00209,Karol Bagh,Economy,Deluxe,2026-07-28,2026-07-30,2,2,1915,Confirmed,Booking.com,Business,0.491,7658
DELJUL26-00210,Greater Kailash,Midscale,Deluxe,2026-07-03,2026-07-07,4,3,6681,Confirmed,Direct,Couple,0.532,80175
DELJUL26-00211,Karol Bagh,Economy,Deluxe,2026-07-17,2026-07-18,1,2,3872,Completed,MakeMyTrip,Couple,0.532,7744
DELJUL26-00212,Greater Kailash,Upscale,Standard,2026-07-16,2026-07-19,3,1,6499,Completed,Booking.com,Leisure,0.795,19496
DELJUL26-00213,Greater Kailash,Economy,Deluxe,2026-07-02,2026-07-07,5,2,4121,Confirmed,Booking.com,Couple,0.471,41211
DELJUL26-00214,Saket,Budget,Deluxe,2026-07-27,2026-07-30,3,1,2318,Confirmed,Goibibo,Business,0.937,6953
DELJUL26-00215,Greater Kailash,Economy,Premium,2026-07-16,2026-07-20,4,3,5578,Completed,Booking.com,Family,0.762,66934
DELJUL26-00216,Karol Bagh,Budget,Deluxe,2026-07-04,2026-07-08,4,1,1446,Completed,Goibibo,Couple,0.591,5783
DELJUL26-00217,Aerocity,Midscale,Standard,2026-07-04,2026-07-08,4,3,10084,Completed,Goibibo,Leisure,0.949,121013
DELJUL26-00218,Aerocity,Upscale,Standard,2026-07-22,2026-07-26,4,1,18698,Confirmed,Agoda,Leisure,0.48,74793
DELJUL26-00219,Saket,Upscale,Standard,2026-07-20,2026-07-25,5,3,4660,Confirmed,Walk-in,Leisure,0.808,69903
DELJUL26-00220,Rohini,Economy,Standard,2026-07-13,2026-07-14,1,1,2086,Cancelled,Goibibo,Business,0.513,0
DELJUL26-00221,Connaught Place,Budget,Deluxe,2026-07-13,2026-07-18,5,3,4042,Confirmed,Booking.com,Leisure,0.676,60625
DELJUL26-00222,Saket,Upscale,Premium,2026-07-02,2026-07-07,5,2,8939,Completed,Goibibo,Leisure,0.383,89393
DELJUL26-00223,Greater Kailash,Budget,Suite,2026-07-01,2026-07-06,5,1,2724,Confirmed,MakeMyTrip,Family,0.858,13622
DELJUL26-00224,Karol Bagh,Economy,Deluxe,2026-07-17,2026-07-19,2,1,2868,Cancelled,MakeMyTrip,Leisure,0.57,0
DELJUL26-00225,Greater Kailash,Upscale,Deluxe,2026-07-12,2026-07-15,3,1,5743,Completed,MakeMyTrip,Family,0.701,17228
DELJUL26-00226,Paharganj,Economy,Deluxe,2026-07-08,2026-07-10,2,1,2150,Cancelled,Direct,Business,0.906,0
DELJUL26-00227,Lajpat Nagar,Budget,Standard,2026-07-12,2026-07-17,5,2,2967,Confirmed,Booking.com,Group,0.368,29669
DELJUL26-00228,Dwarka,Economy,Deluxe,2026-07-19,2026-07-22,3,1,2054,Completed,Goibibo,Leisure,0.931,6161
DELJUL26-00229,Dwarka,Midscale,Standard,2026-07-10,2026-07-12,2,3,3316,Confirmed,Direct,Family,0.665,19893
DELJUL26-00230,Connaught Place,Budget,Standard,2026-07-11,2026-07-15,4,3,5920,Completed,Direct,Family,0.818,71046
DELJUL26-00231,Saket,Midscale,Premium,2026-07-09,2026-07-10,1,2,3972,Confirmed,Goibibo,Couple,0.634,7944
DELJUL26-00232,Lajpat Nagar,Economy,Deluxe,2026-07-21,2026-07-23,2,1,2241,Completed,Walk-in,Leisure,0.84,4482
DELJUL26-00233,Aerocity,Economy,Standard,2026-07-02,2026-07-04,2,3,7152,Confirmed,Booking.com,Group,0.878,42912
DELJUL26-00234,Greater Kailash,Budget,Deluxe,2026-07-29,2026-07-31,2,3,3456,Confirmed,Direct,Business,0.579,20735
DELJUL26-00235,Saket,Upscale,Suite,2026-07-18,2026-07-21,3,1,7114,Completed,MakeMyTrip,Leisure,0.784,21341
DELJUL26-00236,Greater Kailash,Economy,Standard,2026-07-08,2026-07-09,1,1,5426,Completed,Direct,Couple,0.949,5426
DELJUL26-00237,South Delhi,Midscale,Suite,2026-07-24,2026-07-29,5,2,4719,Confirmed,Walk-in,Family,0.804,47193
DELJUL26-00238,Saket,Economy,Suite,2026-07-30,2026-08-02,3,1,5227,Confirmed,Agoda,Couple,0.924,15680
DELJUL26-00239,Paharganj,Budget,Deluxe,2026-07-02,2026-07-04,2,2,1654,Confirmed,Direct,Group,0.792,6615
DELJUL26-00240,South Delhi,Economy,Standard,2026-07-07,2026-07-08,1,2,5720,Confirmed,Direct,Business,0.548,11440
DELJUL26-00241,Connaught Place,Midscale,Standard,2026-07-05,2026-07-10,5,3,5691,Cancelled,Goibibo,Group,0.846,0
DELJUL26-00242,Dwarka,Economy,Standard,2026-07-03,2026-07-08,5,2,3199,Cancelled,MakeMyTrip,Group,0.75,0
DELJUL26-00243,Aerocity,Upscale,Standard,2026-07-23,2026-07-26,3,2,9908,Completed,Agoda,Family,0.37,59446
DELJUL26-00244,South Delhi,Upscale,Premium,2026-07-06,2026-07-08,2,2,11348,Completed,Walk-in,Couple,0.453,45391
DELJUL26-00245,South Delhi,Upscale,Premium,2026-07-12,2026-07-15,3,3,8910,Completed,MakeMyTrip,Leisure,0.507,80193
DELJUL26-00246,Aerocity,Midscale,Standard,2026-07-26,2026-07-31,5,3,10219,Cancelled,Agoda,Couple,0.796,0
DELJUL26-00247,Greater Kailash,Midscale,Standard,2026-07-19,2026-07-21,2,3,5561,Confirmed,Booking.com,Leisure,0.828,33366
DELJUL26-00248,Saket,Midscale,Deluxe,2026-07-22,2026-07-26,4,1,4225,Completed,Booking.com,Family,0.846,16899
DELJUL26-00249,Greater Kailash,Economy,Standard,2026-07-04,2026-07-09,5,2,4727,Confirmed,Walk-in,Couple,0.39,47270
DELJUL26-00250,Aerocity,Upscale,Deluxe,2026-07-31,2026-08-04,4,1,9250,Confirmed,Booking.com,Leisure,0.393,37000
DELJUL26-00251,Connaught Place,Upscale,Premium,2026-07-03,2026-07-08,5,2,9046,Completed,Direct,Family,0.53,90460
DELJUL26-00252,Saket,Economy,Standard,2026-07-23,2026-07-28,5,3,4749,Completed,Goibibo,Family,0.759,71229
DELJUL26-00253,Connaught Place,Upscale,Standard,2026-07-20,2026-07-21,1,1,13722,Confirmed,Goibibo,Business,0.855,13722
DELJUL26-00254,Paharganj,Upscale,Deluxe,2026-07-13,2026-07-15,2,1,2147,Confirmed,MakeMyTrip,Family,0.872,4293
DELJUL26-00255,South Delhi,Economy,Standard,2026-07-26,2026-07-27,1,2,7492,Confirmed,Direct,Group,0.475,14984
DELJUL26-00256,Connaught Place,Upscale,Premium,2026-07-28,2026-07-31,3,3,14242,Completed,Direct,Group,0.81,128175
DELJUL26-00257,South Delhi,Budget,Premium,2026-07-03,2026-07-06,3,3,4445,Confirmed,Agoda,Group,0.734,40005
DELJUL26-00258,Connaught Place,Budget,Standard,2026-07-30,2026-07-31,1,2,4670,Completed,Direct,Group,0.906,9341
DELJUL26-00259,Connaught Place,Economy,Deluxe,2026-07-08,2026-07-11,3,2,6425,Cancelled,Booking.com,Business,0.814,0
DELJUL26-00260,Dwarka,Midscale,Premium,2026-07-25,2026-07-26,1,1,3668,Confirmed,Agoda,Leisure,0.667,3668
DELJUL26-00261,Greater Kailash,Economy,Standard,2026-07-26,2026-07-29,3,2,5967,Completed,MakeMyTrip,Leisure,0.82,35800
DELJUL26-00262,Connaught Place,Luxury,Standard,2026-07-18,2026-07-20,2,1,21354,Completed,MakeMyTrip,Group,0.535,42708
DELJUL26-00263,Karol Bagh,Economy,Suite,2026-07-27,2026-08-01,5,1,1821,Completed,Walk-in,Business,0.822,9104
DELJUL26-00264,Rohini,Economy,Standard,2026-07-26,2026-07-30,4,2,1994,Cancelled,Agoda,Couple,0.819,0
DELJUL26-00265,Rohini,Midscale,Deluxe,2026-07-17,2026-07-21,4,1,1935,Confirmed,Agoda,Family,0.863,7739
DELJUL26-00266,Dwarka,Budget,Standard,2026-07-06,2026-07-11,5,2,2460,Completed,Booking.com,Couple,0.495,24601
DELJUL26-00267,Saket,Midscale,Standard,2026-07-14,2026-07-15,1,3,5052,Completed,Booking.com,Couple,0.859,15156
DELJUL26-00268,Paharganj,Economy,Premium,2026-07-28,2026-07-30,2,3,2193,Completed,Goibibo,Group,0.451,13161
DELJUL26-00269,South Delhi,Luxury,Deluxe,2026-07-07,2026-07-11,4,3,17785,Confirmed,Walk-in,Leisure,0.813,213417
DELJUL26-00270,Dwarka,Midscale,Deluxe,2026-07-31,2026-08-04,4,1,4606,Completed,Goibibo,Business,0.908,18425
DELJUL26-00271,Karol Bagh,Budget,Standard,2026-07-06,2026-07-07,1,3,1481,Confirmed,Agoda,Leisure,0.371,4443
DELJUL26-00272,Aerocity,Budget,Premium,2026-07-21,2026-07-23,2,3,6040,Confirmed,Booking.com,Business,0.726,36240
DELJUL26-00273,Connaught Place,Budget,Standard,2026-07-20,2026-07-22,2,2,5979,Confirmed,MakeMyTrip,Business,0.746,23914
DELJUL26-00274,Rohini,Luxury,Deluxe,2026-07-07,2026-07-08,1,1,3275,Confirmed,Goibibo,Group,0.839,3275
DELJUL26-00275,Saket,Midscale,Standard,2026-07-15,2026-07-19,4,3,7203,Cancelled,Goibibo,Couple,0.412,0
DELJUL26-00276,Saket,Economy,Deluxe,2026-07-05,2026-07-06,1,1,3424,Confirmed,Direct,Leisure,0.896,3424
DELJUL26-00277,Saket,Budget,Deluxe,2026-07-12,2026-07-17,5,2,3520,Completed,MakeMyTrip,Family,0.946,35201
DELJUL26-00278,Greater Kailash,Upscale,Standard,2026-07-30,2026-08-02,3,2,7581,Completed,Walk-in,Couple,0.753,45485
DELJUL26-00279,Aerocity,Budget,Deluxe,2026-07-02,2026-07-06,4,3,4664,Confirmed,Goibibo,Couple,0.608,55962
DELJUL26-00280,Aerocity,Midscale,Standard,2026-07-28,2026-07-31,3,3,8437,Completed,Agoda,Group,0.731,75933
DELJUL26-00281,Karol Bagh,Upscale,Deluxe,2026-07-22,2026-07-27,5,3,3003,Confirmed,Agoda,Business,0.383,45043
DELJUL26-00282,Saket,Economy,Deluxe,2026-07-24,2026-07-26,2,2,3225,Confirmed,Booking.com,Group,0.802,12900
DELJUL26-00283,South Delhi,Midscale,Premium,2026-07-09,2026-07-12,3,1,7697,Completed,Booking.com,Group,0.392,23092
DELJUL26-00284,Saket,Budget,Standard,2026-07-30,2026-07-31,1,3,2895,Confirmed,Goibibo,Business,0.544,8686
DELJUL26-00285,Saket,Economy,Standard,2026-07-08,2026-07-13,5,3,3540,Confirmed,MakeMyTrip,Couple,0.434,53099
DELJUL26-00286,Rohini,Luxury,Standard,2026-07-16,2026-07-19,3,2,6317,Completed,Walk-in,Couple,0.786,37903
DELJUL26-00287,Connaught Place,Midscale,Standard,2026-07-02,2026-07-03,1,2,9530,Confirmed,Booking.com,Group,0.707,19060
DELJUL26-00288,Dwarka,Upscale,Deluxe,2026-07-28,2026-08-02,5,3,5586,Confirmed,MakeMyTrip,Leisure,0.77,83790
DELJUL26-00289,Dwarka,Midscale,Standard,2026-07-22,2026-07-27,5,1,5423,Completed,Direct,Business,0.389,27113
DELJUL26-00290,Saket,Budget,Standard,2026-07-06,2026-07-07,1,3,2778,Completed,MakeMyTrip,Group,0.572,8335
DELJUL26-00291,Lajpat Nagar,Midscale,Standard,2026-07-21,2026-07-26,5,2,5239,Cancelled,Goibibo,Leisure,0.594,0
DELJUL26-00292,Karol Bagh,Midscale,Deluxe,2026-07-06,2026-07-10,4,3,2156,Completed,Agoda,Family,0.711,25871
DELJUL26-00293,Rohini,Budget,Deluxe,2026-07-14,2026-07-16,2,1,1883,Confirmed,Walk-in,Business,0.411,3765
DELJUL26-00294,Paharganj,Economy,Standard,2026-07-16,2026-07-20,4,2,2409,Confirmed,Direct,Couple,0.738,19268
DELJUL26-00295,Dwarka,Midscale,Suite,2026-07-29,2026-08-02,4,1,4304,Confirmed,Walk-in,Family,0.587,17216
DELJUL26-00296,Dwarka,Midscale,Standard,2026-07-11,2026-07-14,3,2,4095,Confirmed,Agoda,Group,0.894,24568
DELJUL26-00297,Lajpat Nagar,Budget,Deluxe,2026-07-01,2026-07-05,4,2,2680,Completed,Booking.com,Leisure,0.62,21438
DELJUL26-00298,Saket,Upscale,Standard,2026-07-14,2026-07-15,1,3,6148,Completed,Booking.com,Family,0.411,18443
DELJUL26-00299,Karol Bagh,Economy,Premium,2026-07-29,2026-08-03,5,3,3131,Confirmed,Agoda,Family,0.412,46965
DELJUL26-00300,Aerocity,Economy,Standard,2026-07-25,2026-07-30,5,2,9074,Confirmed,Agoda,Family,0.503,90745
DELJUL26-00301,Paharganj,Budget,Suite,2026-07-02,2026-07-04,2,2,2359,Confirmed,Booking.com,Leisure,0.494,9435
DELJUL26-00302,Lajpat Nagar,Upscale,Deluxe,2026-07-02,2026-07-05,3,2,5619,Completed,MakeMyTrip,Family,0.828,33716
DELJUL26-00303,Aerocity,Economy,Deluxe,2026-07-24,2026-07-26,2,2,4868,Confirmed,Walk-in,Group,0.783,19471
DELJUL26-00304,Lajpat Nagar,Economy,Deluxe,2026-07-23,2026-07-25,2,3,2875,Completed,Direct,Couple,0.396,17249
DELJUL26-00305,Dwarka,Budget,Standard,2026-07-18,2026-07-20,2,2,1464,Confirmed,Goibibo,Leisure,0.861,5855
DELJUL26-00306,Connaught Place,Midscale,Standard,2026-07-03,2026-07-08,5,2,5571,Confirmed,Walk-in,Couple,0.408,55713
DELJUL26-00307,Paharganj,Upscale,Premium,2026-07-09,2026-07-13,4,1,3539,Completed,Direct,Group,0.821,14158
DELJUL26-00308,Dwarka,Economy,Premium,2026-07-27,2026-08-01,5,2,3711,Completed,Goibibo,Group,0.417,37106
DELJUL26-00309,Paharganj,Luxury,Standard,2026-07-05,2026-07-09,4,2,4548,Confirmed,Goibibo,Leisure,0.576,36387
DELJUL26-00310,Connaught Place,Budget,Standard,2026-07-07,2026-07-11,4,3,2877,Cancelled,Booking.com,Leisure,0.801,0
DELJUL26-00311,South Delhi,Budget,Standard,2026-07-15,2026-07-16,1,1,2488,Completed,Goibibo,Leisure,0.502,2488
DELJUL26-00312,South Delhi,Midscale,Deluxe,2026-07-23,2026-07-28,5,2,9233,Completed,Agoda,Business,0.418,92333
DELJUL26-00313,Connaught Place,Midscale,Deluxe,2026-07-26,2026-07-30,4,2,7753,Completed,Booking.com,Group,0.822,62023
DELJUL26-00314,Karol Bagh,Economy,Deluxe,2026-07-19,2026-07-20,1,2,1612,Completed,MakeMyTrip,Family,0.765,3224
DELJUL26-00315,Karol Bagh,Midscale,Standard,2026-07-16,2026-07-17,1,1,2079,Completed,Goibibo,Group,0.885,2079
DELJUL26-00316,South Delhi,Economy,Premium,2026-07-12,2026-07-16,4,1,5099,Cancelled,Direct,Leisure,0.735,0
DELJUL26-00317,Greater Kailash,Midscale,Standard,2026-07-02,2026-07-04,2,2,6148,Confirmed,Booking.com,Couple,0.394,24593
DELJUL26-00318,Greater Kailash,Midscale,Standard,2026-07-09,2026-07-11,2,3,7708,Confirmed,Goibibo,Couple,0.733,46246
DELJUL26-00319,Rohini,Luxury,Premium,2026-07-07,2026-07-09,2,1,5171,Completed,MakeMyTrip,Group,0.844,10341
DELJUL26-00320,Greater Kailash,Economy,Deluxe,2026-07-02,2026-07-07,5,2,6521,Cancelled,Walk-in,Family,0.4,0
DELJUL26-00321,Paharganj,Midscale,Deluxe,2026-07-24,2026-07-26,2,3,2027,Confirmed,Walk-in,Couple,0.431,12162
DELJUL26-00322,Connaught Place,Midscale,Premium,2026-07-11,2026-07-13,2,3,8319,Completed,Booking.com,Leisure,0.757,49915
DELJUL26-00323,South Delhi,Economy,Standard,2026-07-16,2026-07-18,2,3,2802,Confirmed,Walk-in,Group,0.825,16814
DELJUL26-00324,Rohini,Economy,Standard,2026-07-07,2026-07-08,1,1,3052,Completed,Walk-in,Couple,0.562,3052
DELJUL26-00325,Rohini,Luxury,Standard,2026-07-19,2026-07-20,1,1,8288,Confirmed,MakeMyTrip,Couple,0.791,8288
DELJUL26-00326,Karol Bagh,Budget,Standard,2026-07-05,2026-07-08,3,3,2587,Completed,Goibibo,Business,0.45,23280
DELJUL26-00327,Karol Bagh,Upscale,Deluxe,2026-07-22,2026-07-23,1,3,5256,Cancelled,Booking.com,Leisure,0.616,0
DELJUL26-00328,Aerocity,Budget,Deluxe,2026-07-23,2026-07-27,4,2,4109,Confirmed,Direct,Couple,0.799,32874
DELJUL26-00329,Connaught Place,Upscale,Standard,2026-07-10,2026-07-13,3,3,14168,Confirmed,Booking.com,Couple,0.469,127509
DELJUL26-00330,Dwarka,Budget,Premium,2026-07-07,2026-07-10,3,2,2159,Confirmed,Agoda,Leisure,0.559,12955
DELJUL26-00331,Dwarka,Luxury,Standard,2026-07-25,2026-07-27,2,3,5515,Completed,Goibibo,Group,0.727,33087
DELJUL26-00332,Paharganj,Midscale,Standard,2026-07-07,2026-07-11,4,3,2605,Completed,MakeMyTrip,Leisure,0.558,31257
DELJUL26-00333,Paharganj,Budget,Standard,2026-07-06,2026-07-09,3,3,1245,Confirmed,MakeMyTrip,Couple,0.874,11208
DELJUL26-00334,Lajpat Nagar,Midscale,Deluxe,2026-07-11,2026-07-12,1,2,4467,Cancelled,Agoda,Leisure,0.924,0
DELJUL26-00335,Saket,Midscale,Standard,2026-07-30,2026-08-02,3,1,6444,Completed,Agoda,Couple,0.735,19332
DELJUL26-00336,Lajpat Nagar,Economy,Suite,2026-07-15,2026-07-16,1,3,2951,Confirmed,Goibibo,Family,0.819,8853
DELJUL26-00337,Rohini,Economy,Premium,2026-07-09,2026-07-12,3,2,2738,Completed,Goibibo,Business,0.894,16426
DELJUL26-00338,Paharganj,Midscale,Premium,2026-07-16,2026-07-19,3,2,2056,Confirmed,Direct,Couple,0.771,12334
DELJUL26-00339,Karol Bagh,Midscale,Deluxe,2026-07-11,2026-07-14,3,2,3242,Confirmed,MakeMyTrip,Group,0.814,19452
DELJUL26-00340,Rohini,Economy,Deluxe,2026-07-21,2026-07-23,2,1,1638,Cancelled,Direct,Couple,0.398,0
DELJUL26-00341,South Delhi,Upscale,Premium,2026-07-14,2026-07-17,3,2,11468,Confirmed,Agoda,Couple,0.844,68807
DELJUL26-00342,Karol Bagh,Economy,Deluxe,2026-07-19,2026-07-23,4,2,2491,Completed,MakeMyTrip,Leisure,0.515,19931
DELJUL26-00343,South Delhi,Budget,Standard,2026-07-14,2026-07-19,5,2,3980,Completed,Booking.com,Group,0.392,39803
DELJUL26-00344,Dwarka,Midscale,Standard,2026-07-15,2026-07-20,5,3,2692,Completed,MakeMyTrip,Family,0.704,40375
DELJUL26-00345,Rohini,Budget,Premium,2026-07-14,2026-07-15,1,3,1124,Completed,MakeMyTrip,Leisure,0.486,3372
DELJUL26-00346,Karol Bagh,Economy,Standard,2026-07-13,2026-07-17,4,2,2915,Completed,Walk-in,Family,0.398,23320
DELJUL26-00347,Rohini,Midscale,Premium,2026-07-30,2026-07-31,1,1,2261,Completed,Booking.com,Couple,0.716,2261
DELJUL26-00348,Rohini,Economy,Suite,2026-07-09,2026-07-12,3,3,1586,Completed,Agoda,Couple,0.409,14271
DELJUL26-00349,Connaught Place,Budget,Standard,2026-07-25,2026-07-29,4,3,4502,Completed,Booking.com,Family,0.882,54021
DELJUL26-00350,Connaught Place,Midscale,Standard,2026-07-23,2026-07-26,3,1,7192,Cancelled,Agoda,Business,0.932,0
DELJUL26-00351,Dwarka,Midscale,Standard,2026-07-17,2026-07-22,5,3,3552,Confirmed,Goibibo,Business,0.793,53278
DELJUL26-00352,Aerocity,Upscale,Standard,2026-07-10,2026-07-15,5,2,14776,Confirmed,Goibibo,Couple,0.523,147762
DELJUL26-00353,Karol Bagh,Midscale,Deluxe,2026-07-15,2026-07-20,5,3,4006,Confirmed,Agoda,Group,0.688,60087
DELJUL26-00354,Saket,Economy,Standard,2026-07-27,2026-07-31,4,3,3537,Confirmed,Direct,Couple,0.369,42441
DELJUL26-00355,Rohini,Economy,Standard,2026-07-06,2026-07-10,4,3,2938,Confirmed,Agoda,Couple,0.723,35258
DELJUL26-00356,Rohini,Upscale,Deluxe,2026-07-19,2026-07-24,5,3,5425,Confirmed,Agoda,Couple,0.508,81375
DELJUL26-00357,Connaught Place,Budget,Standard,2026-07-24,2026-07-26,2,1,4167,Confirmed,Booking.com,Family,0.623,8334
DELJUL26-00358,Lajpat Nagar,Budget,Standard,2026-07-20,2026-07-22,2,1,1823,Completed,Direct,Family,0.457,3645
DELJUL26-00359,Aerocity,Upscale,Standard,2026-07-05,2026-07-07,2,1,16835,Completed,Agoda,Family,0.942,33670
DELJUL26-00360,Greater Kailash,Midscale,Premium,2026-07-16,2026-07-20,4,1,6417,Confirmed,Direct,Leisure,0.474,25667
DELJUL26-00361,Lajpat Nagar,Midscale,Standard,2026-07-06,2026-07-08,2,2,3817,Completed,Goibibo,Family,0.6,15267
DELJUL26-00362,Lajpat Nagar,Budget,Standard,2026-07-29,2026-07-30,1,1,2497,Completed,Booking.com,Leisure,0.503,2497
DELJUL26-00363,Karol Bagh,Budget,Standard,2026-07-11,2026-07-15,4,2,1567,Completed,Agoda,Group,0.675,12538
DELJUL26-00364,Lajpat Nagar,Economy,Deluxe,2026-07-14,2026-07-18,4,1,1895,Confirmed,Walk-in,Group,0.893,7579
DELJUL26-00365,Connaught Place,Midscale,Deluxe,2026-07-27,2026-07-30,3,1,7442,Confirmed,Walk-in,Family,0.448,22327
DELJUL26-00366,Dwarka,Economy,Standard,2026-07-14,2026-07-19,5,3,2150,Confirmed,Agoda,Couple,0.434,32249
DELJUL26-00367,Saket,Budget,Deluxe,2026-07-07,2026-07-11,4,3,2839,Completed,Goibibo,Leisure,0.394,34064
DELJUL26-00368,Paharganj,Budget,Deluxe,2026-07-28,2026-08-02,5,2,1638,Completed,Direct,Family,0.704,16384
DELJUL26-00369,Aerocity,Midscale,Premium,2026-07-21,2026-07-23,2,2,11272,Completed,Walk-in,Group,0.711,45088
DELJUL26-00370,Greater Kailash,Midscale,Deluxe,2026-07-19,2026-07-20,1,1,3770,Completed,Walk-in,Family,0.843,3770
DELJUL26-00371,Paharganj,Budget,Deluxe,2026-07-03,2026-07-05,2,2,1829,Completed,Direct,Group,0.852,7314
DELJUL26-00372,South Delhi,Budget,Standard,2026-07-14,2026-07-19,5,3,3174,Cancelled,Agoda,Leisure,0.411,0
DELJUL26-00373,Saket,Economy,Standard,2026-07-15,2026-07-20,5,2,2316,Completed,Direct,Group,0.896,23156
DELJUL26-00374,Paharganj,Budget,Premium,2026-07-09,2026-07-10,1,3,1279,Completed,Goibibo,Business,0.848,3838
DELJUL26-00375,Lajpat Nagar,Midscale,Standard,2026-07-18,2026-07-23,5,2,2738,Confirmed,Booking.com,Leisure,0.738,27377
DELJUL26-00376,Aerocity,Budget,Standard,2026-07-08,2026-07-11,3,2,4424,Completed,Direct,Couple,0.558,26543
DELJUL26-00377,Greater Kailash,Midscale,Deluxe,2026-07-15,2026-07-20,5,3,5856,Confirmed,Booking.com,Couple,0.797,87843
DELJUL26-00378,Greater Kailash,Upscale,Premium,2026-07-25,2026-07-29,4,3,7330,Confirmed,Booking.com,Leisure,0.722,87963
DELJUL26-00379,Paharganj,Luxury,Standard,2026-07-23,2026-07-24,1,1,5777,Completed,MakeMyTrip,Business,0.562,5777
DELJUL26-00380,Karol Bagh,Luxury,Premium,2026-07-09,2026-07-12,3,2,4159,Confirmed,Booking.com,Group,0.358,24955
DELJUL26-00381,Aerocity,Economy,Standard,2026-07-07,2026-07-08,1,3,5269,Confirmed,MakeMyTrip,Leisure,0.705,15806
DELJUL26-00382,Rohini,Budget,Premium,2026-07-01,2026-07-03,2,1,1165,Completed,Goibibo,Leisure,0.696,2331
DELJUL26-00383,Rohini,Economy,Premium,2026-07-11,2026-07-15,4,3,2134,Confirmed,MakeMyTrip,Group,0.443,25610
DELJUL26-00384,Karol Bagh,Midscale,Deluxe,2026-07-01,2026-07-05,4,3,3465,Confirmed,Goibibo,Couple,0.894,41576
DELJUL26-00385,Aerocity,Budget,Premium,2026-07-04,2026-07-08,4,1,6371,Confirmed,MakeMyTrip,Family,0.446,25485
DELJUL26-00386,Connaught Place,Economy,Suite,2026-07-31,2026-08-04,4,1,4923,Cancelled,Booking.com,Business,0.522,0
DELJUL26-00387,Aerocity,Economy,Premium,2026-07-27,2026-07-28,1,3,5073,Confirmed,Direct,Group,0.573,15220
DELJUL26-00388,Lajpat Nagar,Budget,Deluxe,2026-07-18,2026-07-21,3,3,2697,Confirmed,Booking.com,Group,0.76,24272
DELJUL26-00389,Lajpat Nagar,Midscale,Standard,2026-07-25,2026-07-28,3,3,3158,Completed,Booking.com,Leisure,0.399,28420
DELJUL26-00390,Connaught Place,Midscale,Standard,2026-07-16,2026-07-19,3,2,5249,Confirmed,Goibibo,Group,0.771,31497
DELJUL26-00391,Greater Kailash,Midscale,Standard,2026-07-19,2026-07-21,2,1,5028,Completed,Goibibo,Family,0.599,10055
DELJUL26-00392,Connaught Place,Upscale,Deluxe,2026-07-29,2026-08-02,4,3,16127,Confirmed,Walk-in,Business,0.46,193525
DELJUL26-00393,Paharganj,Budget,Standard,2026-07-03,2026-07-07,4,1,1519,Cancelled,Booking.com,Business,0.417,0
DELJUL26-00394,Dwarka,Budget,Premium,2026-07-11,2026-07-14,3,1,1964,Completed,Direct,Family,0.597,5891
DELJUL26-00395,Greater Kailash,Economy,Standard,2026-07-04,2026-07-05,1,3,6951,Confirmed,Agoda,Family,0.618,20853
DELJUL26-00396,Lajpat Nagar,Midscale,Standard,2026-07-25,2026-07-26,1,2,2840,Confirmed,Agoda,Group,0.432,5680
DELJUL26-00397,Aerocity,Midscale,Standard,2026-07-26,2026-07-28,2,3,11961,Confirmed,Booking.com,Leisure,0.639,71768
DELJUL26-00398,Connaught Place,Budget,Standard,2026-07-23,2026-07-26,3,3,3286,Confirmed,Walk-in,Couple,0.651,29572
DELJUL26-00399,Karol Bagh,Luxury,Standard,2026-07-19,2026-07-24,5,3,8576,Confirmed,Goibibo,Leisure,0.939,128646
DELJUL26-00400,Paharganj,Economy,Deluxe,2026-07-15,2026-07-19,4,3,1808,Cancelled,Agoda,Leisure,0.778,0
DELJUL26-00401,Rohini,Economy,Standard,2026-07-01,2026-07-04,3,2,1830,Confirmed,MakeMyTrip,Business,0.357,10981
DELJUL26-00402,Greater Kailash,Midscale,Premium,2026-07-25,2026-07-27,2,3,9241,Confirmed,MakeMyTrip,Couple,0.636,55443
DELJUL26-00403,Paharganj,Luxury,Standard,2026-07-28,2026-07-29,1,3,4187,Confirmed,MakeMyTrip,Business,0.363,12562
DELJUL26-00404,Rohini,Midscale,Deluxe,2026-07-30,2026-07-31,1,1,4538,Completed,Agoda,Business,0.657,4538
DELJUL26-00405,Saket,Luxury,Deluxe,2026-07-11,2026-07-12,1,2,9650,Confirmed,Agoda,Group,0.553,19301
DELJUL26-00406,Dwarka,Budget,Standard,2026-07-07,2026-07-12,5,2,2547,Cancelled,Walk-in,Business,0.892,0
DELJUL26-00407,Saket,Midscale,Standard,2026-07-21,2026-07-22,1,3,9003,Completed,Booking.com,Couple,0.646,27008
DELJUL26-00408,Connaught Place,Upscale,Premium,2026-07-01,2026-07-06,5,2,6979,Confirmed,Agoda,Group,0.86,69790
DELJUL26-00409,Rohini,Midscale,Deluxe,2026-07-02,2026-07-05,3,1,3615,Confirmed,Agoda,Couple,0.7,10846
DELJUL26-00410,Aerocity,Economy,Standard,2026-07-26,2026-07-30,4,1,6686,Confirmed,Direct,Group,0.588,26745
DELJUL26-00411,Connaught Place,Luxury,Deluxe,2026-07-30,2026-08-04,5,3,18198,Cancelled,Agoda,Group,0.488,0
DELJUL26-00412,Karol Bagh,Budget,Standard,2026-07-13,2026-07-17,4,2,1347,Confirmed,Direct,Leisure,0.46,10778
DELJUL26-00413,Karol Bagh,Economy,Standard,2026-07-16,2026-07-17,1,1,2595,Confirmed,Direct,Leisure,0.827,2595
DELJUL26-00414,Connaught Place,Upscale,Standard,2026-07-17,2026-07-22,5,3,13521,Completed,Direct,Business,0.88,202813
DELJUL26-00415,Aerocity,Upscale,Deluxe,2026-07-05,2026-07-06,1,2,11777,Completed,Goibibo,Couple,0.544,23554
DELJUL26-00416,South Delhi,Luxury,Standard,2026-07-07,2026-07-10,3,2,10969,Confirmed,Direct,Business,0.647,65814
DELJUL26-00417,Rohini,Upscale,Deluxe,2026-07-10,2026-07-14,4,2,3159,Completed,Goibibo,Couple,0.523,25269
DELJUL26-00418,Connaught Place,Budget,Standard,2026-07-27,2026-07-29,2,1,6091,Confirmed,Agoda,Group,0.623,12181
DELJUL26-00419,Karol Bagh,Upscale,Standard,2026-07-14,2026-07-18,4,1,2899,Confirmed,Goibibo,Leisure,0.872,11596
DELJUL26-00420,Dwarka,Economy,Standard,2026-07-23,2026-07-27,4,3,3375,Confirmed,Booking.com,Group,0.433,40504
DELJUL26-00421,Rohini,Midscale,Standard,2026-07-07,2026-07-12,5,3,4067,Completed,MakeMyTrip,Family,0.525,60998
DELJUL26-00422,South Delhi,Economy,Premium,2026-07-30,2026-08-04,5,3,3417,Confirmed,Agoda,Group,0.767,51248
DELJUL26-00423,Greater Kailash,Upscale,Deluxe,2026-07-28,2026-07-30,2,3,5863,Completed,MakeMyTrip,Couple,0.536,35178
DELJUL26-00424,Dwarka,Midscale,Standard,2026-07-15,2026-07-19,4,2,3848,Completed,Goibibo,Leisure,0.399,30786
DELJUL26-00425,Saket,Upscale,Standard,2026-07-07,2026-07-12,5,2,5821,Cancelled,Agoda,Group,0.575,0
DELJUL26-00426,Connaught Place,Budget,Standard,2026-07-31,2026-08-01,1,3,4031,Confirmed,Goibibo,Leisure,0.756,12092
DELJUL26-00427,Lajpat Nagar,Budget,Premium,2026-07-26,2026-07-30,4,1,2605,Confirmed,MakeMyTrip,Business,0.94,10419
DELJUL26-00428,Lajpat Nagar,Economy,Deluxe,2026-07-16,2026-07-21,5,3,2777,Completed,Direct,Family,0.885,41650
DELJUL26-00429,Aerocity,Budget,Premium,2026-07-09,2026-07-10,1,1,4414,Confirmed,Agoda,Group,0.687,4414
DELJUL26-00430,Greater Kailash,Midscale,Standard,2026-07-20,2026-07-24,4,1,7705,Cancelled,Booking.com,Leisure,0.816,0
DELJUL26-00431,Aerocity,Economy,Deluxe,2026-07-12,2026-07-13,1,2,8046,Confirmed,MakeMyTrip,Family,0.693,16093
DELJUL26-00432,Greater Kailash,Midscale,Deluxe,2026-07-21,2026-07-24,3,3,5149,Completed,Direct,Leisure,0.646,46337
DELJUL26-00433,Lajpat Nagar,Budget,Deluxe,2026-07-26,2026-07-31,5,2,2286,Completed,Agoda,Business,0.452,22860
DELJUL26-00434,Connaught Place,Budget,Standard,2026-07-16,2026-07-21,5,3,6037,Cancelled,Walk-in,Business,0.525,0
DELJUL26-00435,Saket,Midscale,Standard,2026-07-02,2026-07-06,4,3,7843,Cancelled,Walk-in,Family,0.621,0
DELJUL26-00436,Connaught Place,Economy,Standard,2026-07-18,2026-07-22,4,3,5293,Confirmed,Booking.com,Couple,0.941,63519
DELJUL26-00437,Dwarka,Budget,Suite,2026-07-27,2026-07-29,2,3,1648,Confirmed,Direct,Couple,0.715,9891
DELJUL26-00438,Rohini,Budget,Standard,2026-07-07,2026-07-12,5,1,1036,Confirmed,Direct,Couple,0.917,5179
DELJUL26-00439,Aerocity,Budget,Deluxe,2026-07-30,2026-08-03,4,3,5025,Completed,MakeMyTrip,Leisure,0.505,60301
DELJUL26-00440,Paharganj,Midscale,Premium,2026-07-12,2026-07-17,5,2,1551,Confirmed,Direct,Couple,0.391,15505
DELJUL26-00441,Rohini,Budget,Deluxe,2026-07-22,2026-07-26,4,1,2300,Confirmed,Booking.com,Couple,0.937,9198
DELJUL26-00442,Paharganj,Economy,Standard,2026-07-22,2026-07-23,1,3,1542,Confirmed,Goibibo,Leisure,0.548,4625
DELJUL26-00443,Connaught Place,Midscale,Standard,2026-07-06,2026-07-09,3,1,10114,Confirmed,Direct,Group,0.671,30341
DELJUL26-00444,Saket,Midscale,Deluxe,2026-07-02,2026-07-06,4,2,4772,Completed,Goibibo,Couple,0.393,38175
DELJUL26-00445,Dwarka,Midscale,Premium,2026-07-30,2026-08-03,4,2,3064,Completed,Walk-in,Couple,0.866,24509
DELJUL26-00446,South Delhi,Economy,Suite,2026-07-22,2026-07-24,2,1,4690,Confirmed,Walk-in,Family,0.35,9380
DELJUL26-00447,Paharganj,Luxury,Standard,2026-07-20,2026-07-21,1,2,4304,Confirmed,Walk-in,Couple,0.894,8608
DELJUL26-00448,Rohini,Economy,Premium,2026-07-10,2026-07-15,5,1,2680,Completed,Booking.com,Business,0.449,13400
DELJUL26-00449,Dwarka,Economy,Standard,2026-07-04,2026-07-09,5,3,3534,Completed,Goibibo,Couple,0.46,53004
DELJUL26-00450,Karol Bagh,Upscale,Deluxe,2026-07-09,2026-07-14,5,3,6926,Completed,Direct,Couple,0.845,103886
DELJUL26-00451,Rohini,Midscale,Standard,2026-07-17,2026-07-21,4,3,2067,Completed,Booking.com,Couple,0.582,24799
DELJUL26-00452,Rohini,Midscale,Standard,2026-07-22,2026-07-27,5,2,3118,Completed,Agoda,Couple,0.504,31183
DELJUL26-00453,Saket,Upscale,Deluxe,2026-07-10,2026-07-13,3,1,5277,Completed,Booking.com,Leisure,0.708,15831
DELJUL26-00454,Aerocity,Budget,Standard,2026-07-07,2026-07-11,4,3,6935,Completed,Booking.com,Leisure,0.503,83224
DELJUL26-00455,Dwarka,Upscale,Suite,2026-07-08,2026-07-11,3,1,5700,Cancelled,MakeMyTrip,Family,0.522,0
DELJUL26-00456,Dwarka,Midscale,Standard,2026-07-30,2026-08-03,4,2,3017,Completed,Booking.com,Group,0.377,24137
DELJUL26-00457,Connaught Place,Economy,Premium,2026-07-20,2026-07-21,1,1,3848,Completed,Agoda,Business,0.674,3848
DELJUL26-00458,South Delhi,Economy,Standard,2026-07-31,2026-08-02,2,3,2963,Confirmed,Walk-in,Family,0.428,17780
DELJUL26-00459,Lajpat Nagar,Budget,Standard,2026-07-01,2026-07-03,2,1,2034,Confirmed,Goibibo,Group,0.852,4069
DELJUL26-00460,Connaught Place,Luxury,Standard,2026-07-15,2026-07-18,3,1,23045,Completed,Goibibo,Couple,0.801,69135
DELJUL26-00461,Greater Kailash,Budget,Deluxe,2026-07-15,2026-07-20,5,3,3931,Cancelled,Agoda,Leisure,0.521,0
DELJUL26-00462,Connaught Place,Economy,Premium,2026-07-13,2026-07-14,1,3,8379,Confirmed,MakeMyTrip,Group,0.67,25138
DELJUL26-00463,Greater Kailash,Midscale,Standard,2026-07-13,2026-07-17,4,3,4898,Confirmed,MakeMyTrip,Group,0.696,58778
DELJUL26-00464,Saket,Midscale,Standard,2026-07-03,2026-07-08,5,3,6980,Confirmed,Walk-in,Couple,0.75,104706
DELJUL26-00465,Aerocity,Budget,Standard,2026-07-01,2026-07-05,4,1,4683,Confirmed,MakeMyTrip,Couple,0.601,18731
DELJUL26-00466,Rohini,Upscale,Deluxe,2026-07-25,2026-07-29,4,2,4324,Cancelled,Booking.com,Family,0.742,0
DELJUL26-00467,Connaught Place,Midscale,Deluxe,2026-07-14,2026-07-15,1,3,6748,Cancelled,Direct,Couple,0.452,0
DELJUL26-00468,Dwarka,Upscale,Premium,2026-07-06,2026-07-10,4,1,3749,Cancelled,Direct,Business,0.633,0
DELJUL26-00469,Connaught Place,Budget,Standard,2026-07-11,2026-07-13,2,3,3924,Confirmed,Agoda,Couple,0.406,23542
DELJUL26-00470,Rohini,Budget,Standard,2026-07-29,2026-07-31,2,3,1164,Confirmed,Booking.com,Family,0.915,6986
DELJUL26-00471,Greater Kailash,Midscale,Standard,2026-07-15,2026-07-20,5,3,5512,Confirmed,Agoda,Couple,0.591,82676
DELJUL26-00472,Lajpat Nagar,Budget,Premium,2026-07-31,2026-08-04,4,3,2372,Confirmed,Direct,Group,0.72,28461
DELJUL26-00473,Saket,Midscale,Deluxe,2026-07-06,2026-07-11,5,3,4549,Completed,Agoda,Couple,0.644,68242
DELJUL26-00474,Saket,Budget,Standard,2026-07-04,2026-07-07,3,2,4947,Confirmed,MakeMyTrip,Group,0.366,29684
DELJUL26-00475,South Delhi,Upscale,Premium,2026-07-18,2026-07-20,2,1,7875,Completed,Agoda,Family,0.388,15751
DELJUL26-00476,Greater Kailash,Upscale,Deluxe,2026-07-22,2026-07-27,5,2,9520,Completed,Agoda,Couple,0.509,95201
DELJUL26-00477,Lajpat Nagar,Upscale,Standard,2026-07-31,2026-08-04,4,3,6330,Confirmed,Goibibo,Business,0.755,75963
DELJUL26-00478,Aerocity,Luxury,Standard,2026-07-15,2026-07-20,5,3,22520,Confirmed,Walk-in,Couple,0.735,337800
DELJUL26-00479,South Delhi,Upscale,Premium,2026-07-07,2026-07-08,1,1,9590,Confirmed,Walk-in,Business,0.463,9590
DELJUL26-00480,Connaught Place,Economy,Deluxe,2026-07-17,2026-07-20,3,3,8341,Confirmed,Agoda,Couple,0.643,75073
DELJUL26-00481,Karol Bagh,Economy,Standard,2026-07-10,2026-07-15,5,1,2689,Completed,MakeMyTrip,Leisure,0.57,13443
DELJUL26-00482,Lajpat Nagar,Upscale,Standard,2026-07-06,2026-07-11,5,2,3932,Completed,Walk-in,Couple,0.691,39321
DELJUL26-00483,Karol Bagh,Upscale,Standard,2026-07-03,2026-07-07,4,2,3597,Completed,Walk-in,Business,0.551,28773
DELJUL26-00484,Greater Kailash,Luxury,Deluxe,2026-07-23,2026-07-24,1,2,14519,Completed,MakeMyTrip,Business,0.888,29037
DELJUL26-00485,Saket,Upscale,Standard,2026-07-20,2026-07-23,3,2,5009,Completed,Booking.com,Business,0.633,30054
DELJUL26-00486,Karol Bagh,Budget,Standard,2026-07-06,2026-07-07,1,1,1673,Completed,Booking.com,Family,0.606,1673
DELJUL26-00487,Paharganj,Luxury,Standard,2026-07-18,2026-07-23,5,1,3895,Confirmed,Walk-in,Leisure,0.772,19475
DELJUL26-00488,Dwarka,Luxury,Suite,2026-07-28,2026-08-01,4,3,6618,Confirmed,Direct,Family,0.818,79419
DELJUL26-00489,Greater Kailash,Midscale,Standard,2026-07-26,2026-07-27,1,2,4986,Confirmed,Direct,Leisure,0.613,9971
DELJUL26-00490,South Delhi,Upscale,Standard,2026-07-15,2026-07-19,4,3,9093,Confirmed,Goibibo,Family,0.415,109110
DELJUL26-00491,Rohini,Midscale,Standard,2026-07-02,2026-07-06,4,3,3512,Cancelled,Walk-in,Business,0.401,0
DELJUL26-00492,Lajpat Nagar,Luxury,Deluxe,2026-07-20,2026-07-21,1,2,9705,Confirmed,Booking.com,Family,0.546,19410
DELJUL26-00493,Greater Kailash,Budget,Premium,2026-07-17,2026-07-18,1,1,2951,Completed,Goibibo,Leisure,0.79,2951
DELJUL26-00494,South Delhi,Upscale,Suite,2026-07-29,2026-07-31,2,1,8596,Confirmed,Direct,Group,0.742,17191
DELJUL26-00495,Karol Bagh,Budget,Standard,2026-07-18,2026-07-19,1,2,2266,Completed,Agoda,Leisure,0.523,4531
DELJUL26-00496,Saket,Economy,Standard,2026-07-23,2026-07-26,3,1,4239,Confirmed,Walk-in,Group,0.353,12718
DELJUL26-00497,Connaught Place,Budget,Standard,2026-07-17,2026-07-22,5,2,5377,Confirmed,Goibibo,Business,0.736,53766
DELJUL26-00498,Paharganj,Economy,Deluxe,2026-07-17,2026-07-18,1,1,1479,Completed,Direct,Group,0.689,1479
DELJUL26-00499,Rohini,Budget,Deluxe,2026-07-10,2026-07-14,4,2,2397,Confirmed,Direct,Family,0.813,19172
DELJUL26-00500,Saket,Luxury,Standard,2026-07-13,2026-07-16,3,3,8087,Completed,Agoda,Group,0.762,72785
DELJUL26-00501,Connaught Place,Midscale,Deluxe,2026-07-10,2026-07-15,5,2,9551,Completed,Direct,Family,0.498,95506
DELJUL26-00502,South Delhi,Upscale,Standard,2026-07-15,2026-07-18,3,3,10412,Confirmed,Direct,Couple,0.79,93705
DELJUL26-00503,Rohini,Economy,Deluxe,2026-07-30,2026-08-03,4,2,1905,Confirmed,Walk-in,Couple,0.642,15239
DELJUL26-00504,Lajpat Nagar,Budget,Standard,2026-07-11,2026-07-16,5,2,2592,Confirmed,Goibibo,Couple,0.695,25918
DELJUL26-00505,Karol Bagh,Upscale,Standard,2026-07-15,2026-07-16,1,2,3216,Confirmed,Goibibo,Family,0.564,6431
DELJUL26-00506,Saket,Midscale,Standard,2026-07-30,2026-08-01,2,1,7543,Completed,Agoda,Business,0.824,15087
DELJUL26-00507,Dwarka,Midscale,Standard,2026-07-05,2026-07-07,2,2,4071,Completed,MakeMyTrip,Group,0.468,16286
DELJUL26-00508,Karol Bagh,Upscale,Standard,2026-07-08,2026-07-09,1,1,3313,Confirmed,Booking.com,Group,0.473,3313
DELJUL26-00509,Karol Bagh,Upscale,Deluxe,2026-07-16,2026-07-20,4,1,3523,Completed,Goibibo,Couple,0.492,14093
DELJUL26-00510,Karol Bagh,Midscale,Deluxe,2026-07-13,2026-07-14,1,3,4173,Completed,Direct,Business,0.824,12519
DELJUL26-00511,Rohini,Luxury,Deluxe,2026-07-11,2026-07-13,2,1,4820,Confirmed,Booking.com,Family,0.787,9640
DELJUL26-00512,Greater Kailash,Midscale,Standard,2026-07-25,2026-07-26,1,1,8713,Confirmed,Goibibo,Couple,0.512,8713
DELJUL26-00513,Lajpat Nagar,Midscale,Premium,2026-07-16,2026-07-20,4,2,5485,Completed,Walk-in,Leisure,0.436,43882
DELJUL26-00514,Lajpat Nagar,Economy,Premium,2026-07-12,2026-07-16,4,2,3199,Completed,Goibibo,Leisure,0.367,25588
DELJUL26-00515,Rohini,Budget,Deluxe,2026-07-15,2026-07-18,3,1,1220,Confirmed,Agoda,Family,0.76,3661
DELJUL26-00516,Connaught Place,Budget,Deluxe,2026-07-28,2026-07-31,3,3,4524,Cancelled,Booking.com,Family,0.673,0
DELJUL26-00517,Lajpat Nagar,Upscale,Premium,2026-07-31,2026-08-03,3,3,7625,Confirmed,Direct,Group,0.771,68625
DELJUL26-00518,Aerocity,Midscale,Deluxe,2026-07-08,2026-07-09,1,2,7434,Completed,MakeMyTrip,Business,0.775,14868
DELJUL26-00519,Saket,Economy,Standard,2026-07-02,2026-07-04,2,2,3720,Completed,Agoda,Business,0.857,14878
DELJUL26-00520,Dwarka,Midscale,Deluxe,2026-07-01,2026-07-06,5,3,2646,Confirmed,Direct,Couple,0.6,39693
DELJUL26-00521,Paharganj,Budget,Standard,2026-07-14,2026-07-15,1,3,1515,Completed,Walk-in,Group,0.846,4545
DELJUL26-00522,Connaught Place,Economy,Premium,2026-07-20,2026-07-24,4,1,6875,Confirmed,Booking.com,Group,0.611,27499
DELJUL26-00523,Connaught Place,Luxury,Deluxe,2026-07-02,2026-07-03,1,1,15655,Completed,Agoda,Couple,0.775,15655
DELJUL26-00524,Lajpat Nagar,Economy,Suite,2026-07-16,2026-07-17,1,1,2792,Completed,Walk-in,Leisure,0.681,2792
DELJUL26-00525,Paharganj,Budget,Standard,2026-07-13,2026-07-15,2,1,1112,Confirmed,Goibibo,Couple,0.903,2224
DELJUL26-00526,Paharganj,Economy,Deluxe,2026-07-29,2026-07-31,2,3,1247,Confirmed,Booking.com,Leisure,0.572,7483
DELJUL26-00527,Rohini,Economy,Deluxe,2026-07-19,2026-07-21,2,2,1719,Confirmed,Booking.com,Couple,0.764,6877
DELJUL26-00528,Connaught Place,Midscale,Premium,2026-07-14,2026-07-19,5,3,10006,Completed,MakeMyTrip,Group,0.709,150088
DELJUL26-00529,Rohini,Luxury,Premium,2026-07-19,2026-07-24,5,3,5772,Completed,Walk-in,Couple,0.949,86575
DELJUL26-00530,Rohini,Midscale,Standard,2026-07-05,2026-07-09,4,3,2513,Confirmed,Agoda,Business,0.396,30155
DELJUL26-00531,Dwarka,Midscale,Suite,2026-07-15,2026-07-16,1,3,3893,Completed,Goibibo,Business,0.709,11679
DELJUL26-00532,Connaught Place,Economy,Suite,2026-07-11,2026-07-16,5,2,3524,Completed,Agoda,Couple,0.489,35244
DELJUL26-00533,Connaught Place,Midscale,Suite,2026-07-06,2026-07-11,5,3,5448,Confirmed,Direct,Couple,0.881,81714
DELJUL26-00534,Karol Bagh,Economy,Deluxe,2026-07-13,2026-07-14,1,1,1895,Confirmed,Direct,Group,0.827,1895
DELJUL26-00535,Dwarka,Budget,Premium,2026-07-20,2026-07-22,2,1,2414,Cancelled,Goibibo,Leisure,0.747,0
DELJUL26-00536,Connaught Place,Upscale,Standard,2026-07-19,2026-07-23,4,2,12994,Confirmed,Goibibo,Couple,0.638,103952
DELJUL26-00537,Saket,Economy,Standard,2026-07-30,2026-07-31,1,3,5581,Completed,Booking.com,Group,0.759,16743
DELJUL26-00538,Connaught Place,Economy,Standard,2026-07-09,2026-07-10,1,1,3523,Completed,Goibibo,Leisure,0.683,3523
DELJUL26-00539,Dwarka,Budget,Deluxe,2026-07-22,2026-07-26,4,2,1331,Confirmed,Direct,Family,0.522,10646
DELJUL26-00540,Aerocity,Upscale,Suite,2026-07-18,2026-07-20,2,1,16742,Confirmed,Booking.com,Couple,0.842,33484
DELJUL26-00541,Greater Kailash,Budget,Deluxe,2026-07-28,2026-07-31,3,3,3707,Confirmed,Walk-in,Family,0.658,33364
DELJUL26-00542,Aerocity,Economy,Standard,2026-07-29,2026-08-02,4,2,9320,Cancelled,Direct,Group,0.504,0
DELJUL26-00543,Connaught Place,Upscale,Premium,2026-07-22,2026-07-25,3,1,11281,Confirmed,Goibibo,Couple,0.749,33844
DELJUL26-00544,Connaught Place,Economy,Deluxe,2026-07-14,2026-07-18,4,1,5924,Completed,Walk-in,Business,0.361,23696
DELJUL26-00545,Lajpat Nagar,Luxury,Standard,2026-07-17,2026-07-18,1,2,10812,Completed,Agoda,Couple,0.782,21624
DELJUL26-00546,Aerocity,Budget,Deluxe,2026-07-21,2026-07-22,1,1,7660,Completed,MakeMyTrip,Couple,0.632,7660
DELJUL26-00547,Saket,Midscale,Deluxe,2026-07-25,2026-07-27,2,1,6021,Confirmed,Booking.com,Couple,0.731,12042
DELJUL26-00548,Dwarka,Luxury,Deluxe,2026-07-08,2026-07-10,2,1,8530,Confirmed,Direct,Business,0.444,17059
DELJUL26-00549,Dwarka,Midscale,Premium,2026-07-28,2026-07-30,2,1,5667,Completed,Direct,Group,0.781,11333
DELJUL26-00550,South Delhi,Midscale,Standard,2026-07-25,2026-07-29,4,2,4680,Confirmed,Goibibo,Group,0.784,37442
DELJUL26-00551,Lajpat Nagar,Economy,Standard,2026-07-03,2026-07-04,1,3,3463,Confirmed,Goibibo,Business,0.795,10389
DELJUL26-00552,Paharganj,Upscale,Deluxe,2026-07-09,2026-07-10,1,3,2693,Completed,MakeMyTrip,Business,0.63,8078
DELJUL26-00553,Lajpat Nagar,Upscale,Premium,2026-07-08,2026-07-10,2,2,5362,Completed,Booking.com,Business,0.734,21449
DELJUL26-00554,Paharganj,Midscale,Standard,2026-07-18,2026-07-20,2,3,3206,Completed,Direct,Business,0.68,19236
DELJUL26-00555,Rohini,Luxury,Premium,2026-07-07,2026-07-08,1,3,5891,Confirmed,Direct,Leisure,0.49,17673
DELJUL26-00556,Dwarka,Midscale,Deluxe,2026-07-10,2026-07-11,1,1,3403,Completed,Booking.com,Leisure,0.364,3403
DELJUL26-00557,Greater Kailash,Midscale,Standard,2026-07-06,2026-07-09,3,3,6078,Confirmed,Walk-in,Couple,0.598,54706
DELJUL26-00558,Lajpat Nagar,Economy,Standard,2026-07-03,2026-07-04,1,1,2260,Confirmed,Booking.com,Group,0.839,2260
DELJUL26-00559,Greater Kailash,Midscale,Standard,2026-07-15,2026-07-16,1,3,4927,Confirmed,Direct,Leisure,0.543,14782
DELJUL26-00560,Lajpat Nagar,Upscale,Standard,2026-07-10,2026-07-15,5,3,4537,Completed,Goibibo,Family,0.799,68059
DELJUL26-00561,Dwarka,Midscale,Standard,2026-07-16,2026-07-17,1,1,3759,Confirmed,Direct,Business,0.734,3759
DELJUL26-00562,Aerocity,Budget,Deluxe,2026-07-07,2026-07-08,1,1,6011,Completed,MakeMyTrip,Business,0.562,6011
DELJUL26-00563,Saket,Midscale,Deluxe,2026-07-09,2026-07-10,1,2,4852,Completed,Agoda,Family,0.35,9704
DELJUL26-00564,Connaught Place,Upscale,Deluxe,2026-07-28,2026-07-31,3,3,15734,Completed,Direct,Leisure,0.609,141606
DELJUL26-00565,Lajpat Nagar,Luxury,Standard,2026-07-25,2026-07-29,4,2,6918,Confirmed,Walk-in,Leisure,0.586,55341
DELJUL26-00566,Karol Bagh,Budget,Standard,2026-07-09,2026-07-13,4,1,1614,Completed,Goibibo,Group,0.433,6455
DELJUL26-00567,Karol Bagh,Budget,Premium,2026-07-06,2026-07-10,4,2,1996,Cancelled,Walk-in,Family,0.841,0
DELJUL26-00568,Karol Bagh,Economy,Premium,2026-07-31,2026-08-01,1,2,2232,Confirmed,Agoda,Leisure,0.923,4463
DELJUL26-00569,South Delhi,Budget,Deluxe,2026-07-22,2026-07-24,2,3,3829,Confirmed,Walk-in,Group,0.423,22973
DELJUL26-00570,Dwarka,Luxury,Standard,2026-07-16,2026-07-20,4,1,7357,Completed,Goibibo,Couple,0.489,29430
DELJUL26-00571,Rohini,Economy,Premium,2026-07-22,2026-07-26,4,1,1443,Completed,Direct,Couple,0.729,5773
DELJUL26-00572,Saket,Midscale,Premium,2026-07-07,2026-07-09,2,3,7436,Completed,Direct,Couple,0.921,44615
DELJUL26-00573,Karol Bagh,Budget,Standard,2026-07-14,2026-07-19,5,3,2505,Confirmed,Booking.com,Family,0.91,37577
DELJUL26-00574,Aerocity,Economy,Standard,2026-07-13,2026-07-18,5,2,7851,Confirmed,Direct,Couple,0.909,78507
DELJUL26-00575,Aerocity,Luxury,Standard,2026-07-23,2026-07-27,4,3,20885,Confirmed,Agoda,Business,0.614,250624
DELJUL26-00576,Paharganj,Economy,Deluxe,2026-07-06,2026-07-10,4,1,2993,Completed,Walk-in,Couple,0.942,11972
DELJUL26-00577,Rohini,Budget,Deluxe,2026-07-16,2026-07-21,5,1,1395,Completed,Goibibo,Group,0.569,6974
DELJUL26-00578,Dwarka,Budget,Standard,2026-07-26,2026-07-30,4,2,2406,Completed,Booking.com,Group,0.402,19244
DELJUL26-00579,Lajpat Nagar,Luxury,Standard,2026-07-07,2026-07-10,3,3,9231,Cancelled,Walk-in,Family,0.773,0
DELJUL26-00580,Connaught Place,Luxury,Standard,2026-07-04,2026-07-06,2,2,14323,Confirmed,Booking.com,Leisure,0.684,57290
DELJUL26-00581,Aerocity,Budget,Deluxe,2026-07-26,2026-07-28,2,2,4497,Completed,Walk-in,Leisure,0.83,17989
DELJUL26-00582,Lajpat Nagar,Midscale,Deluxe,2026-07-28,2026-08-02,5,3,2780,Confirmed,Agoda,Family,0.723,41699
DELJUL26-00583,Connaught Place,Budget,Standard,2026-07-14,2026-07-16,2,1,4516,Confirmed,MakeMyTrip,Couple,0.842,9031
DELJUL26-00584,Aerocity,Midscale,Deluxe,2026-07-02,2026-07-06,4,2,12124,Confirmed,Agoda,Leisure,0.556,96994
DELJUL26-00585,Saket,Budget,Suite,2026-07-17,2026-07-20,3,3,4001,Confirmed,Goibibo,Family,0.523,36008
DELJUL26-00586,Rohini,Upscale,Standard,2026-07-10,2026-07-12,2,1,3601,Confirmed,Walk-in,Family,0.804,7201
DELJUL26-00587,South Delhi,Luxury,Deluxe,2026-07-19,2026-07-22,3,2,9816,Completed,Goibibo,Family,0.649,58898
DELJUL26-00588,Aerocity,Budget,Standard,2026-07-05,2026-07-06,1,2,4755,Completed,MakeMyTrip,Family,0.458,9510
DELJUL26-00589,Lajpat Nagar,Economy,Standard,2026-07-25,2026-07-29,4,1,3443,Completed,Direct,Business,0.575,13772
DELJUL26-00590,Lajpat Nagar,Budget,Premium,2026-07-22,2026-07-23,1,1,3176,Confirmed,Walk-in,Family,0.83,3176
DELJUL26-00591,Lajpat Nagar,Economy,Suite,2026-07-21,2026-07-22,1,2,3672,Completed,Agoda,Family,0.904,7343
DELJUL26-00592,Rohini,Budget,Standard,2026-07-16,2026-07-18,2,3,2218,Confirmed,Direct,Group,0.806,13310
DELJUL26-00593,Karol Bagh,Economy,Standard,2026-07-07,2026-07-10,3,2,3428,Confirmed,Goibibo,Business,0.781,20566
DELJUL26-00594,Rohini,Luxury,Standard,2026-07-30,2026-08-01,2,3,8458,Confirmed,Agoda,Group,0.837,50750
DELJUL26-00595,Paharganj,Budget,Deluxe,2026-07-09,2026-07-14,5,3,1396,Confirmed,Agoda,Group,0.47,20935
DELJUL26-00596,Lajpat Nagar,Upscale,Standard,2026-07-12,2026-07-17,5,1,3605,Completed,Booking.com,Business,0.698,18027
DELJUL26-00597,Dwarka,Budget,Standard,2026-07-29,2026-07-31,2,3,1169,Completed,Direct,Family,0.707,7014
DELJUL26-00598,Greater Kailash,Midscale,Standard,2026-07-02,2026-07-07,5,2,5371,Confirmed,Walk-in,Couple,0.918,53710
DELJUL26-00599,South Delhi,Economy,Deluxe,2026-07-04,2026-07-05,1,2,4406,Completed,MakeMyTrip,Family,0.359,8813
DELJUL26-00600,South Delhi,Luxury,Premium,2026-07-24,2026-07-25,1,3,9519,Confirmed,Walk-in,Couple,0.932,28556
DELJUL26-00601,South Delhi,Budget,Standard,2026-07-12,2026-07-14,2,1,4374,Confirmed,MakeMyTrip,Business,0.786,8749
DELJUL26-00602,Greater Kailash,Budget,Deluxe,2026-07-18,2026-07-23,5,1,2464,Completed,Agoda,Group,0.363,12322
DELJUL26-00603,Greater Kailash,Midscale,Premium,2026-07-18,2026-07-21,3,3,8564,Completed,Booking.com,Couple,0.661,77072
DELJUL26-00604,Connaught Place,Midscale,Standard,2026-07-26,2026-07-30,4,2,10063,Completed,Goibibo,Leisure,0.392,80504
DELJUL26-00605,Lajpat Nagar,Midscale,Premium,2026-07-20,2026-07-24,4,2,4242,Confirmed,Goibibo,Business,0.712,33934
DELJUL26-00606,Dwarka,Budget,Deluxe,2026-07-14,2026-07-17,3,2,2496,Cancelled,Booking.com,Couple,0.621,0
DELJUL26-00607,Paharganj,Economy,Deluxe,2026-07-18,2026-07-23,5,2,1935,Confirmed,Agoda,Business,0.813,19346
DELJUL26-00608,Dwarka,Upscale,Deluxe,2026-07-23,2026-07-28,5,2,5322,Confirmed,MakeMyTrip,Family,0.698,53217
DELJUL26-00609,Rohini,Midscale,Standard,2026-07-12,2026-07-15,3,2,2410,Confirmed,Goibibo,Couple,0.822,14460
DELJUL26-00610,Lajpat Nagar,Midscale,Standard,2026-07-06,2026-07-10,4,2,4718,Confirmed,Direct,Business,0.571,37747
DELJUL26-00611,Lajpat Nagar,Economy,Standard,2026-07-16,2026-07-20,4,1,2489,Confirmed,Direct,Group,0.864,9956
DELJUL26-00612,Saket,Economy,Deluxe,2026-07-31,2026-08-03,3,2,3149,Confirmed,Agoda,Couple,0.87,18897
DELJUL26-00613,Greater Kailash,Luxury,Premium,2026-07-04,2026-07-05,1,3,13083,Completed,Walk-in,Family,0.743,39249
DELJUL26-00614,Paharganj,Midscale,Standard,2026-07-06,2026-07-08,2,3,2646,Confirmed,Direct,Business,0.508,15879
DELJUL26-00615,South Delhi,Budget,Standard,2026-07-31,2026-08-05,5,2,3142,Confirmed,Direct,Business,0.945,31424
DELJUL26-00616,South Delhi,Luxury,Standard,2026-07-26,2026-07-28,2,2,16463,Completed,Booking.com,Leisure,0.841,65853
DELJUL26-00617,Karol Bagh,Midscale,Premium,2026-07-04,2026-07-08,4,2,2681,Completed,Direct,Leisure,0.861,21450
DELJUL26-00618,Karol Bagh,Economy,Standard,2026-07-07,2026-07-12,5,3,3475,Confirmed,Booking.com,Couple,0.357,52128
DELJUL26-00619,Aerocity,Economy,Premium,2026-07-22,2026-07-26,4,1,6541,Confirmed,Agoda,Couple,0.846,26166
DELJUL26-00620,Connaught Place,Midscale,Standard,2026-07-25,2026-07-27,2,2,6516,Confirmed,Agoda,Leisure,0.481,26063
DELJUL26-00621,Saket,Economy,Standard,2026-07-23,2026-07-28,5,3,2927,Completed,Goibibo,Family,0.655,43907
DELJUL26-00622,Saket,Midscale,Standard,2026-07-27,2026-07-28,1,2,5225,Confirmed,MakeMyTrip,Business,0.773,10449
DELJUL26-00623,Connaught Place,Midscale,Standard,2026-07-16,2026-07-20,4,2,6424,Confirmed,Direct,Couple,0.596,51394
DELJUL26-00624,Saket,Budget,Standard,2026-07-28,2026-07-30,2,1,3585,Completed,Goibibo,Family,0.496,7170
DELJUL26-00625,South Delhi,Luxury,Premium,2026-07-19,2026-07-23,4,3,11409,Completed,Walk-in,Couple,0.65,136904
DELJUL26-00626,Karol Bagh,Economy,Deluxe,2026-07-15,2026-07-18,3,2,1869,Confirmed,Booking.com,Couple,0.53,11216
DELJUL26-00627,Paharganj,Economy,Standard,2026-07-20,2026-07-23,3,2,2169,Confirmed,Goibibo,Leisure,0.719,13016
DELJUL26-00628,Paharganj,Midscale,Deluxe,2026-07-14,2026-07-16,2,2,1962,Confirmed,MakeMyTrip,Couple,0.416,7846
DELJUL26-00629,Dwarka,Midscale,Standard,2026-07-19,2026-07-22,3,3,4347,Confirmed,MakeMyTrip,Group,0.595,39121
DELJUL26-00630,Paharganj,Economy,Deluxe,2026-07-26,2026-07-31,5,1,2447,Confirmed,Goibibo,Group,0.705,12234
DELJUL26-00631,Greater Kailash,Midscale,Premium,2026-07-30,2026-08-04,5,3,6417,Completed,Booking.com,Couple,0.944,96261
DELJUL26-00632,Paharganj,Upscale,Suite,2026-07-18,2026-07-21,3,1,5270,Completed,Booking.com,Family,0.647,15811
DELJUL26-00633,Saket,Upscale,Deluxe,2026-07-01,2026-07-06,5,1,5138,Completed,Direct,Family,0.606,25692
DELJUL26-00634,Paharganj,Upscale,Standard,2026-07-20,2026-07-25,5,2,2298,Completed,Agoda,Leisure,0.944,22976
DELJUL26-00635,Connaught Place,Economy,Standard,2026-07-08,2026-07-12,4,3,6098,Cancelled,Walk-in,Couple,0.905,0
DELJUL26-00636,South Delhi,Economy,Standard,2026-07-08,2026-07-11,3,1,6932,Confirmed,MakeMyTrip,Leisure,0.754,20797
DELJUL26-00637,Karol Bagh,Midscale,Standard,2026-07-28,2026-07-29,1,3,4026,Completed,Goibibo,Business,0.677,12079
DELJUL26-00638,Karol Bagh,Budget,Standard,2026-07-14,2026-07-17,3,2,1184,Confirmed,Walk-in,Family,0.513,7104
DELJUL26-00639,Greater Kailash,Upscale,Standard,2026-07-25,2026-07-27,2,1,10001,Confirmed,Agoda,Family,0.724,20001
DELJUL26-00640,Rohini,Economy,Suite,2026-07-12,2026-07-13,1,2,2164,Confirmed,Booking.com,Business,0.85,4328
DELJUL26-00641,South Delhi,Economy,Premium,2026-07-19,2026-07-24,5,2,4507,Completed,Agoda,Couple,0.939,45072
DELJUL26-00642,Rohini,Economy,Standard,2026-07-21,2026-07-23,2,2,1394,Completed,MakeMyTrip,Group,0.453,5574
DELJUL26-00643,Lajpat Nagar,Economy,Suite,2026-07-28,2026-08-01,4,3,3725,Confirmed,Walk-in,Group,0.514,44704
DELJUL26-00644,Saket,Economy,Premium,2026-07-07,2026-07-12,5,3,3079,Confirmed,Walk-in,Family,0.881,46180
DELJUL26-00645,Greater Kailash,Midscale,Standard,2026-07-18,2026-07-21,3,1,7900,Completed,Direct,Family,0.867,23701
DELJUL26-00646,Paharganj,Midscale,Premium,2026-07-13,2026-07-17,4,3,2580,Confirmed,Walk-in,Family,0.78,30954
DELJUL26-00647,Saket,Economy,Suite,2026-07-15,2026-07-19,4,1,6131,Confirmed,Booking.com,Group,0.412,24522
DELJUL26-00648,Dwarka,Budget,Deluxe,2026-07-27,2026-07-30,3,3,2135,Completed,MakeMyTrip,Group,0.774,19214
DELJUL26-00649,Rohini,Upscale,Premium,2026-07-05,2026-07-10,5,3,4995,Completed,Agoda,Leisure,0.631,74928
DELJUL26-00650,Lajpat Nagar,Budget,Standard,2026-07-17,2026-07-22,5,3,1552,Confirmed,Direct,Couple,0.573,23273
DELJUL26-00651,Saket,Midscale,Deluxe,2026-07-13,2026-07-15,2,1,3754,Confirmed,Direct,Leisure,0.5,7508
DELJUL26-00652,South Delhi,Midscale,Deluxe,2026-07-28,2026-08-02,5,1,7897,Completed,MakeMyTrip,Couple,0.541,39486
DELJUL26-00653,Karol Bagh,Midscale,Deluxe,2026-07-07,2026-07-08,1,3,3092,Confirmed,Goibibo,Business,0.671,9277
DELJUL26-00654,Lajpat Nagar,Upscale,Standard,2026-07-08,2026-07-09,1,1,4061,Completed,Goibibo,Family,0.447,4061
DELJUL26-00655,Dwarka,Midscale,Deluxe,2026-07-03,2026-07-06,3,2,3097,Completed,Walk-in,Couple,0.656,18582
DELJUL26-00656,Dwarka,Luxury,Premium,2026-07-14,2026-07-18,4,1,6994,Completed,Booking.com,Business,0.379,27976
DELJUL26-00657,Greater Kailash,Upscale,Premium,2026-07-01,2026-07-04,3,1,5724,Confirmed,Agoda,Leisure,0.596,17172
DELJUL26-00658,South Delhi,Budget,Standard,2026-07-16,2026-07-20,4,1,2331,Confirmed,Booking.com,Family,0.926,9322
DELJUL26-00659,Aerocity,Budget,Standard,2026-07-07,2026-07-09,2,1,7671,Confirmed,MakeMyTrip,Group,0.793,15341
DELJUL26-00660,Karol Bagh,Economy,Standard,2026-07-13,2026-07-18,5,3,1983,Confirmed,Goibibo,Leisure,0.391,29751
DELJUL26-00661,Connaught Place,Economy,Deluxe,2026-07-19,2026-07-24,5,1,6995,Confirmed,MakeMyTrip,Business,0.763,34974
DELJUL26-00662,Greater Kailash,Midscale,Standard,2026-07-22,2026-07-23,1,3,8043,Confirmed,Booking.com,Family,0.468,24130
DELJUL26-00663,Aerocity,Budget,Premium,2026-07-02,2026-07-05,3,1,4745,Confirmed,Booking.com,Business,0.634,14235
DELJUL26-00664,Karol Bagh,Budget,Deluxe,2026-07-05,2026-07-07,2,2,2071,Completed,Walk-in,Group,0.527,8282
DELJUL26-00665,Dwarka,Economy,Standard,2026-07-10,2026-07-14,4,1,2808,Confirmed,Walk-in,Family,0.91,11234
DELJUL26-00666,South Delhi,Midscale,Deluxe,2026-07-17,2026-07-20,3,3,8101,Confirmed,Direct,Family,0.383,72905
DELJUL26-00667,Dwarka,Midscale,Standard,2026-07-28,2026-07-30,2,1,2253,Confirmed,Booking.com,Leisure,0.879,4506
DELJUL26-00668,Lajpat Nagar,Luxury,Standard,2026-07-05,2026-07-07,2,3,5769,Completed,Walk-in,Leisure,0.771,34615
DELJUL26-00669,Rohini,Budget,Standard,2026-07-03,2026-07-05,2,3,1072,Confirmed,Direct,Leisure,0.568,6432
DELJUL26-00670,Connaught Place,Economy,Deluxe,2026-07-20,2026-07-21,1,2,5805,Completed,Goibibo,Leisure,0.878,11609
DELJUL26-00671,Rohini,Luxury,Premium,2026-07-31,2026-08-01,1,2,9114,Confirmed,Booking.com,Family,0.594,18228
DELJUL26-00672,South Delhi,Midscale,Standard,2026-07-26,2026-07-30,4,1,6919,Completed,Walk-in,Group,0.769,27676
DELJUL26-00673,South Delhi,Midscale,Deluxe,2026-07-18,2026-07-23,5,3,8740,Completed,Agoda,Couple,0.823,131093
DELJUL26-00674,Aerocity,Midscale,Standard,2026-07-01,2026-07-04,3,3,12792,Cancelled,Agoda,Business,0.522,0
DELJUL26-00675,South Delhi,Budget,Standard,2026-07-18,2026-07-23,5,2,3778,Completed,Direct,Leisure,0.393,37780
DELJUL26-00676,Greater Kailash,Upscale,Deluxe,2026-07-15,2026-07-16,1,3,5022,Completed,Direct,Family,0.871,15066
DELJUL26-00677,Dwarka,Midscale,Premium,2026-07-14,2026-07-19,5,3,4801,Confirmed,Agoda,Couple,0.489,72022
DELJUL26-00678,Aerocity,Midscale,Premium,2026-07-16,2026-07-19,3,2,8784,Confirmed,Booking.com,Couple,0.909,52706
DELJUL26-00679,Dwarka,Midscale,Deluxe,2026-07-18,2026-07-22,4,1,2037,Completed,MakeMyTrip,Family,0.539,8148
DELJUL26-00680,Rohini,Economy,Standard,2026-07-23,2026-07-24,1,1,2488,Completed,Direct,Business,0.599,2488
DELJUL26-00681,Greater Kailash,Economy,Standard,2026-07-06,2026-07-10,4,3,6442,Completed,Direct,Family,0.608,77307
DELJUL26-00682,Connaught Place,Upscale,Standard,2026-07-03,2026-07-05,2,3,9405,Confirmed,Agoda,Couple,0.631,56430
DELJUL26-00683,Rohini,Midscale,Premium,2026-07-02,2026-07-07,5,1,2591,Confirmed,Booking.com,Group,0.928,12954
DELJUL26-00684,Rohini,Budget,Deluxe,2026-07-13,2026-07-17,4,3,1086,Completed,Booking.com,Leisure,0.497,13036
DELJUL26-00685,Connaught Place,Economy,Standard,2026-07-16,2026-07-21,5,3,3762,Completed,Walk-in,Couple,0.715,56424
DELJUL26-00686,Lajpat Nagar,Upscale,Standard,2026-07-25,2026-07-30,5,2,3446,Confirmed,Agoda,Couple,0.526,34457
DELJUL26-00687,Saket,Economy,Standard,2026-07-14,2026-07-18,4,2,4845,Confirmed,Booking.com,Business,0.429,38764
DELJUL26-00688,Dwarka,Economy,Deluxe,2026-07-17,2026-07-19,2,3,3157,Completed,Walk-in,Leisure,0.523,18943
DELJUL26-00689,Saket,Midscale,Standard,2026-07-31,2026-08-02,2,3,3680,Completed,Walk-in,Business,0.681,22083
DELJUL26-00690,Greater Kailash,Upscale,Premium,2026-07-24,2026-07-29,5,2,7904,Completed,MakeMyTrip,Business,0.714,79041
DELJUL26-00691,Rohini,Midscale,Standard,2026-07-22,2026-07-26,4,2,2083,Confirmed,MakeMyTrip,Leisure,0.508,16667
DELJUL26-00692,Greater Kailash,Upscale,Premium,2026-07-12,2026-07-17,5,3,6382,Confirmed,Goibibo,Business,0.942,95735
DELJUL26-00693,Rohini,Budget,Standard,2026-07-05,2026-07-09,4,3,1502,Confirmed,Direct,Leisure,0.568,18023
DELJUL26-00694,Rohini,Upscale,Standard,2026-07-29,2026-08-02,4,2,4312,Cancelled,Walk-in,Group,0.849,0
DELJUL26-00695,Aerocity,Upscale,Standard,2026-07-18,2026-07-19,1,2,14146,Confirmed,Direct,Leisure,0.371,28292
DELJUL26-00696,Karol Bagh,Midscale,Standard,2026-07-03,2026-07-08,5,3,3287,Confirmed,Agoda,Family,0.767,49301
DELJUL26-00697,Greater Kailash,Midscale,Suite,2026-07-15,2026-07-17,2,1,7528,Confirmed,Goibibo,Business,0.532,15057
DELJUL26-00698,Dwarka,Budget,Premium,2026-07-03,2026-07-05,2,3,1502,Confirmed,Direct,Group,0.672,9014
DELJUL26-00699,Aerocity,Economy,Standard,2026-07-31,2026-08-01,1,1,5070,Completed,MakeMyTrip,Family,0.852,5070
DELJUL26-00700,Aerocity,Budget,Deluxe,2026-07-17,2026-07-18,1,3,6736,Confirmed,Booking.com,Family,0.785,20209
DELJUL26-00701,Dwarka,Budget,Deluxe,2026-07-25,2026-07-27,2,3,2709,Confirmed,Walk-in,Business,0.566,16255
DELJUL26-00702,South Delhi,Luxury,Deluxe,2026-07-15,2026-07-20,5,1,15429,Completed,Goibibo,Group,0.789,77143
DELJUL26-00703,Connaught Place,Economy,Standard,2026-07-01,2026-07-06,5,3,7923,Confirmed,MakeMyTrip,Couple,0.598,118845
DELJUL26-00704,Connaught Place,Midscale,Standard,2026-07-20,2026-07-23,3,3,8092,Cancelled,Booking.com,Family,0.388,0
DELJUL26-00705,Connaught Place,Economy,Standard,2026-07-21,2026-07-23,2,2,7693,Completed,Direct,Business,0.749,30774
DELJUL26-00706,Dwarka,Economy,Premium,2026-07-08,2026-07-10,2,2,2526,Completed,Goibibo,Family,0.912,10103
DELJUL26-00707,Aerocity,Economy,Standard,2026-07-23,2026-07-28,5,2,5095,Cancelled,Goibibo,Business,0.4,0
DELJUL26-00708,Dwarka,Economy,Deluxe,2026-07-08,2026-07-09,1,1,2001,Completed,Walk-in,Couple,0.763,2001
DELJUL26-00709,Saket,Midscale,Premium,2026-07-22,2026-07-23,1,2,4092,Completed,Goibibo,Business,0.854,8183
DELJUL26-00710,Saket,Luxury,Standard,2026-07-24,2026-07-25,1,3,8917,Completed,MakeMyTrip,Business,0.708,26751
DELJUL26-00711,South Delhi,Economy,Standard,2026-07-05,2026-07-10,5,2,4754,Confirmed,MakeMyTrip,Family,0.641,47535
DELJUL26-00712,Dwarka,Luxury,Standard,2026-07-10,2026-07-11,1,2,8223,Completed,Booking.com,Group,0.492,16446
DELJUL26-00713,Greater Kailash,Midscale,Deluxe,2026-07-06,2026-07-11,5,2,7938,Cancelled,Goibibo,Family,0.466,0
DELJUL26-00714,Greater Kailash,Midscale,Standard,2026-07-23,2026-07-24,1,2,6721,Confirmed,Direct,Group,0.588,13443
DELJUL26-00715,Rohini,Budget,Standard,2026-07-08,2026-07-11,3,3,1282,Confirmed,Direct,Family,0.735,11540
DELJUL26-00716,Greater Kailash,Budget,Standard,2026-07-20,2026-07-25,5,2,3858,Completed,Walk-in,Leisure,0.539,38578
DELJUL26-00717,Dwarka,Upscale,Deluxe,2026-07-13,2026-07-14,1,1,4984,Confirmed,Direct,Family,0.643,4984
DELJUL26-00718,Saket,Midscale,Deluxe,2026-07-03,2026-07-05,2,1,3651,Completed,Booking.com,Group,0.71,7302
DELJUL26-00719,Karol Bagh,Economy,Standard,2026-07-28,2026-08-01,4,3,2314,Completed,Goibibo,Group,0.476,27772
DELJUL26-00720,Dwarka,Upscale,Premium,2026-07-23,2026-07-28,5,1,4331,Confirmed,Booking.com,Leisure,0.795,21653
DELJUL26-00721,Connaught Place,Economy,Standard,2026-07-09,2026-07-14,5,2,4789,Confirmed,Agoda,Business,0.727,47890
DELJUL26-00722,Rohini,Upscale,Standard,2026-07-28,2026-07-29,1,3,5085,Completed,Goibibo,Couple,0.705,15254
DELJUL26-00723,Lajpat Nagar,Economy,Standard,2026-07-22,2026-07-26,4,1,3752,Confirmed,Direct,Family,0.637,15006
DELJUL26-00724,Connaught Place,Upscale,Deluxe,2026-07-26,2026-07-28,2,1,11134,Completed,MakeMyTrip,Group,0.569,22268
DELJUL26-00725,Greater Kailash,Economy,Deluxe,2026-07-06,2026-07-09,3,2,3608,Confirmed,Agoda,Family,0.679,21650
DELJUL26-00726,Connaught Place,Budget,Standard,2026-07-01,2026-07-06,5,2,5129,Confirmed,MakeMyTrip,Business,0.809,51291
DELJUL26-00727,Greater Kailash,Midscale,Standard,2026-07-02,2026-07-07,5,1,7690,Confirmed,Agoda,Business,0.774,38448
DELJUL26-00728,Aerocity,Budget,Standard,2026-07-17,2026-07-18,1,2,4557,Confirmed,Goibibo,Leisure,0.793,9115
DELJUL26-00729,Saket,Luxury,Standard,2026-07-25,2026-07-28,3,3,12185,Completed,MakeMyTrip,Business,0.476,109669
DELJUL26-00730,South Delhi,Midscale,Standard,2026-07-29,2026-07-31,2,1,7128,Confirmed,Goibibo,Couple,0.818,14257
DELJUL26-00731,Greater Kailash,Budget,Standard,2026-07-30,2026-08-03,4,2,3364,Confirmed,MakeMyTrip,Business,0.551,26914
DELJUL26-00732,Saket,Budget,Standard,2026-07-19,2026-07-24,5,1,2268,Completed,Direct,Family,0.49,11339
DELJUL26-00733,Rohini,Upscale,Standard,2026-07-20,2026-07-22,2,3,4175,Completed,MakeMyTrip,Leisure,0.423,25050
DELJUL26-00734,Greater Kailash,Midscale,Standard,2026-07-10,2026-07-11,1,2,4706,Confirmed,MakeMyTrip,Family,0.848,9412
DELJUL26-00735,Karol Bagh,Upscale,Standard,2026-07-01,2026-07-02,1,3,3859,Completed,Agoda,Group,0.724,11577
DELJUL26-00736,South Delhi,Budget,Deluxe,2026-07-07,2026-07-08,1,3,2372,Confirmed,Agoda,Couple,0.855,7116
DELJUL26-00737,Greater Kailash,Upscale,Standard,2026-07-02,2026-07-04,2,1,10456,Completed,Goibibo,Couple,0.687,20913
DELJUL26-00738,Paharganj,Midscale,Deluxe,2026-07-22,2026-07-27,5,3,2340,Completed,MakeMyTrip,Business,0.866,35096
DELJUL26-00739,Greater Kailash,Midscale,Standard,2026-07-16,2026-07-18,2,1,5319,Completed,Goibibo,Business,0.684,10637
DELJUL26-00740,Lajpat Nagar,Economy,Standard,2026-07-24,2026-07-27,3,2,2299,Completed,Walk-in,Leisure,0.738,13795
DELJUL26-00741,Lajpat Nagar,Budget,Standard,2026-07-05,2026-07-09,4,1,2541,Completed,Walk-in,Group,0.384,10164
DELJUL26-00742,Greater Kailash,Luxury,Standard,2026-07-29,2026-08-02,4,1,12864,Confirmed,Booking.com,Group,0.752,51457
DELJUL26-00743,South Delhi,Luxury,Deluxe,2026-07-23,2026-07-25,2,2,20783,Completed,Booking.com,Business,0.709,83131
DELJUL26-00744,Karol Bagh,Economy,Standard,2026-07-29,2026-07-30,1,2,2045,Completed,MakeMyTrip,Couple,0.495,4091
DELJUL26-00745,Greater Kailash,Luxury,Standard,2026-07-21,2026-07-22,1,2,8595,Confirmed,Goibibo,Business,0.418,17191
DELJUL26-00746,Paharganj,Budget,Standard,2026-07-11,2026-07-13,2,2,1749,Completed,Agoda,Couple,0.558,6996
DELJUL26-00747,Dwarka,Budget,Standard,2026-07-20,2026-07-21,1,3,2028,Completed,Agoda,Leisure,0.386,6083
DELJUL26-00748,Paharganj,Budget,Premium,2026-07-19,2026-07-22,3,2,1700,Completed,Goibibo,Business,0.71,10199
DELJUL26-00749,Paharganj,Economy,Suite,2026-07-06,2026-07-10,4,2,2954,Confirmed,Agoda,Business,0.678,23629
DELJUL26-00750,Connaught Place,Budget,Standard,2026-07-04,2026-07-08,4,2,3713,Completed,Direct,Group,0.901,29707
DELJUL26-00751,Rohini,Economy,Standard,2026-07-21,2026-07-26,5,1,3184,Confirmed,Booking.com,Family,0.661,15922
DELJUL26-00752,Connaught Place,Budget,Standard,2026-07-03,2026-07-05,2,2,3802,Completed,Goibibo,Business,0.788,15206
DELJUL26-00753,Aerocity,Midscale,Standard,2026-07-04,2026-07-08,4,3,8384,Confirmed,Goibibo,Leisure,0.748,100607
DELJUL26-00754,Rohini,Upscale,Standard,2026-07-03,2026-07-08,5,1,3588,Completed,Walk-in,Leisure,0.77,17940
DELJUL26-00755,Dwarka,Midscale,Standard,2026-07-20,2026-07-21,1,2,2453,Confirmed,Goibibo,Business,0.538,4907
DELJUL26-00756,Saket,Budget,Standard,2026-07-29,2026-08-02,4,3,3536,Completed,MakeMyTrip,Business,0.599,42426
DELJUL26-00757,Greater Kailash,Upscale,Standard,2026-07-16,2026-07-17,1,1,6021,Confirmed,Goibibo,Leisure,0.422,6021
DELJUL26-00758,Paharganj,Budget,Standard,2026-07-05,2026-07-08,3,2,1328,Completed,Direct,Couple,0.74,7965
DELJUL26-00759,Connaught Place,Upscale,Deluxe,2026-07-16,2026-07-21,5,1,9535,Completed,MakeMyTrip,Business,0.531,47675
DELJUL26-00760,Greater Kailash,Midscale,Premium,2026-07-15,2026-07-18,3,2,4717,Confirmed,Direct,Business,0.679,28304
DELJUL26-00761,Connaught Place,Economy,Standard,2026-07-19,2026-07-22,3,2,3605,Completed,Direct,Family,0.903,21630
DELJUL26-00762,Dwarka,Budget,Deluxe,2026-07-14,2026-07-18,4,3,2122,Completed,MakeMyTrip,Business,0.76,25461
DELJUL26-00763,Rohini,Upscale,Standard,2026-07-17,2026-07-20,3,1,2425,Confirmed,Direct,Couple,0.511,7276
DELJUL26-00764,Rohini,Luxury,Standard,2026-07-11,2026-07-15,4,2,5424,Confirmed,Booking.com,Family,0.659,43390
DELJUL26-00765,Paharganj,Midscale,Deluxe,2026-07-29,2026-08-03,5,3,2133,Confirmed,Walk-in,Group,0.711,31994
DELJUL26-00766,Greater Kailash,Luxury,Standard,2026-07-17,2026-07-18,1,1,10313,Confirmed,Walk-in,Couple,0.86,10313
DELJUL26-00767,South Delhi,Luxury,Premium,2026-07-10,2026-07-13,3,2,10478,Cancelled,Goibibo,Business,0.826,0
DELJUL26-00768,Saket,Budget,Premium,2026-07-01,2026-07-06,5,1,3944,Cancelled,Walk-in,Leisure,0.539,0
DELJUL26-00769,Connaught Place,Midscale,Standard,2026-07-22,2026-07-24,2,2,10451,Confirmed,Direct,Leisure,0.902,41805
DELJUL26-00770,Paharganj,Economy,Standard,2026-07-12,2026-07-15,3,3,1552,Completed,Walk-in,Couple,0.438,13970
DELJUL26-00771,South Delhi,Economy,Standard,2026-07-08,2026-07-12,4,2,6543,Confirmed,MakeMyTrip,Leisure,0.516,52346
DELJUL26-00772,Rohini,Budget,Premium,2026-07-15,2026-07-20,5,2,1773,Completed,MakeMyTrip,Business,0.37,17726
DELJUL26-00773,Aerocity,Luxury,Standard,2026-07-16,2026-07-18,2,3,24258,Completed,Agoda,Leisure,0.537,145547
DELJUL26-00774,Greater Kailash,Midscale,Deluxe,2026-07-25,2026-07-30,5,2,6919,Completed,MakeMyTrip,Business,0.598,69189
DELJUL26-00775,Lajpat Nagar,Economy,Standard,2026-07-17,2026-07-21,4,2,3584,Cancelled,Goibibo,Group,0.495,0
DELJUL26-00776,Rohini,Economy,Deluxe,2026-07-22,2026-07-23,1,1,3066,Confirmed,Booking.com,Leisure,0.358,3066
DELJUL26-00777,Saket,Economy,Standard,2026-07-21,2026-07-26,5,1,4478,Completed,Goibibo,Group,0.356,22388
DELJUL26-00778,Connaught Place,Midscale,Premium,2026-07-27,2026-07-29,2,1,9107,Completed,Direct,Group,0.904,18213
DELJUL26-00779,Karol Bagh,Upscale,Deluxe,2026-07-01,2026-07-03,2,2,3955,Completed,Booking.com,Group,0.791,15820
DELJUL26-00780,Lajpat Nagar,Economy,Standard,2026-07-12,2026-07-15,3,2,2153,Confirmed,Goibibo,Couple,0.769,12915
DELJUL26-00781,Lajpat Nagar,Economy,Standard,2026-07-23,2026-07-26,3,2,3179,Cancelled,Walk-in,Leisure,0.821,0
DELJUL26-00782,South Delhi,Midscale,Standard,2026-07-05,2026-07-08,3,2,3562,Confirmed,Booking.com,Leisure,0.767,21371
DELJUL26-00783,Connaught Place,Economy,Deluxe,2026-07-14,2026-07-15,1,3,5423,Completed,Goibibo,Group,0.387,16268
DELJUL26-00784,Connaught Place,Midscale,Premium,2026-07-13,2026-07-18,5,2,4714,Completed,Direct,Business,0.905,47138
DELJUL26-00785,Saket,Budget,Standard,2026-07-25,2026-07-27,2,2,2797,Confirmed,Goibibo,Family,0.607,11189
DELJUL26-00786,Dwarka,Budget,Premium,2026-07-30,2026-07-31,1,2,2368,Confirmed,Walk-in,Leisure,0.622,4736
DELJUL26-00787,Aerocity,Economy,Standard,2026-07-04,2026-07-07,3,3,9057,Confirmed,MakeMyTrip,Leisure,0.882,81513
DELJUL26-00788,South Delhi,Upscale,Premium,2026-07-07,2026-07-11,4,3,9721,Confirmed,Agoda,Family,0.473,116657
DELJUL26-00789,Dwarka,Economy,Premium,2026-07-25,2026-07-26,1,3,1891,Confirmed,MakeMyTrip,Family,0.538,5672
DELJUL26-00790,Aerocity,Budget,Deluxe,2026-07-06,2026-07-11,5,2,6072,Confirmed,Walk-in,Couple,0.863,60717
DELJUL26-00791,Aerocity,Midscale,Suite,2026-07-16,2026-07-20,4,3,9848,Confirmed,Goibibo,Group,0.662,118171
DELJUL26-00792,Saket,Luxury,Standard,2026-07-30,2026-08-04,5,2,14306,Completed,Booking.com,Leisure,0.602,143061
DELJUL26-00793,Greater Kailash,Economy,Deluxe,2026-07-31,2026-08-04,4,2,5412,Completed,Booking.com,Group,0.923,43294
DELJUL26-00794,Lajpat Nagar,Budget,Standard,2026-07-30,2026-07-31,1,2,1986,Confirmed,Walk-in,Group,0.883,3971
DELJUL26-00795,Saket,Midscale,Standard,2026-07-05,2026-07-07,2,2,5064,Confirmed,MakeMyTrip,Family,0.882,20257
DELJUL26-00796,Karol Bagh,Economy,Deluxe,2026-07-05,2026-07-10,5,1,3411,Completed,MakeMyTrip,Business,0.477,17054
DELJUL26-00797,Rohini,Midscale,Premium,2026-07-06,2026-07-09,3,2,3396,Confirmed,Goibibo,Leisure,0.856,20378
DELJUL26-00798,Saket,Economy,Suite,2026-07-24,2026-07-25,1,2,4122,Confirmed,Direct,Business,0.744,8245
DELJUL26-00799,Paharganj,Budget,Deluxe,2026-07-06,2026-07-07,1,2,1466,Confirmed,Booking.com,Couple,0.765,2932
DELJUL26-00800,Saket,Economy,Premium,2026-07-14,2026-07-17,3,1,2853,Completed,MakeMyTrip,Leisure,0.379,8560
DELJUL26-00801,Aerocity,Midscale,Premium,2026-07-26,2026-07-29,3,3,13247,Confirmed,Booking.com,Group,0.683,119219
DELJUL26-00802,Paharganj,Economy,Deluxe,2026-07-16,2026-07-18,2,3,1931,Completed,Goibibo,Leisure,0.481,11584
DELJUL26-00803,Dwarka,Budget,Standard,2026-07-30,2026-07-31,1,2,1861,Confirmed,MakeMyTrip,Couple,0.906,3721
DELJUL26-00804,Rohini,Economy,Standard,2026-07-16,2026-07-20,4,2,3351,Confirmed,MakeMyTrip,Group,0.687,26804
DELJUL26-00805,Greater Kailash,Upscale,Standard,2026-07-12,2026-07-15,3,2,10621,Confirmed,Agoda,Business,0.72,63724
DELJUL26-00806,Greater Kailash,Budget,Premium,2026-07-31,2026-08-01,1,2,2125,Completed,Agoda,Family,0.496,4249
DELJUL26-00807,Dwarka,Midscale,Deluxe,2026-07-17,2026-07-18,1,2,2703,Cancelled,Booking.com,Family,0.603,0
DELJUL26-00808,Connaught Place,Midscale,Premium,2026-07-06,2026-07-08,2,3,4211,Completed,MakeMyTrip,Couple,0.668,25264
DELJUL26-00809,Paharganj,Economy,Suite,2026-07-20,2026-07-23,3,1,1960,Completed,Goibibo,Leisure,0.837,5881
DELJUL26-00810,Rohini,Luxury,Deluxe,2026-07-24,2026-07-26,2,2,3701,Cancelled,Walk-in,Business,0.717,0
DELJUL26-00811,Aerocity,Upscale,Premium,2026-07-26,2026-07-27,1,2,17386,Confirmed,Goibibo,Leisure,0.418,34772
DELJUL26-00812,Lajpat Nagar,Economy,Deluxe,2026-07-01,2026-07-06,5,1,4200,Completed,Direct,Business,0.62,20999
DELJUL26-00813,South Delhi,Budget,Deluxe,2026-07-04,2026-07-08,4,1,3289,Confirmed,Goibibo,Couple,0.527,13158
DELJUL26-00814,Karol Bagh,Economy,Standard,2026-07-20,2026-07-23,3,3,3191,Completed,Agoda,Family,0.673,28715
DELJUL26-00815,Greater Kailash,Budget,Suite,2026-07-23,2026-07-25,2,3,2710,Completed,Walk-in,Family,0.632,16260
DELJUL26-00816,Lajpat Nagar,Midscale,Premium,2026-07-21,2026-07-25,4,2,2528,Confirmed,Walk-in,Family,0.363,20221
DELJUL26-00817,Aerocity,Upscale,Deluxe,2026-07-12,2026-07-17,5,1,14600,Confirmed,Agoda,Leisure,0.475,73001
DELJUL26-00818,Connaught Place,Upscale,Standard,2026-07-24,2026-07-28,4,2,6618,Completed,Goibibo,Leisure,0.746,52943
DELJUL26-00819,South Delhi,Economy,Standard,2026-07-18,2026-07-20,2,3,3615,Confirmed,Booking.com,Business,0.677,21689
DELJUL26-00820,Rohini,Economy,Premium,2026-07-29,2026-07-31,2,1,1607,Confirmed,Walk-in,Leisure,0.382,3214
DELJUL26-00821,Aerocity,Budget,Premium,2026-07-12,2026-07-17,5,1,3537,Cancelled,MakeMyTrip,Group,0.709,0
DELJUL26-00822,South Delhi,Midscale,Suite,2026-07-24,2026-07-25,1,2,5472,Confirmed,Agoda,Group,0.652,10944
DELJUL26-00823,Connaught Place,Budget,Deluxe,2026-07-05,2026-07-07,2,2,5423,Confirmed,Agoda,Family,0.44,21691
DELJUL26-00824,South Delhi,Luxury,Deluxe,2026-07-23,2026-07-24,1,2,19255,Completed,Direct,Couple,0.351,38510
DELJUL26-00825,South Delhi,Upscale,Standard,2026-07-23,2026-07-27,4,1,10360,Confirmed,MakeMyTrip,Leisure,0.551,41441
DELJUL26-00826,Aerocity,Budget,Deluxe,2026-07-08,2026-07-11,3,3,6824,Confirmed,Agoda,Leisure,0.818,61419
DELJUL26-00827,South Delhi,Midscale,Standard,2026-07-02,2026-07-03,1,2,6999,Completed,MakeMyTrip,Couple,0.43,13998
DELJUL26-00828,Lajpat Nagar,Midscale,Premium,2026-07-31,2026-08-05,5,3,4675,Confirmed,Goibibo,Couple,0.917,70130
DELJUL26-00829,Lajpat Nagar,Upscale,Standard,2026-07-03,2026-07-06,3,3,4720,Confirmed,Goibibo,Group,0.675,42484
DELJUL26-00830,Aerocity,Economy,Premium,2026-07-15,2026-07-17,2,2,6272,Completed,Direct,Business,0.805,25089
DELJUL26-00831,Karol Bagh,Budget,Standard,2026-07-01,2026-07-06,5,2,2472,Confirmed,Booking.com,Family,0.936,24725
DELJUL26-00832,Karol Bagh,Midscale,Standard,2026-07-13,2026-07-17,4,3,2926,Completed,MakeMyTrip,Couple,0.508,35116
DELJUL26-00833,Saket,Budget,Deluxe,2026-07-26,2026-07-27,1,3,1971,Completed,MakeMyTrip,Leisure,0.7,5913
DELJUL26-00834,Connaught Place,Midscale,Deluxe,2026-07-16,2026-07-21,5,3,5747,Cancelled,Direct,Group,0.554,0
DELJUL26-00835,Lajpat Nagar,Budget,Deluxe,2026-07-08,2026-07-09,1,3,1972,Confirmed,Direct,Business,0.401,5916
DELJUL26-00836,Greater Kailash,Midscale,Deluxe,2026-07-13,2026-07-18,5,1,5550,Confirmed,Booking.com,Leisure,0.826,27749
DELJUL26-00837,Lajpat Nagar,Upscale,Deluxe,2026-07-03,2026-07-05,2,2,4861,Completed,Walk-in,Couple,0.357,19446
DELJUL26-00838,Connaught Place,Budget,Standard,2026-07-19,2026-07-21,2,2,6252,Confirmed,Walk-in,Group,0.871,25007
DELJUL26-00839,Aerocity,Economy,Premium,2026-07-01,2026-07-02,1,2,6962,Completed,Walk-in,Family,0.827,13924
DELJUL26-00840,Rohini,Midscale,Suite,2026-07-11,2026-07-16,5,1,2540,Completed,Walk-in,Leisure,0.733,12702
DELJUL26-00841,Karol Bagh,Budget,Deluxe,2026-07-02,2026-07-05,3,1,1534,Completed,Walk-in,Leisure,0.705,4602
DELJUL26-00842,South Delhi,Midscale,Standard,2026-07-08,2026-07-12,4,1,7488,Confirmed,Agoda,Business,0.857,29954
DELJUL26-00843,Rohini,Midscale,Deluxe,2026-07-03,2026-07-08,5,1,1864,Completed,Direct,Family,0.383,9322
DELJUL26-00844,Aerocity,Economy,Standard,2026-07-29,2026-08-01,3,3,4960,Completed,MakeMyTrip,Couple,0.792,44637
DELJUL26-00845,Aerocity,Upscale,Suite,2026-07-24,2026-07-26,2,2,12133,Confirmed,Agoda,Couple,0.458,48532
DELJUL26-00846,Aerocity,Midscale,Standard,2026-07-29,2026-08-02,4,3,12183,Completed,MakeMyTrip,Couple,0.362,146191
DELJUL26-00847,Connaught Place,Midscale,Standard,2026-07-22,2026-07-25,3,3,10623,Confirmed,Booking.com,Business,0.537,95609
DELJUL26-00848,Aerocity,Budget,Standard,2026-07-16,2026-07-18,2,3,6288,Completed,Direct,Leisure,0.546,37728
DELJUL26-00849,Lajpat Nagar,Budget,Deluxe,2026-07-06,2026-07-11,5,3,2743,Confirmed,MakeMyTrip,Group,0.466,41147
DELJUL26-00850,South Delhi,Budget,Deluxe,2026-07-30,2026-08-04,5,2,3615,Confirmed,MakeMyTrip,Leisure,0.777,36151
DELJUL26-00851,Rohini,Upscale,Deluxe,2026-07-29,2026-07-31,2,1,2708,Completed,Agoda,Family,0.685,5417
DELJUL26-00852,Lajpat Nagar,Upscale,Standard,2026-07-13,2026-07-17,4,1,4294,Confirmed,Agoda,Business,0.902,17177
DELJUL26-00853,Rohini,Upscale,Premium,2026-07-07,2026-07-12,5,2,2722,Confirmed,Direct,Couple,0.807,27224
DELJUL26-00854,Karol Bagh,Budget,Standard,2026-07-13,2026-07-17,4,1,1838,Confirmed,Goibibo,Business,0.846,7353
DELJUL26-00855,Karol Bagh,Midscale,Standard,2026-07-13,2026-07-14,1,1,3915,Completed,Walk-in,Leisure,0.892,3915
DELJUL26-00856,Lajpat Nagar,Upscale,Deluxe,2026-07-29,2026-08-03,5,1,4900,Confirmed,MakeMyTrip,Business,0.834,24498
DELJUL26-00857,Karol Bagh,Midscale,Deluxe,2026-07-03,2026-07-04,1,1,3445,Completed,Walk-in,Leisure,0.421,3445
DELJUL26-00858,Aerocity,Budget,Deluxe,2026-07-20,2026-07-24,4,2,4758,Completed,Direct,Leisure,0.461,38068
DELJUL26-00859,South Delhi,Upscale,Standard,2026-07-24,2026-07-27,3,1,10180,Cancelled,Booking.com,Family,0.591,0
DELJUL26-00860,Lajpat Nagar,Budget,Deluxe,2026-07-24,2026-07-25,1,2,2172,Confirmed,Walk-in,Group,0.549,4345
DELJUL26-00861,Rohini,Budget,Standard,2026-07-06,2026-07-10,4,3,1238,Confirmed,Agoda,Business,0.881,14862
DELJUL26-00862,Rohini,Upscale,Standard,2026-07-13,2026-07-15,2,2,2964,Completed,Booking.com,Couple,0.665,11857
DELJUL26-00863,Connaught Place,Economy,Standard,2026-07-11,2026-07-16,5,3,5854,Completed,Walk-in,Family,0.876,87815
DELJUL26-00864,Greater Kailash,Economy,Deluxe,2026-07-13,2026-07-18,5,1,5975,Completed,MakeMyTrip,Group,0.582,29875
DELJUL26-00865,Lajpat Nagar,Midscale,Standard,2026-07-03,2026-07-06,3,1,3319,Completed,Agoda,Family,0.894,9957
DELJUL26-00866,South Delhi,Luxury,Standard,2026-07-03,2026-07-07,4,1,10729,Completed,Booking.com,Leisure,0.393,42917
DELJUL26-00867,Lajpat Nagar,Budget,Standard,2026-07-01,2026-07-02,1,3,2447,Completed,MakeMyTrip,Family,0.617,7342
DELJUL26-00868,Lajpat Nagar,Upscale,Standard,2026-07-30,2026-08-04,5,1,5640,Confirmed,Booking.com,Leisure,0.891,28198
DELJUL26-00869,Saket,Economy,Standard,2026-07-13,2026-07-17,4,3,3295,Completed,MakeMyTrip,Business,0.62,39537
DELJUL26-00870,Aerocity,Budget,Deluxe,2026-07-08,2026-07-10,2,3,5519,Confirmed,Goibibo,Family,0.79,33117
DELJUL26-00871,Saket,Economy,Standard,2026-07-25,2026-07-26,1,3,5126,Confirmed,Agoda,Group,0.567,15377
DELJUL26-00872,Karol Bagh,Midscale,Standard,2026-07-16,2026-07-19,3,1,2309,Cancelled,Goibibo,Couple,0.848,0
DELJUL26-00873,Connaught Place,Budget,Deluxe,2026-07-12,2026-07-17,5,1,4762,Confirmed,Direct,Business,0.729,23812
DELJUL26-00874,Connaught Place,Economy,Standard,2026-07-04,2026-07-09,5,1,4392,Confirmed,Goibibo,Couple,0.837,21962
DELJUL26-00875,South Delhi,Midscale,Deluxe,2026-07-12,2026-07-13,1,3,7678,Cancelled,MakeMyTrip,Business,0.672,0
DELJUL26-00876,Dwarka,Midscale,Deluxe,2026-07-21,2026-07-25,4,2,3898,Cancelled,Direct,Leisure,0.733,0
DELJUL26-00877,Dwarka,Midscale,Deluxe,2026-07-20,2026-07-21,1,2,2033,Completed,Booking.com,Couple,0.667,4067
DELJUL26-00878,Greater Kailash,Upscale,Deluxe,2026-07-13,2026-07-15,2,1,12422,Confirmed,Walk-in,Group,0.69,24844
DELJUL26-00879,Dwarka,Economy,Standard,2026-07-20,2026-07-23,3,2,2909,Confirmed,MakeMyTrip,Couple,0.764,17452
DELJUL26-00880,South Delhi,Economy,Standard,2026-07-24,2026-07-25,1,2,7695,Completed,Agoda,Family,0.423,15389
DELJUL26-00881,Aerocity,Economy,Standard,2026-07-29,2026-07-30,1,3,6069,Completed,Booking.com,Family,0.811,18206
DELJUL26-00882,Lajpat Nagar,Midscale,Premium,2026-07-17,2026-07-22,5,3,5024,Completed,Walk-in,Business,0.563,75354
DELJUL26-00883,Saket,Budget,Standard,2026-07-08,2026-07-12,4,2,4089,Confirmed,Agoda,Group,0.358,32711
DELJUL26-00884,Connaught Place,Economy,Standard,2026-07-05,2026-07-09,4,2,5221,Confirmed,Direct,Family,0.736,41764
DELJUL26-00885,Lajpat Nagar,Budget,Deluxe,2026-07-05,2026-07-08,3,2,1791,Completed,Agoda,Group,0.718,10746
DELJUL26-00886,Greater Kailash,Economy,Deluxe,2026-07-01,2026-07-04,3,1,5455,Confirmed,Walk-in,Leisure,0.785,16365
DELJUL26-00887,Aerocity,Luxury,Premium,2026-07-18,2026-07-19,1,1,19032,Completed,Walk-in,Business,0.949,19032
DELJUL26-00888,Connaught Place,Midscale,Standard,2026-07-07,2026-07-10,3,1,11747,Confirmed,Agoda,Business,0.627,35242
DELJUL26-00889,Aerocity,Economy,Premium,2026-07-08,2026-07-12,4,1,7217,Confirmed,Agoda,Leisure,0.934,28869
DELJUL26-00890,Karol Bagh,Midscale,Deluxe,2026-07-23,2026-07-25,2,1,3390,Completed,Goibibo,Group,0.697,6780
DELJUL26-00891,Aerocity,Midscale,Deluxe,2026-07-10,2026-07-13,3,1,8519,Confirmed,Direct,Leisure,0.565,25556
DELJUL26-00892,Greater Kailash,Economy,Standard,2026-07-26,2026-07-29,3,3,6242,Confirmed,Direct,Family,0.757,56181
DELJUL26-00893,Dwarka,Economy,Standard,2026-07-05,2026-07-10,5,1,4157,Completed,Booking.com,Business,0.468,20784
DELJUL26-00894,Rohini,Midscale,Standard,2026-07-11,2026-07-12,1,3,1642,Confirmed,Booking.com,Leisure,0.93,4927
DELJUL26-00895,Greater Kailash,Budget,Premium,2026-07-02,2026-07-03,1,1,3683,Confirmed,Walk-in,Group,0.615,3683
DELJUL26-00896,South Delhi,Midscale,Standard,2026-07-17,2026-07-19,2,2,10231,Cancelled,Walk-in,Business,0.356,0
DELJUL26-00897,Dwarka,Midscale,Standard,2026-07-04,2026-07-05,1,2,2161,Confirmed,Booking.com,Business,0.743,4322
DELJUL26-00898,Aerocity,Upscale,Standard,2026-07-08,2026-07-13,5,2,10005,Completed,MakeMyTrip,Leisure,0.422,100049
DELJUL26-00899,Aerocity,Luxury,Premium,2026-07-23,2026-07-25,2,3,23039,Confirmed,Agoda,Couple,0.403,138233
DELJUL26-00900,South Delhi,Upscale,Standard,2026-07-28,2026-07-30,2,1,9329,Confirmed,Agoda,Group,0.364,18657
DELJUL26-00901,Aerocity,Midscale,Standard,2026-07-17,2026-07-19,2,3,6802,Confirmed,Walk-in,Business,0.88,40812
DELJUL26-00902,Aerocity,Budget,Deluxe,2026-07-30,2026-08-04,5,2,6537,Completed,Agoda,Group,0.37,65367
DELJUL26-00903,Karol Bagh,Midscale,Premium,2026-07-24,2026-07-28,4,2,3513,Confirmed,Agoda,Family,0.672,28101
DELJUL26-00904,Lajpat Nagar,Upscale,Premium,2026-07-24,2026-07-27,3,1,7423,Completed,Agoda,Family,0.644,22268
DELJUL26-00905,Saket,Luxury,Deluxe,2026-07-31,2026-08-04,4,3,13768,Confirmed,Walk-in,Group,0.897,165220
DELJUL26-00906,Greater Kailash,Upscale,Standard,2026-07-03,2026-07-04,1,3,10848,Confirmed,MakeMyTrip,Group,0.897,32543
DELJUL26-00907,Saket,Budget,Standard,2026-07-08,2026-07-12,4,2,3017,Completed,Booking.com,Couple,0.903,24136
DELJUL26-00908,Connaught Place,Midscale,Standard,2026-07-14,2026-07-16,2,3,6333,Confirmed,Walk-in,Business,0.59,37995
DELJUL26-00909,Paharganj,Upscale,Standard,2026-07-20,2026-07-22,2,3,3241,Completed,Direct,Family,0.634,19446
DELJUL26-00910,Aerocity,Midscale,Standard,2026-07-31,2026-08-01,1,1,6915,Completed,Booking.com,Group,0.845,6915
DELJUL26-00911,Greater Kailash,Midscale,Deluxe,2026-07-04,2026-07-05,1,1,7959,Completed,Direct,Business,0.422,7959
DELJUL26-00912,Connaught Place,Midscale,Standard,2026-07-08,2026-07-12,4,3,4944,Cancelled,Walk-in,Family,0.419,0
DELJUL26-00913,Paharganj,Midscale,Deluxe,2026-07-10,2026-07-15,5,1,2918,Completed,Walk-in,Couple,0.903,14592
DELJUL26-00914,Rohini,Economy,Standard,2026-07-21,2026-07-26,5,1,1342,Confirmed,MakeMyTrip,Group,0.368,6709
DELJUL26-00915,Dwarka,Budget,Suite,2026-07-30,2026-08-01,2,2,1569,Completed,Direct,Family,0.58,6275
DELJUL26-00916,Saket,Upscale,Premium,2026-07-30,2026-08-03,4,1,5912,Confirmed,Booking.com,Group,0.467,23650
DELJUL26-00917,Dwarka,Luxury,Standard,2026-07-24,2026-07-25,1,2,9048,Confirmed,Goibibo,Group,0.4,18096
DELJUL26-00918,Greater Kailash,Upscale,Standard,2026-07-24,2026-07-28,4,1,10380,Cancelled,MakeMyTrip,Family,0.934,0
DELJUL26-00919,Karol Bagh,Economy,Suite,2026-07-13,2026-07-16,3,2,1634,Confirmed,Agoda,Business,0.45,9805
DELJUL26-00920,South Delhi,Budget,Premium,2026-07-19,2026-07-24,5,1,4825,Completed,Agoda,Leisure,0.609,24123
DELJUL26-00921,Lajpat Nagar,Economy,Standard,2026-07-06,2026-07-07,1,2,3681,Confirmed,MakeMyTrip,Leisure,0.504,7362
DELJUL26-00922,Dwarka,Upscale,Standard,2026-07-16,2026-07-20,4,1,4735,Confirmed,Goibibo,Leisure,0.645,18942
DELJUL26-00923,Saket,Midscale,Suite,2026-07-10,2026-07-13,3,1,7795,Completed,Direct,Leisure,0.81,23384
DELJUL26-00924,Connaught Place,Luxury,Deluxe,2026-07-29,2026-08-01,3,3,14347,Cancelled,Direct,Business,0.746,0
DELJUL26-00925,Karol Bagh,Economy,Deluxe,2026-07-12,2026-07-15,3,3,1945,Completed,MakeMyTrip,Group,0.693,17507
DELJUL26-00926,Rohini,Midscale,Standard,2026-07-13,2026-07-17,4,1,2824,Confirmed,Direct,Business,0.656,11294
DELJUL26-00927,Dwarka,Upscale,Premium,2026-07-13,2026-07-16,3,2,3791,Confirmed,Direct,Business,0.429,22747
DELJUL26-00928,Paharganj,Budget,Deluxe,2026-07-28,2026-07-31,3,2,1933,Confirmed,Agoda,Business,0.592,11599
DELJUL26-00929,Saket,Luxury,Standard,2026-07-29,2026-08-01,3,1,14674,Confirmed,Direct,Family,0.893,44021
DELJUL26-00930,Dwarka,Midscale,Deluxe,2026-07-14,2026-07-15,1,1,5321,Confirmed,Booking.com,Family,0.842,5321
DELJUL26-00931,Dwarka,Budget,Standard,2026-07-31,2026-08-04,4,3,2434,Completed,Agoda,Family,0.389,29206
DELJUL26-00932,South Delhi,Budget,Standard,2026-07-24,2026-07-28,4,1,3812,Confirmed,Booking.com,Leisure,0.854,15247
DELJUL26-00933,Karol Bagh,Upscale,Deluxe,2026-07-27,2026-07-30,3,2,6387,Completed,Booking.com,Business,0.847,38322
DELJUL26-00934,South Delhi,Midscale,Deluxe,2026-07-29,2026-08-02,4,1,5654,Cancelled,Agoda,Group,0.831,0
DELJUL26-00935,Saket,Upscale,Suite,2026-07-11,2026-07-13,2,3,5754,Completed,Direct,Group,0.839,34527
DELJUL26-00936,Rohini,Upscale,Deluxe,2026-07-18,2026-07-20,2,1,4097,Confirmed,Booking.com,Leisure,0.94,8194
DELJUL26-00937,Connaught Place,Economy,Standard,2026-07-09,2026-07-14,5,2,4725,Confirmed,Goibibo,Couple,0.383,47252
DELJUL26-00938,Connaught Place,Upscale,Standard,2026-07-10,2026-07-15,5,2,8373,Confirmed,Direct,Leisure,0.58,83730
DELJUL26-00939,Saket,Luxury,Deluxe,2026-07-15,2026-07-20,5,2,6703,Cancelled,Goibibo,Family,0.931,0
DELJUL26-00940,Dwarka,Budget,Standard,2026-07-02,2026-07-03,1,1,1942,Completed,MakeMyTrip,Leisure,0.682,1942
DELJUL26-00941,South Delhi,Upscale,Deluxe,2026-07-07,2026-07-10,3,1,7976,Confirmed,Booking.com,Couple,0.759,23927
DELJUL26-00942,Saket,Economy,Standard,2026-07-26,2026-07-30,4,1,2935,Confirmed,Goibibo,Group,0.567,11740
DELJUL26-00943,Rohini,Economy,Standard,2026-07-06,2026-07-07,1,2,1373,Completed,Direct,Leisure,0.477,2747
DELJUL26-00944,Saket,Economy,Standard,2026-07-20,2026-07-25,5,2,4392,Confirmed,Goibibo,Family,0.937,43924
DELJUL26-00945,Connaught Place,Upscale,Standard,2026-07-24,2026-07-28,4,3,13391,Confirmed,MakeMyTrip,Leisure,0.567,160696
DELJUL26-00946,Connaught Place,Budget,Standard,2026-07-09,2026-07-11,2,3,3452,Confirmed,Direct,Leisure,0.687,20713
DELJUL26-00947,Rohini,Economy,Deluxe,2026-07-15,2026-07-18,3,3,2803,Confirmed,Agoda,Couple,0.496,25224
DELJUL26-00948,Connaught Place,Midscale,Standard,2026-07-28,2026-08-02,5,1,8362,Confirmed,MakeMyTrip,Leisure,0.93,41812
DELJUL26-00949,Rohini,Budget,Premium,2026-07-26,2026-07-31,5,3,1547,Completed,Direct,Leisure,0.505,23207
DELJUL26-00950,Karol Bagh,Upscale,Deluxe,2026-07-29,2026-08-03,5,3,5278,Completed,MakeMyTrip,Business,0.898,79164
DELJUL26-00951,Aerocity,Luxury,Premium,2026-07-20,2026-07-25,5,3,21724,Completed,Agoda,Business,0.525,325860
DELJUL26-00952,Paharganj,Budget,Premium,2026-07-28,2026-08-01,4,2,1618,Confirmed,MakeMyTrip,Group,0.918,12946
DELJUL26-00953,South Delhi,Budget,Premium,2026-07-13,2026-07-18,5,3,2117,Confirmed,MakeMyTrip,Business,0.57,31757
DELJUL26-00954,Saket,Luxury,Premium,2026-07-19,2026-07-24,5,2,7427,Completed,Direct,Family,0.873,74272
DELJUL26-00955,Greater Kailash,Budget,Standard,2026-07-21,2026-07-22,1,2,4488,Confirmed,Direct,Leisure,0.71,8975
DELJUL26-00956,South Delhi,Budget,Standard,2026-07-31,2026-08-04,4,3,4661,Confirmed,Booking.com,Business,0.418,55932
DELJUL26-00957,Saket,Luxury,Deluxe,2026-07-12,2026-07-14,2,1,14580,Confirmed,Booking.com,Business,0.527,29161
DELJUL26-00958,South Delhi,Upscale,Deluxe,2026-07-28,2026-07-31,3,2,13174,Completed,Goibibo,Business,0.807,79046
DELJUL26-00959,Rohini,Midscale,Deluxe,2026-07-16,2026-07-17,1,1,1891,Confirmed,MakeMyTrip,Business,0.751,1891
DELJUL26-00960,Saket,Midscale,Deluxe,2026-07-04,2026-07-08,4,3,7419,Completed,Direct,Leisure,0.564,89026
DELJUL26-00961,Connaught Place,Upscale,Standard,2026-07-21,2026-07-26,5,3,8693,Confirmed,Goibibo,Family,0.467,130399
DELJUL26-00962,Saket,Midscale,Standard,2026-07-31,2026-08-03,3,1,7447,Completed,Walk-in,Family,0.847,22342
DELJUL26-00963,Lajpat Nagar,Midscale,Deluxe,2026-07-15,2026-07-19,4,3,2568,Confirmed,Walk-in,Family,0.723,30819
DELJUL26-00964,Karol Bagh,Upscale,Deluxe,2026-07-18,2026-07-20,2,2,3774,Completed,Walk-in,Family,0.759,15096
DELJUL26-00965,Rohini,Midscale,Premium,2026-07-29,2026-08-02,4,3,3637,Confirmed,MakeMyTrip,Family,0.637,43642
DELJUL26-00966,Dwarka,Midscale,Deluxe,2026-07-29,2026-07-30,1,2,3998,Completed,MakeMyTrip,Couple,0.56,7995
DELJUL26-00967,South Delhi,Economy,Standard,2026-07-13,2026-07-18,5,1,5071,Confirmed,Direct,Business,0.579,25354
DELJUL26-00968,Paharganj,Midscale,Standard,2026-07-24,2026-07-26,2,3,2424,Completed,Agoda,Leisure,0.369,14544
DELJUL26-00969,Rohini,Midscale,Standard,2026-07-20,2026-07-23,3,2,2220,Completed,MakeMyTrip,Couple,0.916,13320
DELJUL26-00970,Aerocity,Economy,Standard,2026-07-21,2026-07-26,5,2,8868,Completed,Goibibo,Leisure,0.57,88676
DELJUL26-00971,Karol Bagh,Economy,Deluxe,2026-07-23,2026-07-24,1,2,2689,Confirmed,Booking.com,Business,0.64,5378
DELJUL26-00972,Saket,Upscale,Deluxe,2026-07-11,2026-07-16,5,3,8275,Confirmed,Booking.com,Family,0.564,124120
DELJUL26-00973,Saket,Economy,Premium,2026-07-10,2026-07-14,4,2,4064,Completed,Agoda,Family,0.563,32515
DELJUL26-00974,Saket,Budget,Deluxe,2026-07-01,2026-07-06,5,2,2709,Completed,MakeMyTrip,Couple,0.761,27093
DELJUL26-00975,Connaught Place,Economy,Standard,2026-07-27,2026-07-30,3,3,5971,Confirmed,Goibibo,Family,0.752,53740
DELJUL26-00976,Karol Bagh,Budget,Deluxe,2026-07-09,2026-07-11,2,3,1928,Confirmed,Walk-in,Family,0.836,11568
DELJUL26-00977,Aerocity,Upscale,Standard,2026-07-21,2026-07-24,3,1,15923,Confirmed,Booking.com,Leisure,0.393,47768
DELJUL26-00978,Dwarka,Economy,Standard,2026-07-22,2026-07-25,3,3,3858,Confirmed,Direct,Couple,0.874,34726
DELJUL26-00979,Paharganj,Economy,Standard,2026-07-22,2026-07-27,5,3,2948,Confirmed,Agoda,Business,0.924,44224
DELJUL26-00980,Dwarka,Upscale,Standard,2026-07-27,2026-07-30,3,3,5964,Completed,Goibibo,Group,0.943,53677
DELJUL26-00981,Dwarka,Budget,Standard,2026-07-27,2026-07-30,3,1,1852,Confirmed,MakeMyTrip,Couple,0.427,5557
DELJUL26-00982,Greater Kailash,Budget,Deluxe,2026-07-01,2026-07-02,1,2,3721,Completed,Goibibo,Group,0.642,7442
DELJUL26-00983,Dwarka,Upscale,Deluxe,2026-07-27,2026-07-29,2,1,5915,Completed,Walk-in,Group,0.913,11829
DELJUL26-00984,South Delhi,Midscale,Standard,2026-07-07,2026-07-10,3,3,6347,Confirmed,Booking.com,Business,0.805,57126
DELJUL26-00985,Dwarka,Upscale,Deluxe,2026-07-21,2026-07-23,2,3,5621,Confirmed,Agoda,Business,0.386,33725
DELJUL26-00986,South Delhi,Upscale,Standard,2026-07-21,2026-07-23,2,1,12192,Cancelled,Goibibo,Group,0.872,0
DELJUL26-00987,South Delhi,Luxury,Deluxe,2026-07-02,2026-07-03,1,1,14732,Confirmed,Agoda,Group,0.853,14732
DELJUL26-00988,Paharganj,Budget,Deluxe,2026-07-09,2026-07-14,5,3,1595,Completed,Walk-in,Couple,0.818,23925
DELJUL26-00989,Karol Bagh,Upscale,Standard,2026-07-29,2026-08-03,5,3,3784,Completed,Direct,Group,0.597,56763
DELJUL26-00990,Greater Kailash,Midscale,Deluxe,2026-07-05,2026-07-07,2,3,7450,Confirmed,Direct,Couple,0.729,44700
DELJUL26-00991,Paharganj,Budget,Standard,2026-07-08,2026-07-09,1,1,1443,Completed,Direct,Leisure,0.78,1443
DELJUL26-00992,Dwarka,Luxury,Standard,2026-07-03,2026-07-08,5,2,4783,Confirmed,Booking.com,Family,0.588,47829
DELJUL26-00993,Connaught Place,Economy,Standard,2026-07-06,2026-07-11,5,3,8280,Confirmed,MakeMyTrip,Business,0.82,124200
DELJUL26-00994,Saket,Upscale,Standard,2026-07-20,2026-07-25,5,1,8581,Completed,Booking.com,Leisure,0.514,42905
DELJUL26-00995,Dwarka,Midscale,Standard,2026-07-27,2026-07-30,3,1,2680,Confirmed,Agoda,Family,0.46,8041
DELJUL26-00996,South Delhi,Midscale,Standard,2026-07-19,2026-07-23,4,1,8318,Confirmed,Agoda,Family,0.865,33271
DELJUL26-00997,Dwarka,Budget,Standard,2026-07-09,2026-07-13,4,2,2223,Confirmed,MakeMyTrip,Couple,0.554,17780
DELJUL26-00998,Paharganj,Upscale,Standard,2026-07-27,2026-07-29,2,1,4314,Confirmed,Goibibo,Couple,0.384,8629
DELJUL26-00999,Rohini,Midscale,Deluxe,2026-07-12,2026-07-15,3,2,2339,Confirmed,Booking.com,Business,0.85,14035
DELJUL26-01000,Dwarka,Budget,Premium,2026-07-10,2026-07-12,2,1,2782,Completed,Goibibo,Group,0.829,5564
DELJUL26-01001,Lajpat Nagar,Budget,Premium,2026-07-16,2026-07-20,4,1,2261,Confirmed,Booking.com,Family,0.831,9046
DELJUL26-01002,Greater Kailash,Upscale,Deluxe,2026-07-05,2026-07-10,5,3,8716,Cancelled,Agoda,Family,0.555,0
DELJUL26-01003,Dwarka,Budget,Premium,2026-07-12,2026-07-13,1,2,1235,Confirmed,Booking.com,Leisure,0.712,2470
DELJUL26-01004,Lajpat Nagar,Midscale,Deluxe,2026-07-25,2026-07-26,1,3,4078,Confirmed,Walk-in,Group,0.358,12235
DELJUL26-01005,Connaught Place,Midscale,Deluxe,2026-07-19,2026-07-21,2,2,8143,Completed,Walk-in,Business,0.351,32574
DELJUL26-01006,Rohini,Economy,Deluxe,2026-07-31,2026-08-01,1,3,2398,Completed,Booking.com,Leisure,0.506,7194
DELJUL26-01007,Lajpat Nagar,Midscale,Premium,2026-07-25,2026-07-26,1,2,3552,Completed,Goibibo,Group,0.665,7103
DELJUL26-01008,Dwarka,Budget,Deluxe,2026-07-12,2026-07-17,5,2,2762,Confirmed,Agoda,Group,0.71,27618
DELJUL26-01009,Greater Kailash,Luxury,Premium,2026-07-24,2026-07-27,3,2,13799,Cancelled,Walk-in,Business,0.43,0
DELJUL26-01010,Dwarka,Upscale,Standard,2026-07-27,2026-07-31,4,3,4488,Completed,MakeMyTrip,Family,0.871,53851
DELJUL26-01011,Karol Bagh,Economy,Suite,2026-07-20,2026-07-23,3,2,3520,Completed,Goibibo,Group,0.926,21117
DELJUL26-01012,Greater Kailash,Midscale,Standard,2026-07-24,2026-07-28,4,3,7240,Completed,Direct,Couple,0.422,86878
DELJUL26-01013,Karol Bagh,Midscale,Standard,2026-07-16,2026-07-20,4,1,5340,Confirmed,Booking.com,Family,0.844,21358
DELJUL26-01014,Paharganj,Luxury,Standard,2026-07-29,2026-07-30,1,3,7497,Confirmed,Booking.com,Family,0.719,22490
DELJUL26-01015,Dwarka,Economy,Deluxe,2026-07-08,2026-07-09,1,1,3384,Confirmed,Booking.com,Leisure,0.651,3384
DELJUL26-01016,Lajpat Nagar,Midscale,Standard,2026-07-14,2026-07-17,3,2,5267,Confirmed,MakeMyTrip,Group,0.643,31603
DELJUL26-01017,Paharganj,Upscale,Standard,2026-07-08,2026-07-10,2,3,3780,Confirmed,Agoda,Family,0.8,22678
DELJUL26-01018,Saket,Budget,Standard,2026-07-04,2026-07-09,5,3,2113,Confirmed,Walk-in,Leisure,0.475,31690
DELJUL26-01019,Aerocity,Midscale,Deluxe,2026-07-20,2026-07-22,2,2,10002,Confirmed,Goibibo,Business,0.715,40006
DELJUL26-01020,Connaught Place,Budget,Standard,2026-07-04,2026-07-06,2,2,5327,Completed,MakeMyTrip,Family,0.507,21307
DELJUL26-01021,Aerocity,Midscale,Deluxe,2026-07-08,2026-07-11,3,3,10459,Completed,Agoda,Group,0.401,94130
DELJUL26-01022,Aerocity,Economy,Deluxe,2026-07-24,2026-07-25,1,1,10079,Cancelled,Goibibo,Group,0.682,0
DELJUL26-01023,Lajpat Nagar,Luxury,Deluxe,2026-07-08,2026-07-13,5,3,5728,Confirmed,MakeMyTrip,Business,0.511,85923
DELJUL26-01024,Lajpat Nagar,Economy,Deluxe,2026-07-27,2026-07-28,1,2,2506,Cancelled,Direct,Leisure,0.796,0
DELJUL26-01025,Lajpat Nagar,Budget,Standard,2026-07-02,2026-07-07,5,1,2052,Completed,Goibibo,Leisure,0.74,10259
DELJUL26-01026,Aerocity,Upscale,Suite,2026-07-15,2026-07-19,4,3,11401,Confirmed,Direct,Family,0.485,136811
DELJUL26-01027,Aerocity,Upscale,Premium,2026-07-03,2026-07-08,5,3,11061,Completed,Goibibo,Family,0.867,165910
DELJUL26-01028,Karol Bagh,Midscale,Standard,2026-07-02,2026-07-04,2,2,2319,Confirmed,Walk-in,Family,0.558,9276
DELJUL26-01029,Dwarka,Midscale,Standard,2026-07-25,2026-07-30,5,2,4862,Completed,Agoda,Business,0.775,48625
DELJUL26-01030,Paharganj,Economy,Deluxe,2026-07-03,2026-07-08,5,3,2057,Cancelled,Walk-in,Group,0.51,0
DELJUL26-01031,Saket,Midscale,Premium,2026-07-28,2026-07-31,3,2,4064,Completed,MakeMyTrip,Family,0.468,24386
DELJUL26-01032,Connaught Place,Budget,Premium,2026-07-19,2026-07-21,2,3,2211,Completed,MakeMyTrip,Group,0.866,13264
DELJUL26-01033,Greater Kailash,Budget,Premium,2026-07-15,2026-07-16,1,3,3190,Confirmed,Goibibo,Business,0.901,9570
DELJUL26-01034,Paharganj,Luxury,Suite,2026-07-29,2026-07-30,1,2,4405,Completed,Booking.com,Business,0.561,8811
DELJUL26-01035,Aerocity,Midscale,Deluxe,2026-07-13,2026-07-16,3,1,11474,Completed,Walk-in,Family,0.539,34422
DELJUL26-01036,Greater Kailash,Budget,Standard,2026-07-13,2026-07-18,5,1,4331,Completed,Direct,Couple,0.772,21657
DELJUL26-01037,Rohini,Budget,Standard,2026-07-13,2026-07-16,3,1,1360,Confirmed,Walk-in,Business,0.486,4081
DELJUL26-01038,Aerocity,Luxury,Standard,2026-07-21,2026-07-26,5,1,23655,Confirmed,Walk-in,Family,0.869,118274
DELJUL26-01039,Saket,Budget,Standard,2026-07-27,2026-07-31,4,3,2183,Completed,Walk-in,Family,0.355,26192
DELJUL26-01040,Lajpat Nagar,Economy,Standard,2026-07-17,2026-07-21,4,2,2866,Completed,Direct,Couple,0.435,22929
DELJUL26-01041,Greater Kailash,Budget,Standard,2026-07-09,2026-07-13,4,2,4099,Completed,Walk-in,Couple,0.422,32792
DELJUL26-01042,Lajpat Nagar,Budget,Premium,2026-07-28,2026-08-02,5,3,2598,Confirmed,Booking.com,Business,0.541,38977
DELJUL26-01043,Saket,Economy,Standard,2026-07-19,2026-07-24,5,1,5349,Completed,Booking.com,Leisure,0.87,26746
DELJUL26-01044,Paharganj,Luxury,Premium,2026-07-26,2026-07-27,1,2,3897,Completed,Agoda,Business,0.734,7794
DELJUL26-01045,Greater Kailash,Economy,Premium,2026-07-14,2026-07-17,3,2,3725,Completed,MakeMyTrip,Leisure,0.414,22349
DELJUL26-01046,Connaught Place,Midscale,Standard,2026-07-07,2026-07-10,3,1,8250,Completed,Walk-in,Family,0.397,24750
DELJUL26-01047,Karol Bagh,Midscale,Standard,2026-07-30,2026-08-04,5,2,4059,Confirmed,MakeMyTrip,Family,0.523,40591
DELJUL26-01048,South Delhi,Midscale,Standard,2026-07-22,2026-07-24,2,1,8909,Completed,Direct,Leisure,0.722,17818
DELJUL26-01049,South Delhi,Midscale,Premium,2026-07-10,2026-07-15,5,1,4387,Completed,Booking.com,Group,0.706,21936
DELJUL26-01050,Connaught Place,Midscale,Deluxe,2026-07-27,2026-07-30,3,1,9372,Confirmed,Agoda,Couple,0.419,28117
DELJUL26-01051,Dwarka,Midscale,Standard,2026-07-01,2026-07-06,5,1,4295,Confirmed,Goibibo,Family,0.806,21475
DELJUL26-01052,Paharganj,Midscale,Deluxe,2026-07-29,2026-08-02,4,2,3060,Completed,Booking.com,Leisure,0.729,24480
DELJUL26-01053,Dwarka,Upscale,Premium,2026-07-18,2026-07-20,2,3,3788,Confirmed,Booking.com,Leisure,0.94,22730
DELJUL26-01054,Rohini,Midscale,Standard,2026-07-19,2026-07-24,5,2,3355,Confirmed,Agoda,Group,0.682,33552
DELJUL26-01055,Aerocity,Upscale,Deluxe,2026-07-01,2026-07-02,1,2,13334,Completed,Booking.com,Business,0.546,26668
DELJUL26-01056,Rohini,Budget,Standard,2026-07-06,2026-07-07,1,1,1733,Completed,Direct,Group,0.422,1733
DELJUL26-01057,Saket,Midscale,Standard,2026-07-23,2026-07-26,3,3,6044,Completed,Goibibo,Couple,0.901,54400
DELJUL26-01058,Greater Kailash,Midscale,Premium,2026-07-18,2026-07-20,2,2,9905,Confirmed,Walk-in,Couple,0.373,39620
DELJUL26-01059,Saket,Economy,Standard,2026-07-04,2026-07-05,1,2,5485,Confirmed,Booking.com,Group,0.559,10970
DELJUL26-01060,Paharganj,Upscale,Premium,2026-07-21,2026-07-26,5,3,3926,Confirmed,Agoda,Group,0.668,58883
DELJUL26-01061,Greater Kailash,Economy,Deluxe,2026-07-24,2026-07-25,1,1,4855,Confirmed,MakeMyTrip,Business,0.692,4855
DELJUL26-01062,South Delhi,Budget,Standard,2026-07-09,2026-07-12,3,2,3242,Completed,Walk-in,Group,0.699,19453
DELJUL26-01063,Connaught Place,Upscale,Deluxe,2026-07-22,2026-07-24,2,3,15248,Confirmed,Goibibo,Leisure,0.78,91488
DELJUL26-01064,Greater Kailash,Budget,Standard,2026-07-31,2026-08-02,2,1,2607,Confirmed,Goibibo,Couple,0.427,5214
DELJUL26-01065,Greater Kailash,Economy,Standard,2026-07-15,2026-07-17,2,2,6986,Completed,Booking.com,Business,0.782,27944
DELJUL26-01066,Paharganj,Economy,Standard,2026-07-08,2026-07-10,2,2,2722,Confirmed,Walk-in,Couple,0.884,10890
DELJUL26-01067,Rohini,Upscale,Premium,2026-07-30,2026-08-03,4,3,4870,Confirmed,Direct,Group,0.368,58440
DELJUL26-01068,South Delhi,Economy,Premium,2026-07-29,2026-07-31,2,3,4458,Confirmed,Goibibo,Family,0.371,26748
DELJUL26-01069,Paharganj,Midscale,Standard,2026-07-15,2026-07-19,4,2,3325,Confirmed,Booking.com,Leisure,0.945,26599
DELJUL26-01070,Aerocity,Upscale,Standard,2026-07-14,2026-07-17,3,1,13263,Confirmed,Goibibo,Group,0.537,39790
DELJUL26-01071,South Delhi,Midscale,Suite,2026-07-26,2026-07-30,4,2,7776,Completed,Walk-in,Leisure,0.623,62205
DELJUL26-01072,Karol Bagh,Luxury,Deluxe,2026-07-01,2026-07-04,3,1,4506,Completed,Direct,Couple,0.536,13518
DELJUL26-01073,Greater Kailash,Upscale,Standard,2026-07-10,2026-07-12,2,3,8502,Completed,Direct,Family,0.684,51011
DELJUL26-01074,Dwarka,Economy,Standard,2026-07-17,2026-07-20,3,2,2797,Completed,Agoda,Family,0.777,16780
DELJUL26-01075,Saket,Luxury,Standard,2026-07-21,2026-07-25,4,3,10349,Confirmed,Agoda,Business,0.806,124182
DELJUL26-01076,Connaught Place,Midscale,Standard,2026-07-20,2026-07-23,3,2,7708,Completed,MakeMyTrip,Family,0.563,46250
DELJUL26-01077,Greater Kailash,Budget,Deluxe,2026-07-12,2026-07-17,5,3,4337,Confirmed,Booking.com,Leisure,0.506,65048
DELJUL26-01078,Connaught Place,Economy,Deluxe,2026-07-27,2026-07-30,3,3,5300,Confirmed,Goibibo,Business,0.678,47696
DELJUL26-01079,Saket,Midscale,Deluxe,2026-07-21,2026-07-23,2,3,8002,Confirmed,Booking.com,Family,0.581,48010
DELJUL26-01080,Lajpat Nagar,Budget,Standard,2026-07-17,2026-07-18,1,3,1398,Cancelled,Goibibo,Couple,0.723,0
DELJUL26-01081,Rohini,Midscale,Deluxe,2026-07-30,2026-08-01,2,1,3350,Confirmed,MakeMyTrip,Family,0.717,6700
DELJUL26-01082,Rohini,Economy,Deluxe,2026-07-03,2026-07-04,1,1,2478,Confirmed,Agoda,Group,0.887,2478
DELJUL26-01083,Rohini,Midscale,Deluxe,2026-07-23,2026-07-24,1,3,2812,Confirmed,Goibibo,Business,0.352,8436
DELJUL26-01084,Dwarka,Budget,Standard,2026-07-29,2026-07-31,2,3,2502,Confirmed,Goibibo,Leisure,0.411,15015
DELJUL26-01085,Karol Bagh,Upscale,Standard,2026-07-21,2026-07-23,2,3,6473,Confirmed,Direct,Business,0.822,38836
DELJUL26-01086,Lajpat Nagar,Economy,Standard,2026-07-18,2026-07-23,5,2,4190,Completed,Goibibo,Leisure,0.7,41904
DELJUL26-01087,Lajpat Nagar,Budget,Standard,2026-07-12,2026-07-16,4,3,2002,Confirmed,Agoda,Family,0.388,24029
DELJUL26-01088,Rohini,Economy,Deluxe,2026-07-09,2026-07-13,4,2,2332,Completed,Goibibo,Group,0.916,18655
DELJUL26-01089,South Delhi,Economy,Deluxe,2026-07-17,2026-07-20,3,1,6510,Confirmed,Goibibo,Family,0.74,19529
DELJUL26-01090,Connaught Place,Midscale,Standard,2026-07-28,2026-07-29,1,1,6437,Confirmed,Goibibo,Leisure,0.642,6437
DELJUL26-01091,Dwarka,Midscale,Deluxe,2026-07-15,2026-07-20,5,3,3978,Completed,Booking.com,Family,0.818,59672
DELJUL26-01092,Saket,Budget,Deluxe,2026-07-04,2026-07-07,3,2,2961,Completed,MakeMyTrip,Couple,0.708,17765
DELJUL26-01093,Lajpat Nagar,Upscale,Deluxe,2026-07-15,2026-07-18,3,3,6923,Confirmed,Direct,Group,0.574,62310
DELJUL26-01094,Paharganj,Economy,Deluxe,2026-07-04,2026-07-08,4,3,1192,Cancelled,Agoda,Family,0.528,0
DELJUL26-01095,Paharganj,Budget,Premium,2026-07-30,2026-07-31,1,3,1017,Completed,Direct,Family,0.622,3050
DELJUL26-01096,Aerocity,Upscale,Deluxe,2026-07-17,2026-07-20,3,1,17358,Confirmed,Agoda,Family,0.635,52073
DELJUL26-01097,Lajpat Nagar,Midscale,Standard,2026-07-07,2026-07-11,4,1,4839,Cancelled,Goibibo,Business,0.777,0
DELJUL26-01098,Greater Kailash,Midscale,Premium,2026-07-20,2026-07-24,4,2,9232,Confirmed,Goibibo,Leisure,0.634,73856
DELJUL26-01099,Aerocity,Economy,Standard,2026-07-17,2026-07-20,3,1,9083,Completed,Goibibo,Couple,0.361,27249
DELJUL26-01100,Saket,Economy,Deluxe,2026-07-16,2026-07-21,5,3,4425,Confirmed,Direct,Leisure,0.761,66371
DELJUL26-01101,Saket,Midscale,Suite,2026-07-19,2026-07-24,5,1,5109,Completed,Goibibo,Couple,0.392,25544
DELJUL26-01102,Saket,Budget,Standard,2026-07-29,2026-07-30,1,2,1976,Completed,MakeMyTrip,Family,0.858,3953
DELJUL26-01103,Rohini,Economy,Standard,2026-07-27,2026-07-28,1,3,2127,Completed,Agoda,Family,0.775,6380
DELJUL26-01104,Connaught Place,Luxury,Standard,2026-07-09,2026-07-12,3,1,10874,Confirmed,Walk-in,Business,0.709,32623
DELJUL26-01105,Paharganj,Midscale,Suite,2026-07-08,2026-07-13,5,2,3329,Completed,Walk-in,Group,0.622,33285
DELJUL26-01106,Connaught Place,Economy,Standard,2026-07-31,2026-08-03,3,1,3552,Confirmed,Walk-in,Couple,0.453,10657
DELJUL26-01107,Karol Bagh,Budget,Premium,2026-07-20,2026-07-22,2,3,1221,Confirmed,Agoda,Leisure,0.743,7325
DELJUL26-01108,Rohini,Midscale,Standard,2026-07-01,2026-07-04,3,3,2672,Confirmed,Booking.com,Group,0.416,24047
DELJUL26-01109,Rohini,Economy,Standard,2026-07-17,2026-07-22,5,2,1626,Completed,Booking.com,Leisure,0.713,16256
DELJUL26-01110,Aerocity,Budget,Standard,2026-07-04,2026-07-05,1,3,4318,Completed,Walk-in,Group,0.46,12953
DELJUL26-01111,South Delhi,Budget,Premium,2026-07-01,2026-07-04,3,1,4712,Completed,Walk-in,Family,0.708,14135
DELJUL26-01112,Karol Bagh,Midscale,Standard,2026-07-06,2026-07-10,4,1,3105,Confirmed,Booking.com,Family,0.441,12418
DELJUL26-01113,Connaught Place,Midscale,Premium,2026-07-08,2026-07-10,2,1,8789,Completed,Goibibo,Family,0.407,17578
DELJUL26-01114,Karol Bagh,Budget,Deluxe,2026-07-03,2026-07-04,1,1,2733,Completed,Walk-in,Family,0.633,2733
DELJUL26-01115,Connaught Place,Budget,Premium,2026-07-26,2026-07-30,4,3,5145,Completed,Walk-in,Leisure,0.776,61739
DELJUL26-01116,Saket,Midscale,Standard,2026-07-14,2026-07-18,4,2,6198,Completed,Walk-in,Leisure,0.493,49585
DELJUL26-01117,Rohini,Midscale,Deluxe,2026-07-18,2026-07-22,4,1,2277,Confirmed,MakeMyTrip,Couple,0.649,9109
DELJUL26-01118,Dwarka,Midscale,Standard,2026-07-27,2026-07-31,4,3,3076,Completed,Goibibo,Couple,0.829,36913
DELJUL26-01119,Greater Kailash,Budget,Standard,2026-07-26,2026-07-30,4,2,2628,Completed,Goibibo,Business,0.68,21021
DELJUL26-01120,Saket,Midscale,Deluxe,2026-07-26,2026-07-28,2,1,8841,Completed,Walk-in,Family,0.708,17682
DELJUL26-01121,Aerocity,Luxury,Standard,2026-07-07,2026-07-08,1,3,22177,Confirmed,Walk-in,Business,0.482,66530
DELJUL26-01122,Aerocity,Midscale,Suite,2026-07-24,2026-07-29,5,2,8802,Confirmed,Goibibo,Group,0.425,88017
DELJUL26-01123,Karol Bagh,Budget,Standard,2026-07-31,2026-08-02,2,2,2068,Confirmed,Walk-in,Leisure,0.439,8271
DELJUL26-01124,Karol Bagh,Midscale,Standard,2026-07-01,2026-07-06,5,2,5210,Cancelled,MakeMyTrip,Couple,0.934,0
DELJUL26-01125,Lajpat Nagar,Economy,Deluxe,2026-07-27,2026-07-30,3,1,2920,Confirmed,Goibibo,Business,0.402,8759
DELJUL26-01126,Lajpat Nagar,Budget,Standard,2026-07-27,2026-07-30,3,1,2379,Completed,Agoda,Leisure,0.441,7137
DELJUL26-01127,Lajpat Nagar,Economy,Standard,2026-07-27,2026-07-28,1,1,4118,Confirmed,Walk-in,Leisure,0.473,4118
DELJUL26-01128,South Delhi,Upscale,Suite,2026-07-13,2026-07-18,5,1,9788,Confirmed,Direct,Family,0.823,48939
DELJUL26-01129,Dwarka,Economy,Standard,2026-07-07,2026-07-10,3,1,3461,Confirmed,Direct,Leisure,0.589,10383
DELJUL26-01130,South Delhi,Upscale,Deluxe,2026-07-23,2026-07-28,5,3,6721,Confirmed,Booking.com,Couple,0.825,100818
DELJUL26-01131,Saket,Midscale,Standard,2026-07-20,2026-07-24,4,3,3626,Confirmed,Direct,Business,0.601,43513
DELJUL26-01132,South Delhi,Midscale,Standard,2026-07-23,2026-07-24,1,3,10298,Completed,Booking.com,Group,0.827,30894
DELJUL26-01133,Greater Kailash,Budget,Standard,2026-07-08,2026-07-13,5,2,4358,Completed,Walk-in,Leisure,0.887,43580
DELJUL26-01134,Greater Kailash,Midscale,Premium,2026-07-06,2026-07-09,3,1,5348,Confirmed,Goibibo,Business,0.618,16044
DELJUL26-01135,South Delhi,Budget,Deluxe,2026-07-28,2026-07-29,1,2,4282,Confirmed,Direct,Business,0.942,8565
DELJUL26-01136,Aerocity,Economy,Standard,2026-07-16,2026-07-19,3,3,5056,Completed,Agoda,Couple,0.91,45500
DELJUL26-01137,Greater Kailash,Economy,Standard,2026-07-27,2026-07-31,4,2,5183,Confirmed,Walk-in,Business,0.359,41462
DELJUL26-01138,Paharganj,Economy,Premium,2026-07-29,2026-08-02,4,2,1446,Completed,Walk-in,Leisure,0.688,11565
DELJUL26-01139,Greater Kailash,Midscale,Standard,2026-07-15,2026-07-17,2,1,8877,Completed,Walk-in,Family,0.744,17754
DELJUL26-01140,Dwarka,Budget,Deluxe,2026-07-09,2026-07-14,5,3,1867,Completed,Walk-in,Group,0.856,27998
DELJUL26-01141,Lajpat Nagar,Economy,Standard,2026-07-28,2026-07-30,2,2,2221,Confirmed,Agoda,Group,0.754,8882
DELJUL26-01142,Paharganj,Luxury,Standard,2026-07-23,2026-07-26,3,3,3572,Completed,Walk-in,Family,0.763,32147
DELJUL26-01143,Rohini,Budget,Standard,2026-07-21,2026-07-26,5,1,1922,Completed,Agoda,Group,0.524,9608
DELJUL26-01144,Lajpat Nagar,Economy,Standard,2026-07-30,2026-07-31,1,2,2032,Confirmed,Agoda,Couple,0.842,4065
DELJUL26-01145,Paharganj,Economy,Deluxe,2026-07-08,2026-07-11,3,1,1181,Cancelled,Booking.com,Couple,0.388,0
DELJUL26-01146,Saket,Economy,Standard,2026-07-12,2026-07-15,3,2,5942,Confirmed,Walk-in,Business,0.744,35652
DELJUL26-01147,Dwarka,Midscale,Premium,2026-07-02,2026-07-06,4,1,3370,Confirmed,Direct,Family,0.471,13481
DELJUL26-01148,Greater Kailash,Budget,Standard,2026-07-13,2026-07-17,4,1,3527,Completed,Booking.com,Group,0.809,14107
DELJUL26-01149,South Delhi,Economy,Standard,2026-07-14,2026-07-18,4,2,3534,Confirmed,Agoda,Group,0.824,28273
DELJUL26-01150,Lajpat Nagar,Midscale,Standard,2026-07-15,2026-07-17,2,2,5014,Confirmed,Agoda,Couple,0.455,20055
DELJUL26-01151,Paharganj,Economy,Standard,2026-07-05,2026-07-08,3,1,1841,Confirmed,Walk-in,Leisure,0.826,5524
DELJUL26-01152,Dwarka,Luxury,Standard,2026-07-26,2026-07-27,1,2,5263,Completed,Direct,Leisure,0.852,10527
DELJUL26-01153,Saket,Luxury,Standard,2026-07-16,2026-07-21,5,1,9091,Completed,Agoda,Family,0.382,45454
DELJUL26-01154,Rohini,Budget,Standard,2026-07-14,2026-07-16,2,2,1192,Completed,Direct,Family,0.608,4768
DELJUL26-01155,Paharganj,Economy,Standard,2026-07-27,2026-07-30,3,1,1638,Completed,Goibibo,Couple,0.466,4914
DELJUL26-01156,Dwarka,Budget,Standard,2026-07-16,2026-07-20,4,1,1220,Confirmed,Booking.com,Business,0.426,4879
DELJUL26-01157,Connaught Place,Budget,Standard,2026-07-28,2026-08-01,4,2,3456,Completed,Goibibo,Couple,0.832,27648
DELJUL26-01158,Lajpat Nagar,Economy,Standard,2026-07-07,2026-07-08,1,3,2799,Confirmed,Direct,Group,0.526,8397
DELJUL26-01159,Paharganj,Midscale,Standard,2026-07-27,2026-07-31,4,3,3649,Confirmed,Direct,Business,0.736,43793
DELJUL26-01160,Paharganj,Economy,Standard,2026-07-31,2026-08-02,2,3,1147,Completed,Walk-in,Couple,0.352,6884
DELJUL26-01161,Dwarka,Economy,Standard,2026-07-24,2026-07-27,3,1,2199,Completed,Goibibo,Leisure,0.398,6596
DELJUL26-01162,Saket,Economy,Standard,2026-07-28,2026-07-29,1,1,6131,Completed,MakeMyTrip,Family,0.716,6131
DELJUL26-01163,Lajpat Nagar,Luxury,Suite,2026-07-23,2026-07-27,4,3,11680,Completed,MakeMyTrip,Group,0.572,140159
DELJUL26-01164,Dwarka,Upscale,Standard,2026-07-19,2026-07-22,3,2,5571,Confirmed,Walk-in,Business,0.878,33428
DELJUL26-01165,Dwarka,Budget,Standard,2026-07-24,2026-07-25,1,2,1743,Confirmed,Agoda,Couple,0.399,3485
DELJUL26-01166,Connaught Place,Midscale,Premium,2026-07-30,2026-07-31,1,3,6804,Cancelled,MakeMyTrip,Group,0.724,0
DELJUL26-01167,Aerocity,Economy,Standard,2026-07-19,2026-07-23,4,1,6347,Completed,Direct,Family,0.772,25389
DELJUL26-01168,Paharganj,Midscale,Standard,2026-07-22,2026-07-23,1,2,2124,Completed,Agoda,Group,0.717,4248
DELJUL26-01169,Rohini,Midscale,Premium,2026-07-03,2026-07-06,3,2,2735,Completed,Booking.com,Couple,0.758,16409
DELJUL26-01170,Rohini,Upscale,Deluxe,2026-07-30,2026-08-03,4,3,4402,Confirmed,Booking.com,Family,0.5,52830
DELJUL26-01171,South Delhi,Budget,Deluxe,2026-07-25,2026-07-30,5,2,3660,Confirmed,Goibibo,Leisure,0.81,36598
DELJUL26-01172,South Delhi,Economy,Standard,2026-07-06,2026-07-07,1,2,6224,Confirmed,Walk-in,Couple,0.683,12448
DELJUL26-01173,Paharganj,Luxury,Standard,2026-07-09,2026-07-11,2,3,4109,Completed,Booking.com,Business,0.823,24656
DELJUL26-01174,Connaught Place,Budget,Standard,2026-07-07,2026-07-08,1,1,3373,Completed,Direct,Business,0.423,3373
DELJUL26-01175,Aerocity,Budget,Deluxe,2026-07-10,2026-07-15,5,1,6557,Cancelled,MakeMyTrip,Group,0.426,0
DELJUL26-01176,Paharganj,Midscale,Standard,2026-07-28,2026-07-31,3,2,4057,Completed,Agoda,Business,0.587,24344
DELJUL26-01177,Paharganj,Upscale,Deluxe,2026-07-15,2026-07-20,5,2,3107,Completed,Goibibo,Business,0.584,31072
DELJUL26-01178,Connaught Place,Midscale,Premium,2026-07-14,2026-07-15,1,2,7798,Confirmed,Walk-in,Group,0.427,15596
DELJUL26-01179,Karol Bagh,Upscale,Suite,2026-07-25,2026-07-29,4,3,4066,Confirmed,Booking.com,Business,0.399,48797
DELJUL26-01180,Aerocity,Midscale,Standard,2026-07-12,2026-07-13,1,1,6363,Confirmed,Agoda,Couple,0.398,6363
DELJUL26-01181,South Delhi,Budget,Deluxe,2026-07-28,2026-07-29,1,1,4003,Completed,Agoda,Family,0.381,4003
DELJUL26-01182,Rohini,Midscale,Deluxe,2026-07-24,2026-07-27,3,3,1947,Confirmed,Agoda,Leisure,0.37,17523
DELJUL26-01183,South Delhi,Upscale,Premium,2026-07-08,2026-07-10,2,3,7348,Cancelled,Walk-in,Family,0.835,0
DELJUL26-01184,Saket,Upscale,Premium,2026-07-20,2026-07-22,2,2,8547,Confirmed,Booking.com,Family,0.911,34187
DELJUL26-01185,Saket,Budget,Deluxe,2026-07-15,2026-07-16,1,1,2305,Completed,Booking.com,Couple,0.605,2305
DELJUL26-01186,Paharganj,Budget,Deluxe,2026-07-11,2026-07-14,3,2,896,Confirmed,MakeMyTrip,Business,0.462,5373
DELJUL26-01187,Connaught Place,Upscale,Standard,2026-07-29,2026-07-31,2,2,9162,Completed,MakeMyTrip,Business,0.547,36649
DELJUL26-01188,Dwarka,Economy,Deluxe,2026-07-13,2026-07-18,5,2,3592,Confirmed,Direct,Business,0.841,35918
DELJUL26-01189,Dwarka,Budget,Deluxe,2026-07-04,2026-07-08,4,1,2154,Completed,Booking.com,Family,0.908,8614
DELJUL26-01190,Aerocity,Upscale,Deluxe,2026-07-13,2026-07-16,3,2,11845,Completed,MakeMyTrip,Group,0.493,71073
DELJUL26-01191,Saket,Midscale,Deluxe,2026-07-17,2026-07-21,4,1,3145,Confirmed,Agoda,Family,0.368,12579
DELJUL26-01192,Karol Bagh,Economy,Standard,2026-07-04,2026-07-07,3,2,3075,Completed,Direct,Leisure,0.535,18450
DELJUL26-01193,Connaught Place,Budget,Standard,2026-07-24,2026-07-27,3,2,2477,Cancelled,Agoda,Group,0.581,0
DELJUL26-01194,Greater Kailash,Budget,Suite,2026-07-08,2026-07-13,5,2,3381,Confirmed,Agoda,Business,0.352,33809
DELJUL26-01195,Dwarka,Upscale,Standard,2026-07-03,2026-07-06,3,3,5457,Completed,Direct,Family,0.759,49109
DELJUL26-01196,South Delhi,Economy,Premium,2026-07-17,2026-07-20,3,1,4507,Completed,Walk-in,Group,0.425,13521
DELJUL26-01197,Greater Kailash,Budget,Deluxe,2026-07-05,2026-07-08,3,1,2715,Completed,Agoda,Leisure,0.399,8146
DELJUL26-01198,Rohini,Economy,Standard,2026-07-25,2026-07-29,4,3,1363,Completed,Agoda,Leisure,0.781,16351
DELJUL26-01199,Lajpat Nagar,Budget,Standard,2026-07-03,2026-07-07,4,1,1307,Completed,Agoda,Business,0.812,5227
DELJUL26-01200,South Delhi,Budget,Deluxe,2026-07-13,2026-07-16,3,3,3040,Confirmed,Agoda,Business,0.46,27360
DELJUL26-01201,Lajpat Nagar,Economy,Premium,2026-07-02,2026-07-03,1,2,4292,Confirmed,MakeMyTrip,Group,0.811,8584
DELJUL26-01202,Saket,Midscale,Standard,2026-07-12,2026-07-16,4,2,4445,Confirmed,Goibibo,Couple,0.528,35560
DELJUL26-01203,Rohini,Budget,Premium,2026-07-29,2026-08-01,3,2,1480,Completed,Goibibo,Couple,0.535,8880
DELJUL26-01204,Greater Kailash,Economy,Deluxe,2026-07-21,2026-07-26,5,3,5602,Confirmed,Booking.com,Business,0.423,84031
DELJUL26-01205,South Delhi,Economy,Standard,2026-07-17,2026-07-22,5,2,2884,Confirmed,Direct,Family,0.486,28835
DELJUL26-01206,Rohini,Economy,Standard,2026-07-05,2026-07-06,1,3,1734,Completed,Agoda,Family,0.373,5202
DELJUL26-01207,Dwarka,Budget,Standard,2026-07-10,2026-07-15,5,1,1526,Confirmed,Booking.com,Leisure,0.753,7628
DELJUL26-01208,Greater Kailash,Budget,Standard,2026-07-12,2026-07-17,5,1,4000,Confirmed,Booking.com,Family,0.861,19999
DELJUL26-01209,Karol Bagh,Budget,Standard,2026-07-18,2026-07-23,5,1,2137,Completed,Direct,Business,0.379,10686
DELJUL26-01210,Rohini,Economy,Standard,2026-07-07,2026-07-10,3,1,2299,Completed,MakeMyTrip,Group,0.503,6898
DELJUL26-01211,South Delhi,Midscale,Suite,2026-07-31,2026-08-02,2,3,7986,Completed,Goibibo,Couple,0.558,47916
DELJUL26-01212,Greater Kailash,Budget,Deluxe,2026-07-21,2026-07-25,4,1,4415,Confirmed,Walk-in,Group,0.586,17659
DELJUL26-01213,Saket,Upscale,Premium,2026-07-10,2026-07-15,5,1,13067,Completed,MakeMyTrip,Leisure,0.845,65335
DELJUL26-01214,Lajpat Nagar,Midscale,Deluxe,2026-07-04,2026-07-07,3,2,4600,Completed,MakeMyTrip,Leisure,0.376,27600
DELJUL26-01215,Aerocity,Budget,Deluxe,2026-07-19,2026-07-24,5,1,6959,Confirmed,Agoda,Family,0.718,34796
DELJUL26-01216,Connaught Place,Budget,Premium,2026-07-14,2026-07-16,2,1,4882,Confirmed,Booking.com,Family,0.669,9764
DELJUL26-01217,Dwarka,Budget,Standard,2026-07-21,2026-07-26,5,2,2517,Confirmed,Direct,Family,0.853,25174
DELJUL26-01218,Greater Kailash,Budget,Deluxe,2026-07-19,2026-07-20,1,2,4078,Completed,Direct,Couple,0.534,8156
DELJUL26-01219,Lajpat Nagar,Midscale,Premium,2026-07-20,2026-07-25,5,3,5484,Confirmed,Walk-in,Group,0.411,82265
DELJUL26-01220,Saket,Budget,Premium,2026-07-26,2026-07-31,5,2,2833,Cancelled,Agoda,Business,0.428,0
DELJUL26-01221,South Delhi,Upscale,Standard,2026-07-17,2026-07-21,4,3,10215,Cancelled,Booking.com,Business,0.728,0
DELJUL26-01222,Dwarka,Economy,Premium,2026-07-23,2026-07-27,4,1,2587,Completed,Booking.com,Business,0.677,10349
DELJUL26-01223,Rohini,Midscale,Deluxe,2026-07-12,2026-07-15,3,1,3872,Confirmed,Walk-in,Business,0.705,11617
DELJUL26-01224,South Delhi,Upscale,Standard,2026-07-30,2026-08-04,5,2,9242,Cancelled,Goibibo,Family,0.432,0
DELJUL26-01225,Saket,Midscale,Standard,2026-07-13,2026-07-14,1,1,8392,Completed,MakeMyTrip,Group,0.375,8392
DELJUL26-01226,Rohini,Upscale,Standard,2026-07-22,2026-07-24,2,1,5514,Confirmed,MakeMyTrip,Family,0.69,11027
DELJUL26-01227,Connaught Place,Luxury,Standard,2026-07-31,2026-08-01,1,2,21242,Completed,MakeMyTrip,Family,0.399,42485
DELJUL26-01228,Rohini,Economy,Standard,2026-07-11,2026-07-13,2,2,1851,Confirmed,Agoda,Group,0.908,7403
DELJUL26-01229,Connaught Place,Budget,Standard,2026-07-04,2026-07-07,3,1,4288,Confirmed,Booking.com,Business,0.832,12863
DELJUL26-01230,Karol Bagh,Economy,Premium,2026-07-08,2026-07-10,2,1,3633,Confirmed,Walk-in,Leisure,0.458,7266
DELJUL26-01231,Lajpat Nagar,Budget,Premium,2026-07-08,2026-07-11,3,1,3021,Confirmed,Booking.com,Business,0.709,9064
DELJUL26-01232,Greater Kailash,Midscale,Premium,2026-07-02,2026-07-04,2,1,8333,Confirmed,Booking.com,Leisure,0.429,16666
DELJUL26-01233,Rohini,Economy,Deluxe,2026-07-17,2026-07-19,2,3,2251,Completed,MakeMyTrip,Business,0.912,13506
DELJUL26-01234,Greater Kailash,Economy,Premium,2026-07-09,2026-07-12,3,1,5572,Confirmed,Agoda,Group,0.704,16716
DELJUL26-01235,South Delhi,Upscale,Standard,2026-07-04,2026-07-06,2,3,7307,Confirmed,Direct,Group,0.541,43840
DELJUL26-01236,Paharganj,Economy,Standard,2026-07-05,2026-07-10,5,3,3068,Completed,Direct,Group,0.758,46022
DELJUL26-01237,Aerocity,Midscale,Standard,2026-07-09,2026-07-14,5,1,8557,Completed,MakeMyTrip,Business,0.352,42786
DELJUL26-01238,Connaught Place,Economy,Standard,2026-07-12,2026-07-17,5,1,6641,Confirmed,Direct,Family,0.523,33205
DELJUL26-01239,Karol Bagh,Upscale,Deluxe,2026-07-31,2026-08-01,1,2,6777,Confirmed,MakeMyTrip,Group,0.491,13554
DELJUL26-01240,Aerocity,Midscale,Standard,2026-07-22,2026-07-25,3,2,10036,Confirmed,MakeMyTrip,Couple,0.558,60214
DELJUL26-01241,Dwarka,Budget,Suite,2026-07-23,2026-07-27,4,1,1579,Completed,Goibibo,Leisure,0.401,6316
DELJUL26-01242,Greater Kailash,Midscale,Standard,2026-07-22,2026-07-24,2,3,5091,Completed,Booking.com,Group,0.931,30544
DELJUL26-01243,Rohini,Budget,Standard,2026-07-25,2026-07-27,2,2,2105,Confirmed,Goibibo,Leisure,0.631,8421
DELJUL26-01244,Saket,Midscale,Standard,2026-07-10,2026-07-14,4,2,6441,Confirmed,Walk-in,Business,0.864,51526
DELJUL26-01245,Lajpat Nagar,Midscale,Standard,2026-07-04,2026-07-05,1,3,2815,Cancelled,MakeMyTrip,Family,0.386,0
DELJUL26-01246,Rohini,Economy,Suite,2026-07-16,2026-07-20,4,1,2818,Completed,Agoda,Couple,0.857,11273
DELJUL26-01247,Lajpat Nagar,Midscale,Deluxe,2026-07-01,2026-07-04,3,3,3601,Confirmed,Booking.com,Couple,0.742,32412
DELJUL26-01248,Saket,Upscale,Standard,2026-07-07,2026-07-11,4,2,10456,Confirmed,Walk-in,Couple,0.757,83651
DELJUL26-01249,Paharganj,Upscale,Deluxe,2026-07-24,2026-07-28,4,2,2773,Confirmed,Goibibo,Business,0.834,22186
DELJUL26-01250,Rohini,Midscale,Standard,2026-07-16,2026-07-19,3,1,2292,Completed,Direct,Business,0.666,6876
DELJUL26-01251,Karol Bagh,Midscale,Standard,2026-07-22,2026-07-25,3,1,2526,Completed,Walk-in,Couple,0.73,7578
DELJUL26-01252,Saket,Economy,Standard,2026-07-16,2026-07-17,1,3,4575,Confirmed,Agoda,Group,0.89,13725
DELJUL26-01253,Aerocity,Upscale,Standard,2026-07-17,2026-07-22,5,2,14636,Completed,MakeMyTrip,Group,0.425,146361
DELJUL26-01254,Greater Kailash,Upscale,Deluxe,2026-07-10,2026-07-11,1,3,9193,Confirmed,Goibibo,Group,0.383,27579
DELJUL26-01255,South Delhi,Budget,Premium,2026-07-07,2026-07-12,5,3,3375,Completed,Walk-in,Couple,0.94,50632
DELJUL26-01256,Aerocity,Budget,Standard,2026-07-09,2026-07-14,5,2,5532,Completed,Direct,Family,0.879,55316
DELJUL26-01257,Karol Bagh,Economy,Deluxe,2026-07-25,2026-07-29,4,1,2489,Cancelled,Direct,Couple,0.658,0
DELJUL26-01258,Dwarka,Budget,Deluxe,2026-07-31,2026-08-04,4,1,1632,Confirmed,Agoda,Leisure,0.818,6527
DELJUL26-01259,Dwarka,Economy,Standard,2026-07-03,2026-07-04,1,2,3393,Confirmed,Booking.com,Group,0.879,6786
DELJUL26-01260,Lajpat Nagar,Budget,Standard,2026-07-17,2026-07-22,5,3,1608,Completed,Walk-in,Group,0.63,24120
DELJUL26-01261,Karol Bagh,Midscale,Standard,2026-07-15,2026-07-18,3,2,4902,Cancelled,Agoda,Family,0.409,0
DELJUL26-01262,Rohini,Budget,Standard,2026-07-18,2026-07-20,2,2,1394,Confirmed,Walk-in,Family,0.638,5575
DELJUL26-01263,Saket,Economy,Standard,2026-07-08,2026-07-12,4,2,2756,Completed,Agoda,Family,0.561,22051
DELJUL26-01264,Lajpat Nagar,Midscale,Standard,2026-07-01,2026-07-04,3,1,3064,Confirmed,Walk-in,Leisure,0.364,9191
DELJUL26-01265,Karol Bagh,Economy,Standard,2026-07-07,2026-07-09,2,2,1855,Confirmed,Goibibo,Business,0.925,7422
DELJUL26-01266,Aerocity,Economy,Deluxe,2026-07-06,2026-07-08,2,3,9127,Completed,Direct,Couple,0.779,54761
DELJUL26-01267,Aerocity,Upscale,Standard,2026-07-02,2026-07-03,1,3,14263,Confirmed,Booking.com,Leisure,0.821,42789
DELJUL26-01268,Paharganj,Luxury,Premium,2026-07-12,2026-07-17,5,2,4510,Confirmed,Walk-in,Couple,0.708,45103
DELJUL26-01269,Rohini,Midscale,Standard,2026-07-22,2026-07-26,4,1,3097,Confirmed,Booking.com,Business,0.512,12387
DELJUL26-01270,Aerocity,Budget,Standard,2026-07-30,2026-08-01,2,3,5667,Completed,Walk-in,Leisure,0.701,34002
DELJUL26-01271,Paharganj,Budget,Deluxe,2026-07-21,2026-07-25,4,3,2290,Confirmed,Walk-in,Family,0.758,27483
DELJUL26-01272,Connaught Place,Luxury,Deluxe,2026-07-06,2026-07-10,4,3,20821,Confirmed,Agoda,Business,0.708,249850
DELJUL26-01273,Rohini,Midscale,Premium,2026-07-12,2026-07-13,1,2,3402,Confirmed,Direct,Family,0.426,6805
DELJUL26-01274,South Delhi,Upscale,Standard,2026-07-10,2026-07-11,1,1,11551,Confirmed,Booking.com,Group,0.838,11551
DELJUL26-01275,Greater Kailash,Midscale,Standard,2026-07-07,2026-07-09,2,2,8861,Confirmed,Agoda,Couple,0.529,35443
DELJUL26-01276,Greater Kailash,Budget,Deluxe,2026-07-31,2026-08-01,1,1,3412,Confirmed,MakeMyTrip,Group,0.588,3412
DELJUL26-01277,South Delhi,Economy,Deluxe,2026-07-21,2026-07-26,5,3,5789,Confirmed,MakeMyTrip,Business,0.68,86838
DELJUL26-01278,Greater Kailash,Upscale,Premium,2026-07-15,2026-07-16,1,2,6538,Completed,Direct,Family,0.937,13076
DELJUL26-01279,Aerocity,Upscale,Premium,2026-07-14,2026-07-19,5,1,14004,Confirmed,MakeMyTrip,Couple,0.538,70021
DELJUL26-01280,Lajpat Nagar,Budget,Standard,2026-07-10,2026-07-13,3,3,3046,Confirmed,Direct,Leisure,0.375,27412
DELJUL26-01281,Greater Kailash,Midscale,Deluxe,2026-07-13,2026-07-14,1,2,4292,Completed,Direct,Group,0.933,8584
DELJUL26-01282,Greater Kailash,Budget,Deluxe,2026-07-20,2026-07-25,5,1,5155,Confirmed,Walk-in,Business,0.924,25775
DELJUL26-01283,Paharganj,Luxury,Deluxe,2026-07-29,2026-07-30,1,3,7790,Confirmed,Agoda,Family,0.469,23371
DELJUL26-01284,Lajpat Nagar,Economy,Standard,2026-07-16,2026-07-21,5,1,2034,Completed,Walk-in,Family,0.847,10169
DELJUL26-01285,Paharganj,Midscale,Premium,2026-07-06,2026-07-07,1,2,3035,Completed,Walk-in,Leisure,0.902,6070
DELJUL26-01286,Aerocity,Budget,Deluxe,2026-07-30,2026-08-03,4,2,7333,Completed,Walk-in,Business,0.358,58666
DELJUL26-01287,Rohini,Midscale,Standard,2026-07-10,2026-07-12,2,1,3984,Cancelled,MakeMyTrip,Leisure,0.803,0
DELJUL26-01288,Karol Bagh,Midscale,Standard,2026-07-03,2026-07-06,3,1,2356,Completed,Booking.com,Couple,0.458,7067
DELJUL26-01289,Connaught Place,Economy,Deluxe,2026-07-17,2026-07-22,5,3,4542,Confirmed,Agoda,Couple,0.846,68135
DELJUL26-01290,South Delhi,Upscale,Premium,2026-07-25,2026-07-29,4,1,10991,Confirmed,Goibibo,Leisure,0.363,43966
DELJUL26-01291,Karol Bagh,Upscale,Standard,2026-07-08,2026-07-10,2,1,3739,Completed,MakeMyTrip,Leisure,0.765,7478
DELJUL26-01292,Lajpat Nagar,Upscale,Premium,2026-07-09,2026-07-10,1,3,5199,Confirmed,MakeMyTrip,Group,0.84,15597
DELJUL26-01293,Saket,Economy,Standard,2026-07-09,2026-07-11,2,1,2519,Completed,Booking.com,Business,0.371,5038
DELJUL26-01294,Aerocity,Midscale,Standard,2026-07-26,2026-07-31,5,2,8248,Confirmed,MakeMyTrip,Group,0.804,82479
DELJUL26-01295,Rohini,Midscale,Deluxe,2026-07-30,2026-08-02,3,1,2808,Confirmed,Walk-in,Couple,0.421,8425
DELJUL26-01296,Dwarka,Midscale,Standard,2026-07-27,2026-07-31,4,2,4329,Completed,MakeMyTrip,Couple,0.397,34635
DELJUL26-01297,Karol Bagh,Economy,Standard,2026-07-08,2026-07-11,3,3,2605,Cancelled,Goibibo,Business,0.902,0
DELJUL26-01298,South Delhi,Midscale,Deluxe,2026-07-27,2026-07-30,3,1,8012,Cancelled,Walk-in,Business,0.904,0
DELJUL26-01299,Dwarka,Budget,Standard,2026-07-10,2026-07-11,1,1,1709,Confirmed,Walk-in,Couple,0.795,1709
DELJUL26-01300,Aerocity,Economy,Standard,2026-07-27,2026-07-28,1,2,6687,Confirmed,Agoda,Couple,0.884,13373
DELJUL26-01301,Greater Kailash,Budget,Standard,2026-07-31,2026-08-04,4,3,2120,Completed,Direct,Family,0.36,25434
DELJUL26-01302,Saket,Economy,Standard,2026-07-23,2026-07-25,2,2,3677,Confirmed,Walk-in,Business,0.657,14707
DELJUL26-01303,South Delhi,Budget,Standard,2026-07-30,2026-08-01,2,3,2781,Completed,Direct,Couple,0.873,16688
DELJUL26-01304,Lajpat Nagar,Budget,Standard,2026-07-05,2026-07-07,2,2,1697,Cancelled,Direct,Business,0.886,0
DELJUL26-01305,South Delhi,Upscale,Premium,2026-07-21,2026-07-25,4,1,5706,Confirmed,MakeMyTrip,Group,0.57,22822
DELJUL26-01306,South Delhi,Midscale,Deluxe,2026-07-02,2026-07-07,5,3,4168,Confirmed,MakeMyTrip,Couple,0.545,62525
DELJUL26-01307,Karol Bagh,Budget,Deluxe,2026-07-21,2026-07-25,4,3,1925,Completed,Direct,Business,0.77,23095
DELJUL26-01308,Karol Bagh,Upscale,Standard,2026-07-11,2026-07-15,4,1,5042,Confirmed,Goibibo,Group,0.386,20168
DELJUL26-01309,Saket,Upscale,Standard,2026-07-31,2026-08-05,5,1,11402,Confirmed,Walk-in,Leisure,0.818,57011
DELJUL26-01310,Lajpat Nagar,Upscale,Premium,2026-07-16,2026-07-19,3,2,7525,Completed,Goibibo,Group,0.5,45148
DELJUL26-01311,Dwarka,Upscale,Deluxe,2026-07-24,2026-07-25,1,1,4623,Confirmed,Walk-in,Family,0.663,4623
DELJUL26-01312,Paharganj,Luxury,Premium,2026-07-10,2026-07-13,3,3,4037,Completed,Walk-in,Business,0.466,36335
DELJUL26-01313,Greater Kailash,Midscale,Standard,2026-07-03,2026-07-08,5,1,7215,Confirmed,Agoda,Group,0.791,36073
DELJUL26-01314,Lajpat Nagar,Luxury,Deluxe,2026-07-24,2026-07-28,4,1,5643,Confirmed,Booking.com,Couple,0.924,22570
DELJUL26-01315,Rohini,Luxury,Deluxe,2026-07-07,2026-07-09,2,1,5523,Cancelled,Goibibo,Leisure,0.675,0
DELJUL26-01316,Karol Bagh,Economy,Standard,2026-07-23,2026-07-25,2,3,2815,Confirmed,Direct,Business,0.92,16892
DELJUL26-01317,Greater Kailash,Upscale,Premium,2026-07-15,2026-07-20,5,1,8292,Completed,Agoda,Family,0.591,41461
DELJUL26-01318,Dwarka,Upscale,Standard,2026-07-31,2026-08-01,1,2,4520,Confirmed,Walk-in,Couple,0.522,9039
DELJUL26-01319,Saket,Upscale,Standard,2026-07-11,2026-07-16,5,3,8688,Cancelled,Direct,Group,0.853,0
DELJUL26-01320,Paharganj,Upscale,Standard,2026-07-13,2026-07-17,4,1,5086,Completed,Goibibo,Business,0.373,20342
DELJUL26-01321,Connaught Place,Economy,Deluxe,2026-07-23,2026-07-28,5,1,8182,Completed,Direct,Group,0.519,40912
DELJUL26-01322,Karol Bagh,Economy,Premium,2026-07-25,2026-07-27,2,1,3333,Confirmed,Goibibo,Couple,0.764,6667
DELJUL26-01323,Dwarka,Midscale,Standard,2026-07-04,2026-07-08,4,1,3591,Confirmed,MakeMyTrip,Business,0.463,14363
DELJUL26-01324,Lajpat Nagar,Midscale,Suite,2026-07-23,2026-07-25,2,1,2863,Confirmed,Walk-in,Group,0.884,5725
DELJUL26-01325,Lajpat Nagar,Upscale,Standard,2026-07-16,2026-07-17,1,3,5538,Completed,Booking.com,Group,0.639,16613
DELJUL26-01326,Connaught Place,Upscale,Premium,2026-07-31,2026-08-03,3,3,11436,Completed,Agoda,Business,0.498,102924
DELJUL26-01327,South Delhi,Midscale,Deluxe,2026-07-20,2026-07-25,5,2,5229,Completed,Goibibo,Family,0.573,52291
DELJUL26-01328,Aerocity,Luxury,Premium,2026-07-24,2026-07-26,2,3,18788,Confirmed,Agoda,Group,0.52,112727
DELJUL26-01329,South Delhi,Budget,Deluxe,2026-07-11,2026-07-12,1,1,4898,Confirmed,Walk-in,Family,0.771,4898
DELJUL26-01330,Paharganj,Luxury,Standard,2026-07-09,2026-07-14,5,2,5071,Confirmed,Booking.com,Couple,0.416,50712
DELJUL26-01331,Saket,Budget,Standard,2026-07-25,2026-07-30,5,2,2973,Confirmed,Direct,Couple,0.862,29731
DELJUL26-01332,Greater Kailash,Midscale,Premium,2026-07-01,2026-07-06,5,1,6129,Confirmed,Goibibo,Family,0.439,30646
DELJUL26-01333,Saket,Budget,Premium,2026-07-18,2026-07-23,5,2,2996,Confirmed,Direct,Business,0.519,29960
DELJUL26-01334,Lajpat Nagar,Midscale,Deluxe,2026-07-31,2026-08-05,5,2,4310,Confirmed,MakeMyTrip,Family,0.726,43095
DELJUL26-01335,Dwarka,Economy,Deluxe,2026-07-31,2026-08-05,5,3,2468,Cancelled,Goibibo,Group,0.563,0
DELJUL26-01336,Rohini,Budget,Standard,2026-07-23,2026-07-28,5,2,1654,Confirmed,Goibibo,Business,0.656,16542
DELJUL26-01337,South Delhi,Midscale,Standard,2026-07-16,2026-07-20,4,2,8487,Confirmed,Direct,Group,0.691,67895
DELJUL26-01338,Karol Bagh,Midscale,Standard,2026-07-26,2026-07-28,2,1,2223,Completed,Goibibo,Business,0.505,4446
DELJUL26-01339,Greater Kailash,Budget,Deluxe,2026-07-01,2026-07-04,3,2,4394,Completed,Agoda,Family,0.671,26366
DELJUL26-01340,Saket,Midscale,Deluxe,2026-07-25,2026-07-27,2,1,4927,Confirmed,Direct,Leisure,0.914,9855
DELJUL26-01341,Dwarka,Budget,Deluxe,2026-07-06,2026-07-09,3,2,2065,Completed,MakeMyTrip,Group,0.351,12391
DELJUL26-01342,Connaught Place,Budget,Deluxe,2026-07-23,2026-07-27,4,2,4913,Cancelled,MakeMyTrip,Couple,0.708,0
DELJUL26-01343,Connaught Place,Budget,Standard,2026-07-11,2026-07-13,2,1,5126,Cancelled,MakeMyTrip,Leisure,0.542,0
DELJUL26-01344,Dwarka,Midscale,Standard,2026-07-24,2026-07-25,1,2,4158,Completed,MakeMyTrip,Business,0.867,8317
DELJUL26-01345,Connaught Place,Upscale,Standard,2026-07-19,2026-07-23,4,3,15560,Confirmed,Direct,Family,0.408,186725
DELJUL26-01346,Rohini,Midscale,Standard,2026-07-29,2026-08-03,5,3,2585,Completed,Goibibo,Family,0.386,38770
DELJUL26-01347,Lajpat Nagar,Upscale,Deluxe,2026-07-25,2026-07-30,5,3,6838,Confirmed,Direct,Leisure,0.593,102572
DELJUL26-01348,Greater Kailash,Midscale,Deluxe,2026-07-29,2026-07-30,1,2,6868,Confirmed,Direct,Group,0.754,13736
DELJUL26-01349,Greater Kailash,Upscale,Premium,2026-07-05,2026-07-08,3,2,7786,Confirmed,Goibibo,Family,0.354,46713
DELJUL26-01350,Dwarka,Luxury,Standard,2026-07-12,2026-07-15,3,1,5633,Confirmed,Walk-in,Couple,0.837,16899
DELJUL26-01351,Aerocity,Economy,Premium,2026-07-14,2026-07-17,3,3,7141,Confirmed,Agoda,Couple,0.552,64268
DELJUL26-01352,Paharganj,Budget,Deluxe,2026-07-01,2026-07-05,4,1,1211,Cancelled,MakeMyTrip,Leisure,0.902,0
DELJUL26-01353,Saket,Budget,Standard,2026-07-01,2026-07-04,3,3,2730,Confirmed,MakeMyTrip,Business,0.893,24571
DELJUL26-01354,Rohini,Midscale,Deluxe,2026-07-02,2026-07-07,5,3,2550,Confirmed,MakeMyTrip,Couple,0.808,38246
DELJUL26-01355,Karol Bagh,Midscale,Suite,2026-07-24,2026-07-29,5,2,3524,Confirmed,Direct,Couple,0.792,35238
DELJUL26-01356,Saket,Budget,Standard,2026-07-14,2026-07-18,4,2,2583,Confirmed,Goibibo,Business,0.71,20663
DELJUL26-01357,Paharganj,Upscale,Deluxe,2026-07-24,2026-07-27,3,3,5112,Confirmed,Direct,Business,0.827,46011
DELJUL26-01358,Connaught Place,Luxury,Standard,2026-07-26,2026-07-29,3,1,13880,Confirmed,Agoda,Couple,0.457,41640
DELJUL26-01359,Connaught Place,Economy,Standard,2026-07-02,2026-07-07,5,3,6834,Completed,MakeMyTrip,Business,0.84,102516
DELJUL26-01360,Paharganj,Budget,Standard,2026-07-27,2026-07-29,2,3,1085,Completed,MakeMyTrip,Leisure,0.689,6509
DELJUL26-01361,Aerocity,Budget,Standard,2026-07-07,2026-07-12,5,2,5324,Confirmed,MakeMyTrip,Family,0.819,53239
DELJUL26-01362,Aerocity,Economy,Deluxe,2026-07-13,2026-07-16,3,2,5911,Confirmed,Direct,Leisure,0.646,35468
DELJUL26-01363,Paharganj,Upscale,Standard,2026-07-30,2026-07-31,1,2,4100,Completed,Booking.com,Family,0.729,8201
DELJUL26-01364,Karol Bagh,Midscale,Deluxe,2026-07-10,2026-07-14,4,1,3106,Completed,Booking.com,Group,0.555,12423
DELJUL26-01365,Dwarka,Budget,Premium,2026-07-30,2026-08-01,2,3,2491,Completed,Walk-in,Leisure,0.605,14945
DELJUL26-01366,Aerocity,Economy,Premium,2026-07-16,2026-07-19,3,1,5954,Completed,Direct,Business,0.569,17861
DELJUL26-01367,Paharganj,Budget,Standard,2026-07-01,2026-07-06,5,2,1614,Completed,Direct,Family,0.794,16145
DELJUL26-01368,Saket,Economy,Standard,2026-07-26,2026-07-30,4,3,3943,Confirmed,Booking.com,Leisure,0.47,47313
DELJUL26-01369,Rohini,Economy,Standard,2026-07-02,2026-07-06,4,1,2114,Confirmed,MakeMyTrip,Family,0.908,8454
DELJUL26-01370,South Delhi,Midscale,Standard,2026-07-20,2026-07-21,1,2,7377,Completed,Goibibo,Business,0.848,14754
DELJUL26-01371,Lajpat Nagar,Midscale,Standard,2026-07-15,2026-07-20,5,2,3459,Cancelled,MakeMyTrip,Couple,0.867,0
DELJUL26-01372,Paharganj,Upscale,Deluxe,2026-07-05,2026-07-07,2,1,2703,Completed,Goibibo,Business,0.898,5406
DELJUL26-01373,Saket,Budget,Deluxe,2026-07-16,2026-07-17,1,3,2496,Completed,Goibibo,Group,0.612,7487
DELJUL26-01374,Saket,Upscale,Standard,2026-07-12,2026-07-17,5,2,6192,Confirmed,Booking.com,Group,0.885,61921
DELJUL26-01375,Lajpat Nagar,Budget,Standard,2026-07-04,2026-07-05,1,1,3046,Confirmed,Direct,Group,0.616,3046
DELJUL26-01376,Rohini,Economy,Premium,2026-07-18,2026-07-20,2,1,1894,Completed,Agoda,Leisure,0.411,3789
DELJUL26-01377,Rohini,Upscale,Premium,2026-07-02,2026-07-03,1,1,2196,Completed,Walk-in,Group,0.38,2196
DELJUL26-01378,Greater Kailash,Midscale,Deluxe,2026-07-17,2026-07-21,4,3,8164,Completed,Direct,Leisure,0.388,97968
DELJUL26-01379,Dwarka,Budget,Deluxe,2026-07-08,2026-07-13,5,2,1348,Completed,Walk-in,Business,0.463,13476
DELJUL26-01380,Dwarka,Economy,Deluxe,2026-07-26,2026-07-29,3,3,2455,Completed,Walk-in,Group,0.566,22099
DELJUL26-01381,Rohini,Midscale,Standard,2026-07-30,2026-08-04,5,3,3576,Confirmed,Agoda,Group,0.938,53635
DELJUL26-01382,Karol Bagh,Luxury,Premium,2026-07-29,2026-08-03,5,3,8651,Confirmed,Goibibo,Business,0.495,129766
DELJUL26-01383,Paharganj,Midscale,Standard,2026-07-30,2026-08-04,5,3,3148,Confirmed,MakeMyTrip,Group,0.898,47219
DELJUL26-01384,Lajpat Nagar,Budget,Deluxe,2026-07-04,2026-07-05,1,2,2045,Confirmed,Goibibo,Leisure,0.836,4090
DELJUL26-01385,Paharganj,Economy,Standard,2026-07-16,2026-07-18,2,2,2811,Completed,Direct,Business,0.867,11243
DELJUL26-01386,Karol Bagh,Budget,Deluxe,2026-07-07,2026-07-09,2,3,1297,Confirmed,Booking.com,Leisure,0.821,7783
DELJUL26-01387,Dwarka,Budget,Deluxe,2026-07-03,2026-07-07,4,3,3256,Completed,MakeMyTrip,Family,0.934,39077
DELJUL26-01388,Paharganj,Midscale,Deluxe,2026-07-13,2026-07-18,5,1,3885,Confirmed,Goibibo,Group,0.422,19424
DELJUL26-01389,Lajpat Nagar,Upscale,Standard,2026-07-14,2026-07-16,2,2,7557,Completed,Booking.com,Couple,0.637,30226
DELJUL26-01390,Rohini,Budget,Deluxe,2026-07-10,2026-07-14,4,3,1163,Confirmed,MakeMyTrip,Family,0.556,13961
DELJUL26-01391,Paharganj,Upscale,Deluxe,2026-07-04,2026-07-05,1,2,2908,Cancelled,Agoda,Leisure,0.521,0
DELJUL26-01392,Dwarka,Midscale,Deluxe,2026-07-13,2026-07-16,3,1,4683,Confirmed,Walk-in,Couple,0.618,14050
DELJUL26-01393,Rohini,Upscale,Standard,2026-07-05,2026-07-09,4,2,4422,Confirmed,Agoda,Business,0.639,35374
DELJUL26-01394,Greater Kailash,Budget,Deluxe,2026-07-02,2026-07-04,2,1,3616,Confirmed,Direct,Couple,0.942,7232
DELJUL26-01395,Karol Bagh,Economy,Deluxe,2026-07-14,2026-07-15,1,2,3237,Completed,Goibibo,Leisure,0.509,6474
DELJUL26-01396,Dwarka,Budget,Standard,2026-07-03,2026-07-06,3,3,2404,Cancelled,MakeMyTrip,Family,0.897,0
DELJUL26-01397,South Delhi,Budget,Deluxe,2026-07-30,2026-08-03,4,3,3036,Completed,Goibibo,Family,0.45,36431
DELJUL26-01398,South Delhi,Economy,Standard,2026-07-26,2026-07-31,5,3,4433,Completed,Agoda,Couple,0.749,66502
DELJUL26-01399,Aerocity,Economy,Deluxe,2026-07-29,2026-08-02,4,3,5659,Confirmed,Booking.com,Group,0.533,67908
DELJUL26-01400,Karol Bagh,Budget,Standard,2026-07-04,2026-07-08,4,2,1533,Confirmed,Goibibo,Group,0.926,12263
DELJUL26-01401,Lajpat Nagar,Budget,Premium,2026-07-15,2026-07-18,3,2,1531,Confirmed,Walk-in,Business,0.731,9186
DELJUL26-01402,Karol Bagh,Upscale,Standard,2026-07-26,2026-07-31,5,2,6377,Confirmed,Goibibo,Couple,0.389,63766
DELJUL26-01403,Karol Bagh,Upscale,Standard,2026-07-18,2026-07-23,5,1,5884,Confirmed,Goibibo,Couple,0.904,29421
DELJUL26-01404,Paharganj,Economy,Standard,2026-07-10,2026-07-15,5,1,2081,Completed,Walk-in,Group,0.526,10403
DELJUL26-01405,Connaught Place,Luxury,Premium,2026-07-26,2026-07-31,5,2,12011,Completed,Direct,Group,0.906,120113
DELJUL26-01406,Connaught Place,Budget,Standard,2026-07-10,2026-07-13,3,2,5502,Confirmed,MakeMyTrip,Leisure,0.358,33012
DELJUL26-01407,Paharganj,Economy,Standard,2026-07-31,2026-08-05,5,1,2474,Completed,MakeMyTrip,Group,0.481,12370
DELJUL26-01408,Lajpat Nagar,Upscale,Standard,2026-07-04,2026-07-08,4,1,6839,Completed,Direct,Family,0.517,27355
DELJUL26-01409,Aerocity,Economy,Premium,2026-07-22,2026-07-26,4,1,7610,Confirmed,MakeMyTrip,Group,0.763,30439
DELJUL26-01410,Karol Bagh,Budget,Standard,2026-07-01,2026-07-05,4,1,2373,Completed,Walk-in,Couple,0.829,9490
DELJUL26-01411,Aerocity,Economy,Deluxe,2026-07-29,2026-07-30,1,3,7946,Completed,Agoda,Business,0.728,23839
DELJUL26-01412,Dwarka,Midscale,Standard,2026-07-12,2026-07-17,5,2,3095,Completed,Direct,Business,0.387,30952
DELJUL26-01413,Karol Bagh,Midscale,Standard,2026-07-01,2026-07-03,2,3,5141,Completed,Walk-in,Group,0.61,30848
DELJUL26-01414,Greater Kailash,Economy,Standard,2026-07-26,2026-07-30,4,3,3918,Confirmed,Agoda,Leisure,0.646,47019
DELJUL26-01415,Dwarka,Economy,Deluxe,2026-07-30,2026-08-04,5,3,2922,Confirmed,Walk-in,Leisure,0.565,43826
DELJUL26-01416,Greater Kailash,Economy,Standard,2026-07-29,2026-07-30,1,3,4303,Completed,Direct,Leisure,0.602,12908
DELJUL26-01417,South Delhi,Midscale,Suite,2026-07-16,2026-07-18,2,1,5961,Confirmed,Walk-in,Family,0.64,11922
DELJUL26-01418,Saket,Budget,Standard,2026-07-02,2026-07-07,5,3,3487,Confirmed,Direct,Business,0.682,52312
DELJUL26-01419,Lajpat Nagar,Upscale,Deluxe,2026-07-08,2026-07-10,2,3,5744,Confirmed,Direct,Family,0.729,34462
DELJUL26-01420,Saket,Midscale,Standard,2026-07-01,2026-07-05,4,3,6421,Cancelled,MakeMyTrip,Group,0.476,0
DELJUL26-01421,Rohini,Economy,Standard,2026-07-02,2026-07-05,3,1,1840,Confirmed,Agoda,Business,0.891,5521
DELJUL26-01422,Rohini,Midscale,Premium,2026-07-05,2026-07-10,5,1,3715,Completed,Walk-in,Leisure,0.847,18574
DELJUL26-01423,Dwarka,Budget,Deluxe,2026-07-18,2026-07-21,3,2,1743,Cancelled,Goibibo,Business,0.822,0
DELJUL26-01424,South Delhi,Economy,Deluxe,2026-07-24,2026-07-27,3,1,7820,Confirmed,Direct,Couple,0.834,23459
DELJUL26-01425,Karol Bagh,Economy,Deluxe,2026-07-19,2026-07-20,1,3,2190,Confirmed,Walk-in,Couple,0.665,6570
DELJUL26-01426,Lajpat Nagar,Economy,Standard,2026-07-07,2026-07-10,3,2,3148,Completed,Booking.com,Leisure,0.922,18889
DELJUL26-01427,South Delhi,Midscale,Premium,2026-07-19,2026-07-22,3,1,6739,Completed,Agoda,Group,0.57,20216
DELJUL26-01428,Rohini,Luxury,Standard,2026-07-08,2026-07-12,4,1,6865,Completed,Booking.com,Family,0.602,27459
DELJUL26-01429,Karol Bagh,Economy,Premium,2026-07-15,2026-07-19,4,2,2061,Completed,Goibibo,Family,0.84,16490
DELJUL26-01430,Greater Kailash,Economy,Deluxe,2026-07-28,2026-08-01,4,2,6581,Confirmed,Direct,Business,0.871,52651
DELJUL26-01431,Saket,Midscale,Standard,2026-07-05,2026-07-08,3,2,6800,Completed,Walk-in,Group,0.619,40802
DELJUL26-01432,Connaught Place,Economy,Deluxe,2026-07-28,2026-07-29,1,2,6332,Cancelled,Direct,Leisure,0.859,0
DELJUL26-01433,Connaught Place,Budget,Suite,2026-07-09,2026-07-11,2,2,4405,Completed,Walk-in,Family,0.73,17620
DELJUL26-01434,Dwarka,Luxury,Standard,2026-07-21,2026-07-24,3,3,4585,Completed,Walk-in,Family,0.583,41263
DELJUL26-01435,Paharganj,Upscale,Standard,2026-07-09,2026-07-14,5,2,3923,Confirmed,Direct,Family,0.893,39229
DELJUL26-01436,Connaught Place,Luxury,Deluxe,2026-07-06,2026-07-10,4,2,12109,Cancelled,Agoda,Business,0.652,0
DELJUL26-01437,Saket,Budget,Standard,2026-07-14,2026-07-19,5,1,3170,Completed,MakeMyTrip,Group,0.859,15851
DELJUL26-01438,South Delhi,Budget,Standard,2026-07-12,2026-07-17,5,2,3948,Confirmed,Booking.com,Business,0.837,39475
DELJUL26-01439,Paharganj,Economy,Deluxe,2026-07-16,2026-07-17,1,1,2138,Completed,Booking.com,Couple,0.408,2138
DELJUL26-01440,Rohini,Luxury,Premium,2026-07-08,2026-07-09,1,3,4483,Confirmed,Booking.com,Couple,0.873,13449
DELJUL26-01441,Greater Kailash,Budget,Deluxe,2026-07-31,2026-08-03,3,1,2595,Completed,Walk-in,Business,0.447,7784
DELJUL26-01442,Dwarka,Budget,Premium,2026-07-21,2026-07-23,2,2,1445,Completed,Direct,Group,0.838,5779
DELJUL26-01443,Rohini,Budget,Standard,2026-07-27,2026-08-01,5,3,1297,Confirmed,MakeMyTrip,Family,0.803,19448
DELJUL26-01444,Saket,Upscale,Standard,2026-07-25,2026-07-28,3,1,8055,Confirmed,MakeMyTrip,Couple,0.792,24164
DELJUL26-01445,Connaught Place,Upscale,Standard,2026-07-23,2026-07-24,1,1,6623,Completed,MakeMyTrip,Couple,0.903,6623
DELJUL26-01446,Aerocity,Midscale,Standard,2026-07-05,2026-07-07,2,3,13365,Confirmed,Booking.com,Family,0.71,80188
DELJUL26-01447,Rohini,Budget,Deluxe,2026-07-19,2026-07-21,2,2,1359,Confirmed,Goibibo,Couple,0.553,5435
DELJUL26-01448,Rohini,Midscale,Standard,2026-07-28,2026-07-29,1,2,1714,Completed,Walk-in,Family,0.706,3428
DELJUL26-01449,Greater Kailash,Economy,Standard,2026-07-03,2026-07-05,2,3,7128,Confirmed,Agoda,Couple,0.768,42769
DELJUL26-01450,Connaught Place,Budget,Deluxe,2026-07-15,2026-07-18,3,1,3473,Completed,Booking.com,Family,0.569,10420
DELJUL26-01451,Karol Bagh,Economy,Deluxe,2026-07-06,2026-07-11,5,1,2853,Confirmed,Walk-in,Group,0.503,14263
DELJUL26-01452,Aerocity,Midscale,Deluxe,2026-07-25,2026-07-29,4,2,13857,Confirmed,MakeMyTrip,Family,0.644,110854
DELJUL26-01453,Aerocity,Economy,Deluxe,2026-07-29,2026-07-30,1,2,10641,Confirmed,Booking.com,Group,0.889,21283
DELJUL26-01454,Karol Bagh,Luxury,Suite,2026-07-02,2026-07-05,3,3,9244,Completed,Agoda,Family,0.728,83196
DELJUL26-01455,Dwarka,Economy,Deluxe,2026-07-25,2026-07-29,4,2,2062,Cancelled,Walk-in,Family,0.888,0
DELJUL26-01456,Aerocity,Economy,Premium,2026-07-12,2026-07-14,2,1,8227,Confirmed,Booking.com,Family,0.635,16454
DELJUL26-01457,Rohini,Midscale,Suite,2026-07-30,2026-08-02,3,3,3651,Confirmed,Booking.com,Business,0.918,32856
DELJUL26-01458,Saket,Midscale,Premium,2026-07-01,2026-07-06,5,2,7962,Completed,Agoda,Couple,0.825,79618
DELJUL26-01459,Karol Bagh,Budget,Standard,2026-07-06,2026-07-07,1,3,1477,Completed,MakeMyTrip,Couple,0.563,4431
DELJUL26-01460,Dwarka,Midscale,Deluxe,2026-07-23,2026-07-26,3,1,3039,Confirmed,Agoda,Business,0.619,9118
DELJUL26-01461,Greater Kailash,Budget,Standard,2026-07-25,2026-07-29,4,3,3463,Confirmed,MakeMyTrip,Group,0.949,41560
DELJUL26-01462,Paharganj,Economy,Standard,2026-07-03,2026-07-07,4,2,1289,Cancelled,Direct,Leisure,0.922,0
DELJUL26-01463,Aerocity,Midscale,Deluxe,2026-07-05,2026-07-10,5,2,12429,Completed,MakeMyTrip,Leisure,0.596,124285
DELJUL26-01464,Aerocity,Midscale,Standard,2026-07-11,2026-07-13,2,3,8601,Completed,Walk-in,Couple,0.85,51605
DELJUL26-01465,Lajpat Nagar,Economy,Deluxe,2026-07-02,2026-07-05,3,1,2922,Completed,Walk-in,Family,0.896,8766
DELJUL26-01466,Connaught Place,Budget,Premium,2026-07-25,2026-07-30,5,1,3183,Completed,MakeMyTrip,Couple,0.501,15914
DELJUL26-01467,South Delhi,Midscale,Standard,2026-07-21,2026-07-26,5,1,6581,Cancelled,Agoda,Couple,0.661,0
DELJUL26-01468,Paharganj,Economy,Premium,2026-07-24,2026-07-29,5,3,1547,Completed,Direct,Couple,0.804,23207
DELJUL26-01469,Greater Kailash,Upscale,Deluxe,2026-07-15,2026-07-19,4,3,7635,Completed,Booking.com,Business,0.396,91617
DELJUL26-01470,Aerocity,Midscale,Premium,2026-07-20,2026-07-22,2,3,8569,Confirmed,Agoda,Business,0.833,51416
DELJUL26-01471,Lajpat Nagar,Upscale,Standard,2026-07-18,2026-07-20,2,1,7933,Completed,Direct,Business,0.477,15866
DELJUL26-01472,South Delhi,Economy,Premium,2026-07-22,2026-07-26,4,1,3377,Confirmed,Agoda,Couple,0.637,13508
DELJUL26-01473,Saket,Upscale,Standard,2026-07-14,2026-07-16,2,2,7070,Completed,Walk-in,Couple,0.575,28281
DELJUL26-01474,Karol Bagh,Budget,Premium,2026-07-21,2026-07-25,4,3,1482,Completed,Direct,Group,0.794,17785
DELJUL26-01475,Rohini,Economy,Standard,2026-07-21,2026-07-24,3,3,1330,Completed,Goibibo,Business,0.49,11969
DELJUL26-01476,Paharganj,Budget,Standard,2026-07-20,2026-07-23,3,3,1232,Confirmed,MakeMyTrip,Leisure,0.63,11091
DELJUL26-01477,Saket,Budget,Standard,2026-07-28,2026-07-30,2,3,1927,Completed,Goibibo,Group,0.509,11561
DELJUL26-01478,Paharganj,Upscale,Deluxe,2026-07-11,2026-07-15,4,3,2917,Confirmed,Walk-in,Family,0.383,35000
DELJUL26-01479,Karol Bagh,Midscale,Premium,2026-07-28,2026-07-31,3,1,4089,Confirmed,Direct,Business,0.856,12266
DELJUL26-01480,Saket,Midscale,Deluxe,2026-07-01,2026-07-03,2,2,7588,Completed,Agoda,Business,0.485,30352
DELJUL26-01481,Connaught Place,Midscale,Deluxe,2026-07-16,2026-07-18,2,2,5219,Confirmed,Booking.com,Group,0.489,20877
DELJUL26-01482,Aerocity,Midscale,Standard,2026-07-14,2026-07-17,3,1,8973,Completed,Goibibo,Couple,0.378,26919
DELJUL26-01483,Karol Bagh,Midscale,Suite,2026-07-27,2026-07-31,4,3,4180,Confirmed,MakeMyTrip,Leisure,0.652,50164
DELJUL26-01484,Connaught Place,Upscale,Standard,2026-07-02,2026-07-07,5,1,8622,Completed,Goibibo,Business,0.511,43110
DELJUL26-01485,Saket,Midscale,Premium,2026-07-07,2026-07-09,2,3,6128,Completed,Agoda,Group,0.689,36766
DELJUL26-01486,Lajpat Nagar,Midscale,Deluxe,2026-07-15,2026-07-16,1,1,2616,Confirmed,Goibibo,Couple,0.784,2616
DELJUL26-01487,Connaught Place,Economy,Standard,2026-07-26,2026-07-31,5,1,3859,Completed,MakeMyTrip,Group,0.378,19297
DELJUL26-01488,Aerocity,Luxury,Standard,2026-07-15,2026-07-16,1,2,22532,Confirmed,Goibibo,Leisure,0.47,45063
DELJUL26-01489,Connaught Place,Budget,Deluxe,2026-07-20,2026-07-25,5,2,6626,Completed,Goibibo,Family,0.585,66263
DELJUL26-01490,Dwarka,Economy,Premium,2026-07-06,2026-07-07,1,2,3566,Completed,Direct,Leisure,0.878,7133
DELJUL26-01491,Karol Bagh,Upscale,Deluxe,2026-07-30,2026-08-01,2,3,7125,Completed,Goibibo,Family,0.416,42748
DELJUL26-01492,Saket,Budget,Premium,2026-07-25,2026-07-30,5,3,2626,Completed,MakeMyTrip,Leisure,0.796,39388
DELJUL26-01493,Aerocity,Budget,Suite,2026-07-02,2026-07-03,1,2,4188,Completed,Direct,Business,0.922,8375
DELJUL26-01494,Paharganj,Economy,Standard,2026-07-22,2026-07-23,1,3,1663,Cancelled,Goibibo,Business,0.397,0
DELJUL26-01495,Saket,Economy,Deluxe,2026-07-05,2026-07-09,4,3,3391,Completed,Goibibo,Leisure,0.55,40695
DELJUL26-01496,Saket,Luxury,Deluxe,2026-07-18,2026-07-19,1,1,6594,Confirmed,Agoda,Group,0.812,6594
DELJUL26-01497,Dwarka,Upscale,Standard,2026-07-22,2026-07-23,1,2,3129,Confirmed,MakeMyTrip,Business,0.911,6258
DELJUL26-01498,Greater Kailash,Economy,Premium,2026-07-29,2026-08-02,4,3,4636,Completed,Agoda,Leisure,0.498,55627
DELJUL26-01499,Saket,Luxury,Standard,2026-07-03,2026-07-08,5,3,9611,Confirmed,Booking.com,Group,0.735,144166
DELJUL26-01500,Lajpat Nagar,Midscale,Deluxe,2026-07-09,2026-07-13,4,1,3010,Confirmed,Goibibo,Leisure,0.789,12042
DELJUL26-01501,Dwarka,Upscale,Deluxe,2026-07-22,2026-07-27,5,1,6006,Completed,Walk-in,Leisure,0.592,30032
DELJUL26-01502,Karol Bagh,Budget,Premium,2026-07-09,2026-07-12,3,1,1871,Cancelled,Goibibo,Group,0.752,0
DELJUL26-01503,Karol Bagh,Economy,Deluxe,2026-07-23,2026-07-27,4,2,3622,Confirmed,Agoda,Family,0.679,28973
DELJUL26-01504,Paharganj,Budget,Deluxe,2026-07-06,2026-07-11,5,3,1081,Confirmed,MakeMyTrip,Business,0.912,16213
DELJUL26-01505,Dwarka,Budget,Standard,2026-07-06,2026-07-09,3,2,1808,Confirmed,Agoda,Business,0.673,10850
DELJUL26-01506,Karol Bagh,Midscale,Premium,2026-07-17,2026-07-18,1,1,2987,Confirmed,Walk-in,Family,0.66,2987
DELJUL26-01507,Rohini,Budget,Standard,2026-07-22,2026-07-24,2,2,1767,Confirmed,Walk-in,Business,0.752,7067
DELJUL26-01508,Saket,Midscale,Deluxe,2026-07-07,2026-07-11,4,1,4875,Completed,Walk-in,Leisure,0.441,19499
DELJUL26-01509,Lajpat Nagar,Midscale,Premium,2026-07-28,2026-08-02,5,3,3396,Confirmed,Booking.com,Group,0.669,50946
DELJUL26-01510,South Delhi,Budget,Standard,2026-07-27,2026-07-31,4,3,4215,Completed,Walk-in,Group,0.38,50576
DELJUL26-01511,Paharganj,Economy,Standard,2026-07-03,2026-07-06,3,2,1829,Completed,MakeMyTrip,Leisure,0.726,10972
DELJUL26-01512,Karol Bagh,Midscale,Standard,2026-07-10,2026-07-12,2,3,2641,Confirmed,Walk-in,Family,0.671,15845
DELJUL26-01513,Greater Kailash,Upscale,Deluxe,2026-07-18,2026-07-22,4,2,12682,Completed,Direct,Family,0.854,101459
DELJUL26-01514,Paharganj,Economy,Standard,2026-07-16,2026-07-21,5,3,1445,Confirmed,Walk-in,Leisure,0.829,21669
DELJUL26-01515,Karol Bagh,Luxury,Standard,2026-07-08,2026-07-10,2,3,8237,Completed,Booking.com,Business,0.61,49423
DELJUL26-01516,Rohini,Upscale,Standard,2026-07-17,2026-07-20,3,1,3956,Completed,Booking.com,Couple,0.745,11867
DELJUL26-01517,Saket,Midscale,Standard,2026-07-30,2026-08-02,3,2,4579,Completed,Goibibo,Leisure,0.532,27472
DELJUL26-01518,Aerocity,Economy,Standard,2026-07-10,2026-07-12,2,1,6832,Confirmed,Goibibo,Business,0.583,13663
DELJUL26-01519,Saket,Midscale,Deluxe,2026-07-07,2026-07-10,3,1,3782,Confirmed,Direct,Business,0.397,11345
DELJUL26-01520,Saket,Upscale,Deluxe,2026-07-23,2026-07-24,1,1,10516,Confirmed,Goibibo,Business,0.41,10516
DELJUL26-01521,Lajpat Nagar,Economy,Deluxe,2026-07-18,2026-07-21,3,1,2517,Completed,Agoda,Couple,0.841,7552
DELJUL26-01522,Greater Kailash,Luxury,Standard,2026-07-22,2026-07-23,1,1,9188,Confirmed,MakeMyTrip,Family,0.933,9188
DELJUL26-01523,Connaught Place,Upscale,Premium,2026-07-21,2026-07-24,3,1,9399,Cancelled,Goibibo,Couple,0.644,0
DELJUL26-01524,Connaught Place,Economy,Deluxe,2026-07-24,2026-07-29,5,3,7493,Confirmed,Walk-in,Family,0.427,112392
DELJUL26-01525,South Delhi,Midscale,Premium,2026-07-23,2026-07-24,1,2,8526,Confirmed,Booking.com,Couple,0.403,17052
DELJUL26-01526,Aerocity,Midscale,Deluxe,2026-07-19,2026-07-21,2,1,12188,Confirmed,Booking.com,Couple,0.377,24376
DELJUL26-01527,Paharganj,Upscale,Standard,2026-07-15,2026-07-19,4,2,4123,Confirmed,Walk-in,Group,0.877,32983
DELJUL26-01528,Connaught Place,Upscale,Deluxe,2026-07-15,2026-07-20,5,3,12712,Completed,Direct,Leisure,0.615,190680
DELJUL26-01529,Aerocity,Budget,Standard,2026-07-09,2026-07-14,5,2,5811,Confirmed,Booking.com,Group,0.878,58109
DELJUL26-01530,Rohini,Budget,Suite,2026-07-14,2026-07-15,1,1,2244,Confirmed,Booking.com,Couple,0.568,2244
DELJUL26-01531,Aerocity,Economy,Deluxe,2026-07-19,2026-07-21,2,1,7302,Cancelled,Agoda,Leisure,0.703,0
DELJUL26-01532,Aerocity,Upscale,Standard,2026-07-23,2026-07-28,5,2,13030,Confirmed,Direct,Leisure,0.754,130304
DELJUL26-01533,Rohini,Economy,Standard,2026-07-24,2026-07-27,3,3,2218,Completed,MakeMyTrip,Leisure,0.38,19962
DELJUL26-01534,Connaught Place,Upscale,Deluxe,2026-07-12,2026-07-17,5,1,10794,Cancelled,MakeMyTrip,Couple,0.759,0
DELJUL26-01535,Lajpat Nagar,Economy,Standard,2026-07-23,2026-07-24,1,3,2208,Cancelled,Direct,Family,0.83,0
DELJUL26-01536,Aerocity,Economy,Standard,2026-07-14,2026-07-15,1,1,7410,Confirmed,Direct,Leisure,0.363,7410
DELJUL26-01537,Connaught Place,Upscale,Premium,2026-07-12,2026-07-14,2,2,9915,Confirmed,MakeMyTrip,Business,0.385,39660
DELJUL26-01538,Connaught Place,Midscale,Standard,2026-07-06,2026-07-07,1,1,9418,Completed,Direct,Family,0.663,9418
DELJUL26-01539,Greater Kailash,Economy,Standard,2026-07-09,2026-07-14,5,2,4879,Completed,Walk-in,Leisure,0.933,48786
DELJUL26-01540,South Delhi,Budget,Standard,2026-07-22,2026-07-27,5,3,4420,Confirmed,MakeMyTrip,Family,0.934,66296
DELJUL26-01541,Saket,Budget,Deluxe,2026-07-07,2026-07-09,2,1,3190,Confirmed,Direct,Leisure,0.416,6381
DELJUL26-01542,Karol Bagh,Budget,Deluxe,2026-07-03,2026-07-04,1,2,2604,Confirmed,Goibibo,Couple,0.807,5207
DELJUL26-01543,Aerocity,Economy,Deluxe,2026-07-09,2026-07-10,1,1,6251,Completed,Agoda,Leisure,0.826,6251
DELJUL26-01544,Dwarka,Midscale,Suite,2026-07-31,2026-08-02,2,2,5515,Confirmed,Goibibo,Couple,0.876,22062
DELJUL26-01545,Karol Bagh,Economy,Standard,2026-07-05,2026-07-09,4,1,2910,Completed,Goibibo,Business,0.376,11641
DELJUL26-01546,Dwarka,Budget,Standard,2026-07-05,2026-07-10,5,1,1529,Confirmed,Direct,Family,0.933,7644
DELJUL26-01547,South Delhi,Economy,Standard,2026-07-13,2026-07-16,3,3,4587,Completed,Agoda,Business,0.843,41284
DELJUL26-01548,Lajpat Nagar,Economy,Standard,2026-07-12,2026-07-17,5,3,2795,Confirmed,Walk-in,Group,0.715,41931
DELJUL26-01549,Saket,Luxury,Standard,2026-07-29,2026-08-03,5,3,10444,Confirmed,MakeMyTrip,Couple,0.39,156657
DELJUL26-01550,Aerocity,Economy,Standard,2026-07-08,2026-07-12,4,3,7327,Confirmed,Direct,Group,0.494,87925
DELJUL26-01551,Karol Bagh,Budget,Premium,2026-07-13,2026-07-14,1,1,2515,Confirmed,Booking.com,Couple,0.558,2515
DELJUL26-01552,Lajpat Nagar,Midscale,Standard,2026-07-10,2026-07-15,5,2,4962,Completed,Goibibo,Group,0.864,49616
DELJUL26-01553,Dwarka,Upscale,Premium,2026-07-08,2026-07-13,5,3,5887,Confirmed,Goibibo,Business,0.807,88312
DELJUL26-01554,South Delhi,Upscale,Premium,2026-07-10,2026-07-13,3,3,9600,Confirmed,Walk-in,Business,0.914,86396
DELJUL26-01555,Saket,Upscale,Deluxe,2026-07-08,2026-07-11,3,2,9996,Completed,MakeMyTrip,Group,0.604,59975
DELJUL26-01556,Connaught Place,Upscale,Premium,2026-07-23,2026-07-27,4,3,11731,Confirmed,Walk-in,Leisure,0.9,140767
DELJUL26-01557,Lajpat Nagar,Midscale,Deluxe,2026-07-25,2026-07-28,3,1,3397,Confirmed,Booking.com,Leisure,0.887,10191
DELJUL26-01558,Greater Kailash,Luxury,Standard,2026-07-06,2026-07-08,2,3,16884,Confirmed,Goibibo,Couple,0.361,101304
DELJUL26-01559,Rohini,Budget,Deluxe,2026-07-16,2026-07-20,4,1,1302,Confirmed,Goibibo,Business,0.494,5208
DELJUL26-01560,Lajpat Nagar,Upscale,Standard,2026-07-09,2026-07-13,4,3,5833,Completed,Booking.com,Business,0.83,69997
DELJUL26-01561,Karol Bagh,Upscale,Standard,2026-07-27,2026-07-28,1,3,5935,Confirmed,MakeMyTrip,Business,0.749,17805
DELJUL26-01562,Karol Bagh,Upscale,Premium,2026-07-04,2026-07-08,4,2,5133,Completed,Agoda,Couple,0.484,41064
DELJUL26-01563,Karol Bagh,Economy,Deluxe,2026-07-13,2026-07-14,1,2,2141,Confirmed,Goibibo,Family,0.819,4281
DELJUL26-01564,Rohini,Upscale,Standard,2026-07-11,2026-07-14,3,1,4023,Confirmed,Goibibo,Leisure,0.54,12068
DELJUL26-01565,Dwarka,Budget,Deluxe,2026-07-12,2026-07-13,1,1,1379,Completed,Goibibo,Family,0.711,1379
DELJUL26-01566,Saket,Midscale,Suite,2026-07-30,2026-08-04,5,1,7665,Completed,Agoda,Couple,0.911,38327
DELJUL26-01567,Rohini,Economy,Standard,2026-07-17,2026-07-21,4,3,2065,Cancelled,Walk-in,Leisure,0.494,0
DELJUL26-01568,South Delhi,Midscale,Standard,2026-07-12,2026-07-15,3,1,8426,Confirmed,MakeMyTrip,Leisure,0.383,25277
DELJUL26-01569,Rohini,Midscale,Standard,2026-07-26,2026-07-29,3,3,3968,Confirmed,MakeMyTrip,Couple,0.746,35716
DELJUL26-01570,Rohini,Economy,Suite,2026-07-25,2026-07-29,4,1,1769,Completed,Walk-in,Group,0.787,7077
DELJUL26-01571,Aerocity,Budget,Deluxe,2026-07-05,2026-07-06,1,3,5485,Completed,MakeMyTrip,Leisure,0.538,16455
DELJUL26-01572,Paharganj,Economy,Standard,2026-07-15,2026-07-18,3,2,2397,Confirmed,Walk-in,Couple,0.631,14383
DELJUL26-01573,Greater Kailash,Midscale,Deluxe,2026-07-13,2026-07-17,4,3,6092,Confirmed,Walk-in,Couple,0.651,73101
DELJUL26-01574,Lajpat Nagar,Midscale,Deluxe,2026-07-14,2026-07-16,2,3,3085,Completed,Agoda,Leisure,0.84,18511
DELJUL26-01575,Connaught Place,Midscale,Standard,2026-07-11,2026-07-14,3,3,4635,Confirmed,Agoda,Business,0.766,41713
DELJUL26-01576,Paharganj,Budget,Premium,2026-07-26,2026-07-28,2,2,1329,Completed,Walk-in,Family,0.514,5315
DELJUL26-01577,Dwarka,Upscale,Deluxe,2026-07-31,2026-08-01,1,2,5214,Completed,Booking.com,Couple,0.514,10428
DELJUL26-01578,Greater Kailash,Midscale,Standard,2026-07-01,2026-07-06,5,2,6572,Confirmed,MakeMyTrip,Family,0.545,65715
DELJUL26-01579,Connaught Place,Budget,Suite,2026-07-27,2026-07-30,3,1,2969,Cancelled,Goibibo,Leisure,0.438,0
DELJUL26-01580,South Delhi,Economy,Standard,2026-07-27,2026-07-29,2,3,4975,Cancelled,Booking.com,Group,0.431,0
DELJUL26-01581,Karol Bagh,Economy,Standard,2026-07-12,2026-07-14,2,3,2426,Completed,Goibibo,Family,0.84,14555
DELJUL26-01582,Karol Bagh,Economy,Standard,2026-07-16,2026-07-20,4,1,1964,Completed,Goibibo,Family,0.849,7856
DELJUL26-01583,Dwarka,Budget,Standard,2026-07-04,2026-07-05,1,1,2297,Cancelled,Goibibo,Family,0.506,0
DELJUL26-01584,Saket,Budget,Deluxe,2026-07-11,2026-07-14,3,1,2673,Confirmed,Goibibo,Family,0.86,8020
DELJUL26-01585,South Delhi,Budget,Standard,2026-07-08,2026-07-10,2,3,4072,Confirmed,Direct,Business,0.692,24432
DELJUL26-01586,Paharganj,Budget,Standard,2026-07-29,2026-08-03,5,2,1897,Completed,MakeMyTrip,Business,0.777,18970
DELJUL26-01587,Lajpat Nagar,Economy,Suite,2026-07-04,2026-07-08,4,1,2632,Confirmed,Walk-in,Leisure,0.878,10530
DELJUL26-01588,Aerocity,Upscale,Standard,2026-07-11,2026-07-15,4,2,12646,Completed,Booking.com,Couple,0.535,101170
DELJUL26-01589,Lajpat Nagar,Midscale,Standard,2026-07-15,2026-07-16,1,2,2717,Confirmed,MakeMyTrip,Business,0.747,5435
DELJUL26-01590,Aerocity,Economy,Standard,2026-07-31,2026-08-01,1,2,5486,Confirmed,Goibibo,Leisure,0.535,10972
DELJUL26-01591,Greater Kailash,Midscale,Premium,2026-07-26,2026-07-29,3,2,4497,Confirmed,Goibibo,Leisure,0.892,26985
DELJUL26-01592,Paharganj,Midscale,Standard,2026-07-30,2026-08-01,2,3,3356,Completed,Booking.com,Group,0.53,20134
DELJUL26-01593,Paharganj,Budget,Standard,2026-07-10,2026-07-14,4,3,2137,Completed,Direct,Family,0.725,25649
DELJUL26-01594,Aerocity,Budget,Premium,2026-07-09,2026-07-13,4,1,4674,Cancelled,Agoda,Couple,0.465,0
DELJUL26-01595,Greater Kailash,Budget,Standard,2026-07-18,2026-07-20,2,3,2409,Confirmed,Goibibo,Family,0.572,14452
DELJUL26-01596,Connaught Place,Midscale,Premium,2026-07-11,2026-07-12,1,2,6365,Completed,Walk-in,Group,0.561,12729
DELJUL26-01597,South Delhi,Economy,Deluxe,2026-07-01,2026-07-03,2,1,5917,Completed,Walk-in,Group,0.8,11834
DELJUL26-01598,Greater Kailash,Economy,Premium,2026-07-26,2026-07-29,3,3,4949,Confirmed,Direct,Couple,0.522,44539
DELJUL26-01599,Lajpat Nagar,Midscale,Standard,2026-07-03,2026-07-05,2,2,5142,Completed,MakeMyTrip,Group,0.546,20567
DELJUL26-01600,Greater Kailash,Luxury,Suite,2026-07-07,2026-07-09,2,2,17200,Completed,Agoda,Business,0.356,68801
DELJUL26-01601,Paharganj,Economy,Standard,2026-07-30,2026-08-01,2,3,1481,Confirmed,Booking.com,Family,0.54,8883
DELJUL26-01602,Greater Kailash,Midscale,Standard,2026-07-23,2026-07-24,1,2,6729,Confirmed,Booking.com,Business,0.513,13457
DELJUL26-01603,Lajpat Nagar,Economy,Deluxe,2026-07-20,2026-07-24,4,1,3516,Cancelled,Direct,Group,0.677,0
DELJUL26-01604,Paharganj,Midscale,Standard,2026-07-05,2026-07-10,5,1,2608,Confirmed,Goibibo,Business,0.591,13040
DELJUL26-01605,Connaught Place,Midscale,Standard,2026-07-08,2026-07-13,5,3,11531,Completed,MakeMyTrip,Couple,0.938,172959
DELJUL26-01606,Lajpat Nagar,Midscale,Deluxe,2026-07-07,2026-07-12,5,2,2637,Cancelled,Walk-in,Business,0.678,0
DELJUL26-01607,Connaught Place,Budget,Standard,2026-07-20,2026-07-24,4,1,5425,Confirmed,Walk-in,Couple,0.394,21701
DELJUL26-01608,Dwarka,Economy,Standard,2026-07-16,2026-07-20,4,1,3014,Confirmed,Direct,Leisure,0.836,12055
DELJUL26-01609,Karol Bagh,Upscale,Standard,2026-07-12,2026-07-13,1,3,6207,Completed,Walk-in,Couple,0.382,18622
DELJUL26-01610,Connaught Place,Economy,Standard,2026-07-24,2026-07-26,2,2,6252,Confirmed,Direct,Group,0.852,25009
DELJUL26-01611,Greater Kailash,Luxury,Deluxe,2026-07-25,2026-07-29,4,2,12794,Confirmed,Agoda,Family,0.593,102352
DELJUL26-01612,Connaught Place,Economy,Deluxe,2026-07-23,2026-07-28,5,2,7275,Confirmed,Walk-in,Family,0.387,72751
DELJUL26-01613,South Delhi,Economy,Standard,2026-07-04,2026-07-09,5,2,6172,Completed,MakeMyTrip,Family,0.936,61719
DELJUL26-01614,South Delhi,Economy,Standard,2026-07-19,2026-07-23,4,3,4639,Confirmed,Direct,Family,0.647,55664
DELJUL26-01615,Aerocity,Economy,Standard,2026-07-07,2026-07-08,1,2,8453,Confirmed,Direct,Family,0.863,16905
DELJUL26-01616,Connaught Place,Upscale,Standard,2026-07-09,2026-07-14,5,2,7321,Completed,MakeMyTrip,Family,0.602,73211
DELJUL26-01617,Greater Kailash,Budget,Standard,2026-07-31,2026-08-02,2,3,4232,Confirmed,Walk-in,Family,0.627,25393
DELJUL26-01618,Dwarka,Midscale,Deluxe,2026-07-13,2026-07-14,1,1,4110,Completed,MakeMyTrip,Leisure,0.567,4110
DELJUL26-01619,Connaught Place,Midscale,Standard,2026-07-25,2026-07-29,4,1,6928,Confirmed,MakeMyTrip,Family,0.571,27714
DELJUL26-01620,Rohini,Upscale,Deluxe,2026-07-08,2026-07-09,1,3,3603,Completed,Direct,Family,0.826,10809
DELJUL26-01621,Karol Bagh,Midscale,Standard,2026-07-31,2026-08-02,2,1,4828,Confirmed,Goibibo,Group,0.368,9656
DELJUL26-01622,Aerocity,Luxury,Standard,2026-07-09,2026-07-13,4,1,22033,Confirmed,Booking.com,Business,0.644,88134
DELJUL26-01623,Rohini,Upscale,Standard,2026-07-06,2026-07-11,5,1,4913,Confirmed,Agoda,Group,0.509,24563
DELJUL26-01624,Aerocity,Economy,Standard,2026-07-11,2026-07-16,5,3,7082,Completed,Agoda,Group,0.684,106224
DELJUL26-01625,Dwarka,Upscale,Deluxe,2026-07-06,2026-07-07,1,3,7302,Completed,Agoda,Couple,0.479,21906
DELJUL26-01626,Rohini,Luxury,Deluxe,2026-07-19,2026-07-20,1,1,4835,Confirmed,Goibibo,Couple,0.559,4835
DELJUL26-01627,Dwarka,Economy,Suite,2026-07-05,2026-07-10,5,3,2675,Confirmed,Goibibo,Business,0.67,40131
DELJUL26-01628,Dwarka,Midscale,Standard,2026-07-07,2026-07-09,2,3,3730,Confirmed,MakeMyTrip,Leisure,0.795,22383
DELJUL26-01629,Paharganj,Economy,Standard,2026-07-22,2026-07-23,1,3,2821,Confirmed,Agoda,Couple,0.918,8462
DELJUL26-01630,Connaught Place,Midscale,Premium,2026-07-02,2026-07-05,3,3,9751,Confirmed,Agoda,Couple,0.496,87760
DELJUL26-01631,Dwarka,Budget,Deluxe,2026-07-14,2026-07-18,4,2,2681,Completed,Booking.com,Group,0.64,21448
DELJUL26-01632,Lajpat Nagar,Midscale,Standard,2026-07-22,2026-07-27,5,1,4982,Confirmed,Booking.com,Family,0.559,24909
DELJUL26-01633,Aerocity,Economy,Standard,2026-07-14,2026-07-17,3,3,7921,Completed,Agoda,Group,0.714,71291
DELJUL26-01634,Lajpat Nagar,Midscale,Standard,2026-07-01,2026-07-05,4,2,4115,Confirmed,MakeMyTrip,Leisure,0.57,32924
DELJUL26-01635,Saket,Budget,Standard,2026-07-05,2026-07-08,3,2,3547,Completed,Booking.com,Leisure,0.408,21283
DELJUL26-01636,Dwarka,Midscale,Deluxe,2026-07-31,2026-08-05,5,2,2248,Confirmed,Walk-in,Leisure,0.719,22483
DELJUL26-01637,Connaught Place,Economy,Standard,2026-07-24,2026-07-27,3,2,5997,Confirmed,Walk-in,Business,0.371,35984
DELJUL26-01638,South Delhi,Midscale,Suite,2026-07-11,2026-07-15,4,1,9947,Completed,Agoda,Leisure,0.376,39789
DELJUL26-01639,Connaught Place,Economy,Deluxe,2026-07-28,2026-08-02,5,1,6323,Confirmed,MakeMyTrip,Leisure,0.881,31613
DELJUL26-01640,Karol Bagh,Budget,Deluxe,2026-07-01,2026-07-06,5,2,2649,Completed,Goibibo,Group,0.872,26491
DELJUL26-01641,Greater Kailash,Economy,Standard,2026-07-02,2026-07-05,3,2,4473,Completed,Walk-in,Leisure,0.688,26836
DELJUL26-01642,Aerocity,Luxury,Deluxe,2026-07-28,2026-07-31,3,3,18375,Completed,Goibibo,Group,0.361,165377
DELJUL26-01643,Saket,Budget,Premium,2026-07-21,2026-07-24,3,1,2104,Completed,Agoda,Couple,0.556,6312
DELJUL26-01644,Dwarka,Midscale,Standard,2026-07-19,2026-07-20,1,1,3643,Confirmed,Walk-in,Couple,0.558,3643
DELJUL26-01645,Connaught Place,Budget,Deluxe,2026-07-11,2026-07-13,2,3,4257,Confirmed,Agoda,Leisure,0.783,25542
DELJUL26-01646,Karol Bagh,Midscale,Standard,2026-07-26,2026-07-30,4,1,3210,Completed,Goibibo,Leisure,0.837,12839
DELJUL26-01647,Paharganj,Budget,Standard,2026-07-19,2026-07-20,1,3,881,Confirmed,MakeMyTrip,Leisure,0.563,2643
DELJUL26-01648,South Delhi,Economy,Premium,2026-07-14,2026-07-18,4,3,6574,Cancelled,MakeMyTrip,Business,0.603,0
DELJUL26-01649,Rohini,Economy,Deluxe,2026-07-12,2026-07-15,3,1,2160,Confirmed,Agoda,Group,0.485,6480
DELJUL26-01650,Lajpat Nagar,Budget,Deluxe,2026-07-11,2026-07-14,3,2,2248,Completed,MakeMyTrip,Family,0.787,13490
DELJUL26-01651,Connaught Place,Economy,Standard,2026-07-18,2026-07-23,5,2,4281,Confirmed,Booking.com,Business,0.559,42808
DELJUL26-01652,Aerocity,Economy,Premium,2026-07-21,2026-07-23,2,1,7546,Confirmed,Booking.com,Business,0.773,15093
DELJUL26-01653,Aerocity,Midscale,Deluxe,2026-07-25,2026-07-29,4,1,10811,Completed,Goibibo,Business,0.774,43245
DELJUL26-01654,Dwarka,Luxury,Standard,2026-07-13,2026-07-17,4,3,6268,Completed,Walk-in,Family,0.444,75215
DELJUL26-01655,Connaught Place,Economy,Premium,2026-07-08,2026-07-13,5,3,6028,Confirmed,MakeMyTrip,Group,0.881,90419
DELJUL26-01656,Karol Bagh,Upscale,Standard,2026-07-18,2026-07-23,5,3,3246,Confirmed,Goibibo,Leisure,0.845,48685
DELJUL26-01657,Lajpat Nagar,Economy,Standard,2026-07-19,2026-07-22,3,1,4204,Completed,Booking.com,Couple,0.7,12612
DELJUL26-01658,Lajpat Nagar,Budget,Premium,2026-07-09,2026-07-11,2,3,1650,Confirmed,MakeMyTrip,Leisure,0.402,9898
DELJUL26-01659,Lajpat Nagar,Budget,Standard,2026-07-03,2026-07-07,4,2,2271,Completed,MakeMyTrip,Business,0.45,18170
DELJUL26-01660,Karol Bagh,Economy,Standard,2026-07-11,2026-07-16,5,2,2365,Completed,MakeMyTrip,Family,0.405,23652
DELJUL26-01661,South Delhi,Economy,Standard,2026-07-03,2026-07-05,2,2,5158,Confirmed,Walk-in,Leisure,0.628,20632
DELJUL26-01662,South Delhi,Upscale,Premium,2026-07-03,2026-07-05,2,1,7760,Confirmed,Walk-in,Business,0.509,15519
DELJUL26-01663,Connaught Place,Midscale,Standard,2026-07-30,2026-08-02,3,1,11143,Confirmed,Booking.com,Couple,0.848,33428
DELJUL26-01664,Dwarka,Midscale,Standard,2026-07-25,2026-07-26,1,1,3594,Confirmed,MakeMyTrip,Couple,0.612,3594
DELJUL26-01665,Dwarka,Economy,Standard,2026-07-02,2026-07-04,2,3,2719,Completed,Direct,Leisure,0.621,16312
DELJUL26-01666,Paharganj,Economy,Standard,2026-07-11,2026-07-12,1,3,1546,Confirmed,Agoda,Couple,0.903,4639
DELJUL26-01667,Greater Kailash,Midscale,Standard,2026-07-08,2026-07-12,4,3,4162,Completed,Agoda,Family,0.697,49940
DELJUL26-01668,South Delhi,Budget,Premium,2026-07-31,2026-08-03,3,3,3684,Completed,Walk-in,Couple,0.582,33157
DELJUL26-01669,Dwarka,Budget,Deluxe,2026-07-14,2026-07-18,4,1,2123,Confirmed,Goibibo,Business,0.94,8490
DELJUL26-01670,Greater Kailash,Economy,Premium,2026-07-09,2026-07-10,1,3,5117,Cancelled,Walk-in,Group,0.627,0
DELJUL26-01671,Greater Kailash,Budget,Deluxe,2026-07-20,2026-07-23,3,3,5336,Confirmed,Direct,Couple,0.698,48027
DELJUL26-01672,Dwarka,Midscale,Standard,2026-07-15,2026-07-19,4,2,4016,Confirmed,MakeMyTrip,Couple,0.579,32129
DELJUL26-01673,Karol Bagh,Budget,Standard,2026-07-06,2026-07-10,4,2,2839,Cancelled,MakeMyTrip,Leisure,0.752,0
DELJUL26-01674,Greater Kailash,Budget,Deluxe,2026-07-10,2026-07-14,4,2,3063,Confirmed,Agoda,Couple,0.815,24504
DELJUL26-01675,Greater Kailash,Upscale,Standard,2026-07-04,2026-07-05,1,3,9849,Confirmed,Booking.com,Business,0.727,29546
DELJUL26-01676,Rohini,Luxury,Deluxe,2026-07-22,2026-07-25,3,3,6026,Confirmed,Booking.com,Couple,0.499,54235
DELJUL26-01677,Connaught Place,Economy,Standard,2026-07-31,2026-08-03,3,2,6450,Confirmed,Direct,Couple,0.915,38700
DELJUL26-01678,Saket,Economy,Deluxe,2026-07-26,2026-07-31,5,1,6924,Completed,Walk-in,Group,0.657,34619
DELJUL26-01679,Rohini,Upscale,Standard,2026-07-12,2026-07-16,4,3,4321,Completed,MakeMyTrip,Group,0.846,51854
DELJUL26-01680,Dwarka,Budget,Standard,2026-07-16,2026-07-21,5,2,2354,Completed,Direct,Business,0.355,23545
DELJUL26-01681,Rohini,Economy,Suite,2026-07-02,2026-07-03,1,3,2538,Completed,Booking.com,Leisure,0.661,7613
DELJUL26-01682,Aerocity,Budget,Standard,2026-07-12,2026-07-15,3,3,4703,Completed,Goibibo,Family,0.911,42330
DELJUL26-01683,Aerocity,Economy,Standard,2026-07-01,2026-07-05,4,2,8577,Confirmed,MakeMyTrip,Family,0.763,68615
DELJUL26-01684,Greater Kailash,Luxury,Standard,2026-07-24,2026-07-25,1,3,12145,Completed,Goibibo,Business,0.419,36436
DELJUL26-01685,Paharganj,Upscale,Standard,2026-07-29,2026-08-02,4,1,5506,Confirmed,Direct,Family,0.776,22025
DELJUL26-01686,Dwarka,Luxury,Deluxe,2026-07-06,2026-07-08,2,2,8286,Confirmed,Walk-in,Family,0.359,33145
DELJUL26-01687,Saket,Midscale,Suite,2026-07-21,2026-07-22,1,1,3812,Completed,Agoda,Couple,0.571,3812
DELJUL26-01688,Saket,Midscale,Premium,2026-07-19,2026-07-23,4,3,4091,Completed,Booking.com,Business,0.492,49091
DELJUL26-01689,Rohini,Upscale,Deluxe,2026-07-13,2026-07-16,3,1,2825,Completed,MakeMyTrip,Couple,0.501,8475
DELJUL26-01690,Aerocity,Midscale,Deluxe,2026-07-23,2026-07-26,3,1,10963,Confirmed,Direct,Group,0.375,32888
DELJUL26-01691,Greater Kailash,Economy,Standard,2026-07-22,2026-07-24,2,3,2865,Completed,Direct,Couple,0.72,17193
DELJUL26-01692,Lajpat Nagar,Economy,Premium,2026-07-09,2026-07-13,4,1,3810,Confirmed,Walk-in,Couple,0.795,15241
DELJUL26-01693,South Delhi,Midscale,Deluxe,2026-07-25,2026-07-29,4,1,7504,Confirmed,Direct,Business,0.525,30014
DELJUL26-01694,Paharganj,Economy,Standard,2026-07-21,2026-07-25,4,1,2885,Completed,MakeMyTrip,Business,0.702,11538
DELJUL26-01695,Connaught Place,Economy,Suite,2026-07-10,2026-07-14,4,2,5308,Confirmed,Walk-in,Leisure,0.648,42467
DELJUL26-01696,South Delhi,Budget,Deluxe,2026-07-23,2026-07-27,4,2,4084,Completed,Booking.com,Family,0.946,32675
DELJUL26-01697,Saket,Midscale,Standard,2026-07-20,2026-07-21,1,2,3708,Completed,Agoda,Leisure,0.837,7415
DELJUL26-01698,Connaught Place,Budget,Deluxe,2026-07-04,2026-07-05,1,2,5323,Completed,Direct,Couple,0.918,10645
DELJUL26-01699,Paharganj,Economy,Standard,2026-07-06,2026-07-11,5,3,1684,Confirmed,Walk-in,Group,0.845,25254
DELJUL26-01700,Rohini,Economy,Standard,2026-07-11,2026-07-13,2,2,1564,Confirmed,Walk-in,Group,0.745,6255
DELJUL26-01701,Karol Bagh,Budget,Standard,2026-07-02,2026-07-05,3,3,1544,Completed,Walk-in,Leisure,0.393,13892
DELJUL26-01702,Connaught Place,Luxury,Deluxe,2026-07-13,2026-07-15,2,2,21911,Completed,Goibibo,Couple,0.865,87642
DELJUL26-01703,South Delhi,Economy,Standard,2026-07-15,2026-07-20,5,1,3822,Cancelled,Walk-in,Family,0.807,0
DELJUL26-01704,Connaught Place,Economy,Standard,2026-07-25,2026-07-30,5,2,6805,Confirmed,Agoda,Leisure,0.519,68051
DELJUL26-01705,Rohini,Budget,Standard,2026-07-06,2026-07-09,3,1,2110,Confirmed,MakeMyTrip,Couple,0.512,6330
DELJUL26-01706,Lajpat Nagar,Upscale,Standard,2026-07-18,2026-07-22,4,2,5673,Completed,Walk-in,Group,0.665,45388
DELJUL26-01707,Rohini,Midscale,Deluxe,2026-07-21,2026-07-24,3,1,2390,Confirmed,Booking.com,Family,0.52,7169
DELJUL26-01708,Rohini,Economy,Standard,2026-07-14,2026-07-18,4,3,1654,Completed,Walk-in,Group,0.932,19854
DELJUL26-01709,Karol Bagh,Budget,Standard,2026-07-29,2026-08-03,5,2,1644,Confirmed,Walk-in,Leisure,0.466,16439
DELJUL26-01710,Karol Bagh,Midscale,Standard,2026-07-10,2026-07-14,4,1,2537,Confirmed,MakeMyTrip,Group,0.442,10148
DELJUL26-01711,Paharganj,Luxury,Standard,2026-07-13,2026-07-14,1,3,6830,Completed,Booking.com,Couple,0.376,20491
DELJUL26-01712,Saket,Economy,Standard,2026-07-01,2026-07-04,3,2,3986,Completed,Direct,Couple,0.682,23919
DELJUL26-01713,Lajpat Nagar,Budget,Premium,2026-07-13,2026-07-18,5,1,1854,Confirmed,Goibibo,Family,0.794,9270
DELJUL26-01714,Greater Kailash,Budget,Standard,2026-07-01,2026-07-02,1,1,2337,Confirmed,Agoda,Leisure,0.702,2337
DELJUL26-01715,South Delhi,Budget,Standard,2026-07-31,2026-08-02,2,1,3710,Cancelled,Goibibo,Family,0.475,0
DELJUL26-01716,Lajpat Nagar,Midscale,Standard,2026-07-08,2026-07-10,2,1,2892,Confirmed,Goibibo,Group,0.904,5785
DELJUL26-01717,South Delhi,Luxury,Deluxe,2026-07-26,2026-07-30,4,2,17221,Confirmed,Direct,Family,0.578,137772
DELJUL26-01718,Paharganj,Luxury,Standard,2026-07-04,2026-07-05,1,2,3684,Cancelled,Direct,Leisure,0.434,0
DELJUL26-01719,Saket,Upscale,Deluxe,2026-07-09,2026-07-13,4,2,12110,Confirmed,Booking.com,Family,0.465,96876
DELJUL26-01720,Dwarka,Budget,Deluxe,2026-07-04,2026-07-05,1,3,1998,Completed,Walk-in,Leisure,0.613,5994
DELJUL26-01721,Aerocity,Luxury,Standard,2026-07-12,2026-07-17,5,3,15829,Confirmed,Goibibo,Family,0.677,237433
DELJUL26-01722,Greater Kailash,Economy,Standard,2026-07-19,2026-07-21,2,1,2886,Completed,MakeMyTrip,Couple,0.711,5772
DELJUL26-01723,South Delhi,Economy,Suite,2026-07-14,2026-07-17,3,2,4842,Completed,Goibibo,Leisure,0.394,29052
DELJUL26-01724,Greater Kailash,Midscale,Standard,2026-07-19,2026-07-23,4,2,5413,Completed,MakeMyTrip,Family,0.87,43302
DELJUL26-01725,Dwarka,Budget,Deluxe,2026-07-25,2026-07-27,2,1,1534,Completed,Direct,Family,0.552,3069
DELJUL26-01726,Greater Kailash,Upscale,Deluxe,2026-07-02,2026-07-03,1,1,12893,Completed,Goibibo,Couple,0.506,12893
DELJUL26-01727,Rohini,Luxury,Standard,2026-07-14,2026-07-19,5,2,5343,Confirmed,Agoda,Leisure,0.763,53429
DELJUL26-01728,Dwarka,Upscale,Deluxe,2026-07-19,2026-07-20,1,1,3492,Confirmed,Walk-in,Couple,0.718,3492
DELJUL26-01729,Saket,Upscale,Standard,2026-07-17,2026-07-20,3,3,9182,Confirmed,MakeMyTrip,Couple,0.946,82639
DELJUL26-01730,Connaught Place,Economy,Standard,2026-07-05,2026-07-06,1,3,4428,Completed,Booking.com,Leisure,0.596,13284
DELJUL26-01731,Greater Kailash,Budget,Deluxe,2026-07-07,2026-07-11,4,2,5501,Confirmed,Walk-in,Leisure,0.46,44011
DELJUL26-01732,Rohini,Upscale,Premium,2026-07-12,2026-07-14,2,2,2314,Confirmed,MakeMyTrip,Couple,0.934,9255
DELJUL26-01733,South Delhi,Midscale,Standard,2026-07-21,2026-07-26,5,3,8740,Cancelled,Direct,Group,0.639,0
DELJUL26-01734,Lajpat Nagar,Upscale,Deluxe,2026-07-31,2026-08-02,2,3,5923,Completed,Goibibo,Group,0.747,35541
DELJUL26-01735,Lajpat Nagar,Budget,Standard,2026-07-12,2026-07-16,4,2,1351,Confirmed,Direct,Couple,0.375,10806
DELJUL26-01736,Greater Kailash,Economy,Deluxe,2026-07-17,2026-07-18,1,3,3585,Confirmed,Walk-in,Group,0.552,10756
DELJUL26-01737,Dwarka,Economy,Standard,2026-07-10,2026-07-11,1,1,2850,Completed,Agoda,Couple,0.942,2850
DELJUL26-01738,Aerocity,Midscale,Standard,2026-07-02,2026-07-04,2,2,12522,Completed,MakeMyTrip,Leisure,0.929,50088
DELJUL26-01739,Aerocity,Upscale,Suite,2026-07-13,2026-07-18,5,1,14359,Completed,Goibibo,Family,0.94,71794
DELJUL26-01740,Karol Bagh,Luxury,Deluxe,2026-07-11,2026-07-16,5,1,6883,Confirmed,MakeMyTrip,Business,0.844,34414
DELJUL26-01741,Saket,Economy,Standard,2026-07-05,2026-07-09,4,2,4822,Completed,MakeMyTrip,Business,0.65,38572
DELJUL26-01742,Greater Kailash,Economy,Suite,2026-07-21,2026-07-23,2,3,5312,Confirmed,Walk-in,Leisure,0.693,31873
DELJUL26-01743,Saket,Budget,Standard,2026-07-09,2026-07-11,2,3,3545,Confirmed,Agoda,Leisure,0.395,21270
DELJUL26-01744,Aerocity,Economy,Deluxe,2026-07-07,2026-07-09,2,3,6944,Confirmed,Goibibo,Couple,0.826,41666
DELJUL26-01745,Karol Bagh,Economy,Deluxe,2026-07-13,2026-07-15,2,1,2996,Confirmed,Walk-in,Leisure,0.799,5991
DELJUL26-01746,Rohini,Midscale,Premium,2026-07-30,2026-08-02,3,2,2458,Completed,Direct,Couple,0.775,14747
DELJUL26-01747,Rohini,Economy,Standard,2026-07-20,2026-07-24,4,1,2829,Cancelled,Walk-in,Business,0.58,0
DELJUL26-01748,Paharganj,Economy,Deluxe,2026-07-14,2026-07-16,2,2,1201,Completed,Booking.com,Family,0.51,4805
DELJUL26-01749,Lajpat Nagar,Midscale,Deluxe,2026-07-26,2026-07-27,1,3,2628,Completed,Booking.com,Business,0.836,7885
DELJUL26-01750,Greater Kailash,Upscale,Standard,2026-07-01,2026-07-04,3,2,10638,Confirmed,Goibibo,Business,0.935,63828
DELJUL26-01751,Rohini,Budget,Premium,2026-07-11,2026-07-13,2,1,1502,Cancelled,Direct,Family,0.604,0
DELJUL26-01752,Lajpat Nagar,Economy,Standard,2026-07-17,2026-07-20,3,1,2036,Completed,MakeMyTrip,Couple,0.383,6109
DELJUL26-01753,South Delhi,Midscale,Standard,2026-07-16,2026-07-20,4,2,5341,Cancelled,MakeMyTrip,Family,0.89,0
DELJUL26-01754,Paharganj,Upscale,Deluxe,2026-07-21,2026-07-26,5,3,3193,Confirmed,Direct,Couple,0.764,47893
DELJUL26-01755,South Delhi,Upscale,Standard,2026-07-22,2026-07-25,3,2,13113,Cancelled,Booking.com,Group,0.753,0
DELJUL26-01756,Paharganj,Budget,Premium,2026-07-15,2026-07-20,5,1,1096,Cancelled,MakeMyTrip,Family,0.917,0
DELJUL26-01757,Paharganj,Midscale,Standard,2026-07-29,2026-07-31,2,2,1418,Confirmed,Direct,Group,0.752,5673
DELJUL26-01758,South Delhi,Upscale,Standard,2026-07-29,2026-08-02,4,1,8742,Completed,Walk-in,Leisure,0.721,34967
DELJUL26-01759,Dwarka,Economy,Deluxe,2026-07-15,2026-07-20,5,1,3703,Confirmed,MakeMyTrip,Family,0.776,18516
DELJUL26-01760,Dwarka,Economy,Premium,2026-07-28,2026-07-30,2,2,2511,Confirmed,Agoda,Family,0.64,10046
DELJUL26-01761,Paharganj,Luxury,Deluxe,2026-07-20,2026-07-24,4,3,7511,Completed,Booking.com,Leisure,0.522,90132
DELJUL26-01762,Saket,Budget,Standard,2026-07-05,2026-07-08,3,2,4512,Completed,Goibibo,Group,0.501,27072
DELJUL26-01763,Aerocity,Midscale,Standard,2026-07-04,2026-07-09,5,1,7922,Completed,Direct,Couple,0.786,39612
DELJUL26-01764,South Delhi,Upscale,Deluxe,2026-07-03,2026-07-05,2,3,10011,Confirmed,Booking.com,Family,0.496,60066
DELJUL26-01765,Dwarka,Budget,Premium,2026-07-07,2026-07-12,5,1,2477,Completed,Agoda,Couple,0.909,12384
DELJUL26-01766,Rohini,Midscale,Deluxe,2026-07-10,2026-07-14,4,2,3032,Confirmed,MakeMyTrip,Couple,0.592,24256
DELJUL26-01767,Dwarka,Economy,Deluxe,2026-07-03,2026-07-07,4,2,2861,Confirmed,Walk-in,Couple,0.73,22887
DELJUL26-01768,Saket,Upscale,Standard,2026-07-19,2026-07-20,1,3,11287,Completed,Walk-in,Business,0.376,33862
DELJUL26-01769,Aerocity,Upscale,Standard,2026-07-13,2026-07-14,1,3,16498,Confirmed,Direct,Family,0.619,49494
DELJUL26-01770,Connaught Place,Upscale,Standard,2026-07-19,2026-07-23,4,1,12863,Cancelled,Goibibo,Business,0.59,0
DELJUL26-01771,Paharganj,Budget,Standard,2026-07-16,2026-07-19,3,3,2347,Completed,Agoda,Group,0.803,21125
DELJUL26-01772,Paharganj,Upscale,Standard,2026-07-09,2026-07-11,2,2,3905,Confirmed,Booking.com,Leisure,0.383,15619
DELJUL26-01773,Paharganj,Upscale,Deluxe,2026-07-20,2026-07-25,5,2,5079,Confirmed,Walk-in,Group,0.591,50793
DELJUL26-01774,Paharganj,Midscale,Deluxe,2026-07-30,2026-08-02,3,1,4018,Confirmed,Agoda,Business,0.865,12053
DELJUL26-01775,Greater Kailash,Midscale,Standard,2026-07-10,2026-07-13,3,2,4912,Cancelled,Booking.com,Couple,0.751,0
DELJUL26-01776,Connaught Place,Budget,Premium,2026-07-10,2026-07-12,2,2,2796,Completed,Direct,Leisure,0.816,11185
DELJUL26-01777,Paharganj,Upscale,Standard,2026-07-16,2026-07-21,5,2,3552,Completed,MakeMyTrip,Group,0.808,35518
DELJUL26-01778,Connaught Place,Budget,Deluxe,2026-07-25,2026-07-27,2,3,4996,Completed,MakeMyTrip,Family,0.747,29979
DELJUL26-01779,Paharganj,Economy,Premium,2026-07-17,2026-07-19,2,3,1746,Completed,Goibibo,Group,0.585,10474
DELJUL26-01780,South Delhi,Upscale,Premium,2026-07-26,2026-07-30,4,1,10369,Confirmed,Booking.com,Business,0.59,41476
DELJUL26-01781,Aerocity,Luxury,Premium,2026-07-03,2026-07-04,1,1,13880,Confirmed,Booking.com,Group,0.381,13880
DELJUL26-01782,Paharganj,Luxury,Premium,2026-07-04,2026-07-07,3,3,4306,Confirmed,Walk-in,Group,0.467,38758
DELJUL26-01783,Aerocity,Economy,Standard,2026-07-13,2026-07-16,3,2,8609,Completed,Walk-in,Leisure,0.685,51652
DELJUL26-01784,Rohini,Budget,Deluxe,2026-07-08,2026-07-10,2,2,1215,Confirmed,Agoda,Business,0.887,4860
DELJUL26-01785,Greater Kailash,Economy,Premium,2026-07-01,2026-07-05,4,3,6424,Confirmed,MakeMyTrip,Family,0.717,77087
DELJUL26-01786,Karol Bagh,Budget,Standard,2026-07-07,2026-07-08,1,3,1301,Confirmed,MakeMyTrip,Business,0.582,3904
DELJUL26-01787,Connaught Place,Upscale,Deluxe,2026-07-09,2026-07-14,5,3,14298,Confirmed,Booking.com,Group,0.849,214474
DELJUL26-01788,Aerocity,Midscale,Standard,2026-07-29,2026-08-03,5,2,7303,Completed,MakeMyTrip,Leisure,0.619,73029
DELJUL26-01789,Saket,Economy,Deluxe,2026-07-25,2026-07-26,1,1,6047,Completed,Goibibo,Business,0.506,6047
DELJUL26-01790,Greater Kailash,Budget,Standard,2026-07-11,2026-07-14,3,3,3715,Confirmed,Walk-in,Business,0.398,33436
DELJUL26-01791,Dwarka,Economy,Deluxe,2026-07-30,2026-07-31,1,3,2051,Cancelled,Agoda,Family,0.847,0
DELJUL26-01792,Lajpat Nagar,Upscale,Standard,2026-07-26,2026-07-30,4,2,3547,Confirmed,Booking.com,Couple,0.72,28377
DELJUL26-01793,Paharganj,Midscale,Standard,2026-07-08,2026-07-10,2,2,1817,Confirmed,Walk-in,Leisure,0.698,7268
DELJUL26-01794,Karol Bagh,Budget,Standard,2026-07-15,2026-07-18,3,1,2357,Confirmed,Direct,Couple,0.782,7070
DELJUL26-01795,Saket,Budget,Deluxe,2026-07-29,2026-08-03,5,1,4059,Completed,Direct,Family,0.713,20294
DELJUL26-01796,Karol Bagh,Economy,Premium,2026-07-15,2026-07-19,4,3,2784,Cancelled,Walk-in,Couple,0.56,0
DELJUL26-01797,Rohini,Budget,Standard,2026-07-12,2026-07-17,5,1,1362,Completed,Booking.com,Leisure,0.721,6808
DELJUL26-01798,Connaught Place,Luxury,Standard,2026-07-29,2026-08-02,4,2,15985,Completed,Walk-in,Group,0.434,127882
DELJUL26-01799,Saket,Midscale,Deluxe,2026-07-21,2026-07-24,3,2,5416,Confirmed,Direct,Family,0.528,32494
DELJUL26-01800,Dwarka,Budget,Deluxe,2026-07-14,2026-07-15,1,2,2388,Completed,Booking.com,Business,0.672,4776
DELJUL26-01801,Aerocity,Upscale,Standard,2026-07-27,2026-07-28,1,3,15092,Completed,Agoda,Couple,0.391,45276
DELJUL26-01802,Saket,Economy,Deluxe,2026-07-24,2026-07-27,3,3,5552,Confirmed,Booking.com,Family,0.843,49965
DELJUL26-01803,Saket,Budget,Premium,2026-07-11,2026-07-14,3,3,4844,Confirmed,Goibibo,Business,0.377,43597
DELJUL26-01804,Karol Bagh,Midscale,Standard,2026-07-14,2026-07-17,3,1,2969,Confirmed,Agoda,Leisure,0.573,8907
DELJUL26-01805,Connaught Place,Budget,Standard,2026-07-02,2026-07-07,5,3,2844,Confirmed,MakeMyTrip,Family,0.623,42666
DELJUL26-01806,Aerocity,Economy,Standard,2026-07-04,2026-07-05,1,3,5766,Confirmed,Direct,Business,0.758,17297
DELJUL26-01807,Aerocity,Upscale,Premium,2026-07-30,2026-08-03,4,3,12960,Confirmed,Agoda,Couple,0.443,155514
DELJUL26-01808,Saket,Upscale,Premium,2026-07-02,2026-07-06,4,2,8080,Completed,Goibibo,Business,0.843,64640
DELJUL26-01809,Aerocity,Economy,Deluxe,2026-07-26,2026-07-30,4,1,9261,Completed,Walk-in,Leisure,0.606,37045
DELJUL26-01810,Rohini,Midscale,Suite,2026-07-07,2026-07-09,2,3,3058,Completed,Agoda,Couple,0.501,18347
DELJUL26-01811,Karol Bagh,Budget,Standard,2026-07-17,2026-07-20,3,3,1731,Completed,Agoda,Group,0.409,15577
DELJUL26-01812,South Delhi,Midscale,Deluxe,2026-07-23,2026-07-24,1,1,7580,Completed,Goibibo,Group,0.905,7580
DELJUL26-01813,South Delhi,Economy,Deluxe,2026-07-31,2026-08-01,1,1,4444,Confirmed,Agoda,Family,0.592,4444
DELJUL26-01814,Saket,Midscale,Premium,2026-07-12,2026-07-17,5,3,7559,Cancelled,MakeMyTrip,Business,0.579,0
DELJUL26-01815,Lajpat Nagar,Budget,Deluxe,2026-07-29,2026-08-02,4,2,1568,Completed,Walk-in,Business,0.458,12547
DELJUL26-01816,Connaught Place,Luxury,Standard,2026-07-15,2026-07-20,5,3,14927,Completed,Agoda,Business,0.654,223900
DELJUL26-01817,Karol Bagh,Upscale,Standard,2026-07-27,2026-07-31,4,2,6730,Completed,Booking.com,Leisure,0.542,53837
DELJUL26-01818,Karol Bagh,Economy,Standard,2026-07-04,2026-07-06,2,3,3523,Confirmed,Walk-in,Group,0.45,21136
DELJUL26-01819,Connaught Place,Upscale,Premium,2026-07-09,2026-07-14,5,1,14059,Completed,Booking.com,Business,0.802,70294
DELJUL26-01820,Karol Bagh,Budget,Standard,2026-07-20,2026-07-24,4,3,1838,Confirmed,Agoda,Couple,0.889,22052
DELJUL26-01821,Paharganj,Midscale,Deluxe,2026-07-22,2026-07-23,1,1,3494,Confirmed,Walk-in,Business,0.561,3494
DELJUL26-01822,Greater Kailash,Economy,Standard,2026-07-25,2026-07-26,1,3,5354,Cancelled,MakeMyTrip,Couple,0.522,0
DELJUL26-01823,Paharganj,Budget,Standard,2026-07-12,2026-07-16,4,2,1806,Completed,Booking.com,Group,0.574,14447
DELJUL26-01824,Lajpat Nagar,Midscale,Standard,2026-07-20,2026-07-24,4,2,2545,Confirmed,Walk-in,Family,0.905,20363
DELJUL26-01825,Greater Kailash,Economy,Deluxe,2026-07-20,2026-07-21,1,3,3710,Confirmed,Agoda,Group,0.7,11131
DELJUL26-01826,Rohini,Midscale,Standard,2026-07-31,2026-08-03,3,1,3135,Completed,MakeMyTrip,Business,0.45,9405
DELJUL26-01827,Connaught Place,Midscale,Standard,2026-07-04,2026-07-09,5,1,4610,Confirmed,Walk-in,Business,0.729,23050
DELJUL26-01828,Rohini,Budget,Standard,2026-07-01,2026-07-05,4,2,1705,Completed,Direct,Couple,0.591,13642
DELJUL26-01829,South Delhi,Budget,Premium,2026-07-18,2026-07-23,5,2,5404,Confirmed,Goibibo,Leisure,0.36,54042
DELJUL26-01830,Rohini,Midscale,Deluxe,2026-07-01,2026-07-03,2,2,3475,Completed,Booking.com,Leisure,0.932,13898
DELJUL26-01831,Paharganj,Midscale,Deluxe,2026-07-07,2026-07-08,1,2,1678,Confirmed,Booking.com,Business,0.419,3355
DELJUL26-01832,Rohini,Budget,Premium,2026-07-16,2026-07-18,2,1,2203,Completed,MakeMyTrip,Family,0.598,4406
DELJUL26-01833,Dwarka,Economy,Deluxe,2026-07-09,2026-07-13,4,3,1574,Completed,Goibibo,Family,0.745,18884
DELJUL26-01834,Aerocity,Midscale,Deluxe,2026-07-09,2026-07-14,5,3,8468,Confirmed,Booking.com,Leisure,0.702,127024
DELJUL26-01835,Saket,Midscale,Deluxe,2026-07-11,2026-07-15,4,2,6694,Completed,Goibibo,Family,0.353,53552
DELJUL26-01836,Connaught Place,Upscale,Standard,2026-07-22,2026-07-23,1,1,5936,Completed,Agoda,Couple,0.715,5936
DELJUL26-01837,Rohini,Economy,Standard,2026-07-12,2026-07-15,3,1,1351,Confirmed,Direct,Business,0.786,4052
DELJUL26-01838,Paharganj,Midscale,Premium,2026-07-25,2026-07-26,1,2,1818,Completed,Direct,Family,0.86,3637
DELJUL26-01839,Karol Bagh,Midscale,Standard,2026-07-05,2026-07-09,4,1,3459,Completed,Agoda,Business,0.46,13838
DELJUL26-01840,Dwarka,Economy,Standard,2026-07-04,2026-07-07,3,2,3401,Cancelled,MakeMyTrip,Leisure,0.372,0
DELJUL26-01841,Saket,Budget,Premium,2026-07-06,2026-07-09,3,3,2344,Completed,Booking.com,Couple,0.917,21095
DELJUL26-01842,Aerocity,Budget,Standard,2026-07-29,2026-08-01,3,3,4008,Confirmed,Walk-in,Family,0.758,36075
DELJUL26-01843,Lajpat Nagar,Upscale,Deluxe,2026-07-09,2026-07-13,4,2,5563,Completed,MakeMyTrip,Group,0.623,44502
DELJUL26-01844,Lajpat Nagar,Budget,Deluxe,2026-07-01,2026-07-02,1,1,1702,Completed,Direct,Leisure,0.785,1702
DELJUL26-01845,Greater Kailash,Midscale,Standard,2026-07-10,2026-07-15,5,1,7288,Confirmed,Booking.com,Leisure,0.444,36441
DELJUL26-01846,South Delhi,Midscale,Standard,2026-07-22,2026-07-25,3,1,8914,Confirmed,Goibibo,Couple,0.925,26743
DELJUL26-01847,Saket,Economy,Standard,2026-07-12,2026-07-15,3,1,4691,Completed,Booking.com,Group,0.743,14074
DELJUL26-01848,Dwarka,Upscale,Deluxe,2026-07-12,2026-07-14,2,2,7278,Completed,Walk-in,Group,0.876,29114
DELJUL26-01849,Dwarka,Midscale,Premium,2026-07-03,2026-07-04,1,3,4297,Confirmed,Goibibo,Group,0.684,12891
DELJUL26-01850,Connaught Place,Budget,Premium,2026-07-21,2026-07-25,4,2,6043,Confirmed,Direct,Business,0.83,48346
DELJUL26-01851,Aerocity,Upscale,Standard,2026-07-07,2026-07-09,2,3,9311,Completed,MakeMyTrip,Couple,0.547,55864
DELJUL26-01852,Karol Bagh,Midscale,Standard,2026-07-04,2026-07-09,5,1,2571,Confirmed,MakeMyTrip,Leisure,0.43,12857
DELJUL26-01853,Saket,Economy,Deluxe,2026-07-23,2026-07-27,4,2,5196,Completed,Direct,Family,0.562,41571
DELJUL26-01854,Connaught Place,Midscale,Deluxe,2026-07-30,2026-08-02,3,2,4249,Completed,Direct,Group,0.888,25492
DELJUL26-01855,Connaught Place,Midscale,Standard,2026-07-19,2026-07-20,1,1,11639,Completed,Direct,Couple,0.769,11639
DELJUL26-01856,Lajpat Nagar,Economy,Standard,2026-07-30,2026-08-02,3,3,3715,Confirmed,Agoda,Group,0.624,33438
DELJUL26-01857,Paharganj,Luxury,Standard,2026-07-13,2026-07-18,5,3,6603,Completed,Booking.com,Group,0.491,99050
DELJUL26-01858,Dwarka,Midscale,Standard,2026-07-17,2026-07-20,3,3,3579,Completed,MakeMyTrip,Couple,0.709,32211
DELJUL26-01859,Dwarka,Midscale,Deluxe,2026-07-12,2026-07-16,4,3,3248,Completed,Direct,Couple,0.706,38979
DELJUL26-01860,Greater Kailash,Budget,Premium,2026-07-16,2026-07-17,1,1,4182,Confirmed,Walk-in,Business,0.669,4182
DELJUL26-01861,Greater Kailash,Economy,Standard,2026-07-28,2026-07-31,3,1,3510,Completed,Walk-in,Family,0.793,10531
DELJUL26-01862,Karol Bagh,Economy,Deluxe,2026-07-20,2026-07-24,4,1,2495,Completed,Agoda,Leisure,0.496,9981
DELJUL26-01863,Lajpat Nagar,Midscale,Standard,2026-07-01,2026-07-04,3,1,5107,Completed,Booking.com,Family,0.657,15321
DELJUL26-01864,Paharganj,Midscale,Standard,2026-07-18,2026-07-23,5,2,3835,Confirmed,Goibibo,Group,0.535,38346
DELJUL26-01865,Lajpat Nagar,Upscale,Standard,2026-07-12,2026-07-15,3,3,5929,Confirmed,MakeMyTrip,Leisure,0.473,53364
DELJUL26-01866,Saket,Economy,Standard,2026-07-17,2026-07-22,5,3,3322,Confirmed,Walk-in,Family,0.55,49836
DELJUL26-01867,Connaught Place,Midscale,Standard,2026-07-18,2026-07-22,4,3,8444,Confirmed,Goibibo,Group,0.832,101329
DELJUL26-01868,Greater Kailash,Upscale,Deluxe,2026-07-19,2026-07-24,5,3,10549,Completed,Direct,Business,0.418,158229
DELJUL26-01869,Aerocity,Upscale,Deluxe,2026-07-27,2026-07-30,3,2,12019,Completed,Direct,Family,0.515,72117
DELJUL26-01870,Greater Kailash,Upscale,Deluxe,2026-07-27,2026-07-30,3,1,9328,Completed,Agoda,Couple,0.67,27983
DELJUL26-01871,Aerocity,Upscale,Deluxe,2026-07-31,2026-08-02,2,3,12240,Confirmed,Agoda,Couple,0.591,73441
DELJUL26-01872,Karol Bagh,Budget,Standard,2026-07-19,2026-07-23,4,2,1327,Confirmed,Agoda,Couple,0.847,10617
DELJUL26-01873,South Delhi,Midscale,Standard,2026-07-09,2026-07-14,5,2,7686,Confirmed,Booking.com,Leisure,0.818,76865
DELJUL26-01874,Rohini,Luxury,Standard,2026-07-07,2026-07-08,1,3,3839,Confirmed,Agoda,Leisure,0.757,11516
DELJUL26-01875,Saket,Midscale,Standard,2026-07-27,2026-08-01,5,3,5812,Completed,Booking.com,Couple,0.519,87173
DELJUL26-01876,Connaught Place,Budget,Standard,2026-07-29,2026-08-03,5,1,3020,Confirmed,Goibibo,Group,0.363,15102
DELJUL26-01877,Karol Bagh,Luxury,Suite,2026-07-02,2026-07-06,4,3,7904,Confirmed,Booking.com,Business,0.538,94843
DELJUL26-01878,Lajpat Nagar,Budget,Suite,2026-07-07,2026-07-10,3,3,1756,Completed,Direct,Family,0.711,15805
DELJUL26-01879,Greater Kailash,Economy,Deluxe,2026-07-22,2026-07-27,5,1,7135,Confirmed,Agoda,Leisure,0.411,35673
DELJUL26-01880,Connaught Place,Budget,Deluxe,2026-07-06,2026-07-08,2,2,2562,Confirmed,Agoda,Leisure,0.844,10247
DELJUL26-01881,Paharganj,Economy,Deluxe,2026-07-02,2026-07-06,4,1,2095,Cancelled,Agoda,Family,0.942,0
DELJUL26-01882,Karol Bagh,Economy,Deluxe,2026-07-31,2026-08-05,5,3,2269,Confirmed,Goibibo,Leisure,0.793,34030
DELJUL26-01883,Connaught Place,Economy,Deluxe,2026-07-03,2026-07-08,5,1,4751,Cancelled,Goibibo,Family,0.599,0
DELJUL26-01884,Lajpat Nagar,Upscale,Standard,2026-07-07,2026-07-10,3,2,4652,Cancelled,Agoda,Family,0.828,0
DELJUL26-01885,South Delhi,Economy,Suite,2026-07-31,2026-08-02,2,2,5597,Completed,Goibibo,Leisure,0.514,22387
DELJUL26-01886,Connaught Place,Midscale,Deluxe,2026-07-04,2026-07-09,5,3,10892,Confirmed,Walk-in,Family,0.922,163386
DELJUL26-01887,South Delhi,Upscale,Standard,2026-07-25,2026-07-29,4,1,7732,Confirmed,Agoda,Family,0.57,30927
DELJUL26-01888,Saket,Upscale,Deluxe,2026-07-18,2026-07-22,4,3,5606,Completed,Goibibo,Leisure,0.764,67271
DELJUL26-01889,Aerocity,Budget,Premium,2026-07-17,2026-07-21,4,1,5916,Confirmed,Goibibo,Business,0.361,23665
DELJUL26-01890,Saket,Budget,Premium,2026-07-26,2026-07-31,5,1,3051,Confirmed,Walk-in,Family,0.728,15257
DELJUL26-01891,Connaught Place,Midscale,Standard,2026-07-01,2026-07-04,3,1,6121,Confirmed,Goibibo,Group,0.528,18363
DELJUL26-01892,Karol Bagh,Upscale,Standard,2026-07-02,2026-07-05,3,3,5706,Confirmed,Direct,Family,0.411,51356
DELJUL26-01893,Lajpat Nagar,Midscale,Standard,2026-07-07,2026-07-12,5,2,3990,Confirmed,Walk-in,Couple,0.61,39902
DELJUL26-01894,Greater Kailash,Budget,Standard,2026-07-16,2026-07-19,3,1,4469,Completed,Direct,Family,0.414,13406
DELJUL26-01895,Connaught Place,Midscale,Standard,2026-07-30,2026-08-01,2,3,7323,Confirmed,Booking.com,Group,0.461,43937
DELJUL26-01896,Lajpat Nagar,Midscale,Standard,2026-07-03,2026-07-07,4,1,3496,Cancelled,Booking.com,Group,0.887,0
DELJUL26-01897,Dwarka,Midscale,Standard,2026-07-14,2026-07-16,2,3,2870,Confirmed,Direct,Family,0.388,17222
DELJUL26-01898,Lajpat Nagar,Upscale,Standard,2026-07-14,2026-07-15,1,2,5729,Confirmed,Booking.com,Business,0.725,11457
DELJUL26-01899,Greater Kailash,Upscale,Deluxe,2026-07-07,2026-07-09,2,1,5867,Completed,Booking.com,Family,0.386,11734
DELJUL26-01900,Paharganj,Midscale,Deluxe,2026-07-11,2026-07-12,1,2,3525,Completed,Goibibo,Group,0.781,7050
DELJUL26-01901,Dwarka,Midscale,Standard,2026-07-07,2026-07-12,5,3,4078,Completed,Walk-in,Family,0.937,61176
DELJUL26-01902,Dwarka,Midscale,Standard,2026-07-05,2026-07-10,5,2,4147,Confirmed,Booking.com,Business,0.608,41470
DELJUL26-01903,Greater Kailash,Midscale,Premium,2026-07-17,2026-07-19,2,3,4586,Confirmed,MakeMyTrip,Couple,0.931,27518
DELJUL26-01904,Karol Bagh,Economy,Standard,2026-07-29,2026-08-03,5,1,2383,Completed,Agoda,Leisure,0.735,11913
DELJUL26-01905,Paharganj,Midscale,Deluxe,2026-07-13,2026-07-17,4,1,2969,Confirmed,Agoda,Business,0.707,11877
DELJUL26-01906,Karol Bagh,Midscale,Standard,2026-07-20,2026-07-25,5,1,4311,Confirmed,Walk-in,Leisure,0.453,21553
DELJUL26-01907,Karol Bagh,Economy,Standard,2026-07-21,2026-07-22,1,1,3379,Confirmed,Goibibo,Group,0.921,3379
DELJUL26-01908,Connaught Place,Budget,Premium,2026-07-27,2026-07-28,1,1,3969,Confirmed,Agoda,Group,0.867,3969
DELJUL26-01909,Aerocity,Midscale,Standard,2026-07-26,2026-07-31,5,2,11804,Completed,Walk-in,Group,0.429,118043
DELJUL26-01910,Rohini,Midscale,Standard,2026-07-29,2026-07-31,2,1,2287,Completed,MakeMyTrip,Leisure,0.367,4574
DELJUL26-01911,Aerocity,Economy,Standard,2026-07-26,2026-07-29,3,2,6606,Completed,Walk-in,Group,0.565,39637
DELJUL26-01912,Lajpat Nagar,Economy,Deluxe,2026-07-29,2026-08-03,5,1,1695,Confirmed,Walk-in,Business,0.446,8473
DELJUL26-01913,Aerocity,Budget,Deluxe,2026-07-30,2026-08-01,2,1,5533,Completed,Direct,Group,0.552,11065
DELJUL26-01914,Greater Kailash,Luxury,Deluxe,2026-07-24,2026-07-25,1,3,10279,Completed,Agoda,Business,0.925,30838
DELJUL26-01915,Paharganj,Upscale,Premium,2026-07-16,2026-07-20,4,2,2559,Completed,Goibibo,Business,0.867,20468
DELJUL26-01916,Dwarka,Midscale,Standard,2026-07-10,2026-07-13,3,1,4661,Cancelled,Agoda,Couple,0.614,0
DELJUL26-01917,Karol Bagh,Economy,Standard,2026-07-18,2026-07-19,1,2,3071,Completed,Goibibo,Couple,0.515,6141
DELJUL26-01918,Saket,Midscale,Suite,2026-07-26,2026-07-28,2,3,3828,Confirmed,Booking.com,Business,0.697,22968
DELJUL26-01919,Saket,Midscale,Standard,2026-07-24,2026-07-27,3,1,3420,Completed,MakeMyTrip,Group,0.912,10260
DELJUL26-01920,Dwarka,Luxury,Premium,2026-07-17,2026-07-22,5,1,6811,Completed,Agoda,Leisure,0.824,34057
DELJUL26-01921,Paharganj,Budget,Deluxe,2026-07-03,2026-07-05,2,3,1407,Completed,Walk-in,Group,0.871,8444
DELJUL26-01922,Dwarka,Budget,Standard,2026-07-09,2026-07-12,3,2,1538,Completed,Direct,Family,0.807,9225
DELJUL26-01923,Lajpat Nagar,Midscale,Suite,2026-07-18,2026-07-19,1,3,4218,Confirmed,Booking.com,Family,0.652,12653
DELJUL26-01924,Saket,Budget,Standard,2026-07-12,2026-07-14,2,1,2892,Completed,Booking.com,Group,0.435,5784
DELJUL26-01925,Paharganj,Midscale,Deluxe,2026-07-15,2026-07-17,2,3,2655,Confirmed,Goibibo,Leisure,0.841,15928
DELJUL26-01926,Connaught Place,Upscale,Standard,2026-07-10,2026-07-13,3,1,9240,Completed,Direct,Group,0.741,27721
DELJUL26-01927,Paharganj,Budget,Deluxe,2026-07-03,2026-07-07,4,1,976,Confirmed,Walk-in,Business,0.814,3904
DELJUL26-01928,Connaught Place,Economy,Deluxe,2026-07-15,2026-07-16,1,2,3593,Confirmed,Agoda,Group,0.79,7185
DELJUL26-01929,Connaught Place,Midscale,Standard,2026-07-14,2026-07-15,1,2,5856,Completed,Walk-in,Couple,0.498,11712
DELJUL26-01930,Rohini,Upscale,Suite,2026-07-25,2026-07-29,4,2,2669,Completed,Direct,Business,0.521,21356
DELJUL26-01931,Aerocity,Economy,Standard,2026-07-04,2026-07-06,2,3,6316,Cancelled,Booking.com,Leisure,0.864,0
DELJUL26-01932,Saket,Budget,Standard,2026-07-16,2026-07-20,4,2,4656,Confirmed,MakeMyTrip,Leisure,0.594,37248
DELJUL26-01933,Lajpat Nagar,Midscale,Standard,2026-07-27,2026-07-28,1,3,5451,Confirmed,Agoda,Leisure,0.457,16354
DELJUL26-01934,Rohini,Economy,Deluxe,2026-07-09,2026-07-13,4,2,2186,Confirmed,Goibibo,Leisure,0.736,17490
DELJUL26-01935,Connaught Place,Upscale,Standard,2026-07-10,2026-07-15,5,2,9608,Confirmed,MakeMyTrip,Couple,0.529,96080
DELJUL26-01936,Connaught Place,Midscale,Deluxe,2026-07-03,2026-07-06,3,3,8860,Completed,Booking.com,Group,0.736,79742
DELJUL26-01937,Paharganj,Economy,Deluxe,2026-07-18,2026-07-21,3,2,2296,Cancelled,Booking.com,Couple,0.704,0
DELJUL26-01938,Dwarka,Upscale,Deluxe,2026-07-27,2026-07-29,2,2,4161,Confirmed,MakeMyTrip,Couple,0.748,16642
DELJUL26-01939,Rohini,Midscale,Suite,2026-07-15,2026-07-17,2,3,2358,Completed,Agoda,Group,0.946,14146
DELJUL26-01940,Karol Bagh,Budget,Premium,2026-07-13,2026-07-14,1,1,1779,Confirmed,Walk-in,Couple,0.516,1779
DELJUL26-01941,Connaught Place,Midscale,Standard,2026-07-24,2026-07-27,3,2,4357,Confirmed,MakeMyTrip,Leisure,0.935,26139
DELJUL26-01942,Karol Bagh,Luxury,Deluxe,2026-07-14,2026-07-19,5,1,6430,Confirmed,Walk-in,Family,0.808,32151
DELJUL26-01943,Lajpat Nagar,Midscale,Standard,2026-07-13,2026-07-14,1,2,4557,Confirmed,Booking.com,Couple,0.863,9114
DELJUL26-01944,Aerocity,Economy,Standard,2026-07-24,2026-07-27,3,2,8427,Cancelled,Walk-in,Family,0.831,0
DELJUL26-01945,Paharganj,Midscale,Standard,2026-07-09,2026-07-14,5,2,1904,Completed,Direct,Business,0.364,19044
DELJUL26-01946,Connaught Place,Economy,Standard,2026-07-27,2026-07-30,3,3,5333,Cancelled,Agoda,Family,0.652,0
DELJUL26-01947,Connaught Place,Midscale,Deluxe,2026-07-09,2026-07-13,4,3,7405,Completed,Walk-in,Couple,0.413,88865
DELJUL26-01948,Rohini,Midscale,Standard,2026-07-16,2026-07-18,2,1,3036,Completed,Booking.com,Business,0.754,6073
DELJUL26-01949,Aerocity,Budget,Deluxe,2026-07-08,2026-07-12,4,2,5888,Completed,Agoda,Business,0.386,47103
DELJUL26-01950,Paharganj,Economy,Suite,2026-07-20,2026-07-25,5,1,1319,Completed,Direct,Family,0.37,6594
DELJUL26-01951,Rohini,Luxury,Standard,2026-07-14,2026-07-17,3,3,7950,Completed,Walk-in,Family,0.894,71551
DELJUL26-01952,South Delhi,Economy,Standard,2026-07-08,2026-07-12,4,2,7882,Completed,MakeMyTrip,Business,0.9,63059
DELJUL26-01953,Aerocity,Upscale,Standard,2026-07-24,2026-07-28,4,3,12887,Confirmed,MakeMyTrip,Business,0.724,154648
DELJUL26-01954,Saket,Midscale,Standard,2026-07-29,2026-07-30,1,3,6948,Confirmed,Walk-in,Leisure,0.626,20845
DELJUL26-01955,Rohini,Midscale,Suite,2026-07-01,2026-07-02,1,1,3183,Completed,Walk-in,Couple,0.847,3183
DELJUL26-01956,Saket,Budget,Standard,2026-07-18,2026-07-22,4,1,2603,Completed,Booking.com,Business,0.929,10411
DELJUL26-01957,Dwarka,Budget,Standard,2026-07-23,2026-07-25,2,1,1353,Completed,Walk-in,Group,0.383,2705
DELJUL26-01958,Dwarka,Budget,Standard,2026-07-23,2026-07-26,3,3,2022,Completed,Booking.com,Group,0.412,18196
DELJUL26-01959,South Delhi,Midscale,Standard,2026-07-07,2026-07-10,3,1,4339,Completed,Agoda,Couple,0.893,13018
DELJUL26-01960,Connaught Place,Luxury,Deluxe,2026-07-04,2026-07-08,4,3,18927,Completed,Agoda,Group,0.41,227122
DELJUL26-01961,Lajpat Nagar,Upscale,Suite,2026-07-16,2026-07-21,5,1,5333,Completed,Goibibo,Group,0.779,26664
DELJUL26-01962,Rohini,Budget,Deluxe,2026-07-20,2026-07-25,5,1,1541,Confirmed,Goibibo,Couple,0.682,7706
DELJUL26-01963,Connaught Place,Economy,Standard,2026-07-09,2026-07-10,1,2,5204,Confirmed,MakeMyTrip,Business,0.663,10408
DELJUL26-01964,Lajpat Nagar,Budget,Deluxe,2026-07-12,2026-07-16,4,3,2753,Confirmed,MakeMyTrip,Group,0.409,33041
DELJUL26-01965,Lajpat Nagar,Luxury,Premium,2026-07-17,2026-07-21,4,2,6535,Confirmed,Goibibo,Business,0.787,52278
DELJUL26-01966,Greater Kailash,Budget,Standard,2026-07-14,2026-07-19,5,2,2745,Cancelled,Walk-in,Leisure,0.711,0
DELJUL26-01967,Paharganj,Budget,Deluxe,2026-07-15,2026-07-18,3,3,961,Confirmed,MakeMyTrip,Family,0.907,8645
DELJUL26-01968,Saket,Midscale,Deluxe,2026-07-22,2026-07-25,3,1,6182,Completed,Goibibo,Leisure,0.639,18545
DELJUL26-01969,Lajpat Nagar,Midscale,Deluxe,2026-07-31,2026-08-03,3,2,5149,Confirmed,Agoda,Leisure,0.897,30892
DELJUL26-01970,Connaught Place,Budget,Standard,2026-07-25,2026-07-27,2,1,3751,Completed,Walk-in,Leisure,0.46,7501
DELJUL26-01971,Lajpat Nagar,Midscale,Deluxe,2026-07-01,2026-07-03,2,1,4945,Confirmed,Walk-in,Group,0.472,9890
DELJUL26-01972,Rohini,Budget,Premium,2026-07-11,2026-07-15,4,1,1136,Completed,MakeMyTrip,Leisure,0.919,4544
DELJUL26-01973,South Delhi,Budget,Deluxe,2026-07-01,2026-07-02,1,1,3713,Confirmed,Walk-in,Business,0.41,3713
DELJUL26-01974,Paharganj,Budget,Standard,2026-07-28,2026-08-01,4,1,799,Cancelled,MakeMyTrip,Couple,0.492,0
DELJUL26-01975,Dwarka,Economy,Standard,2026-07-20,2026-07-25,5,1,2685,Completed,Direct,Group,0.435,13423
DELJUL26-01976,Aerocity,Luxury,Deluxe,2026-07-07,2026-07-09,2,3,23803,Cancelled,Direct,Leisure,0.776,0
DELJUL26-01977,Rohini,Midscale,Deluxe,2026-07-27,2026-07-29,2,2,2936,Completed,Booking.com,Group,0.818,11742
DELJUL26-01978,Paharganj,Upscale,Suite,2026-07-18,2026-07-21,3,2,3158,Completed,MakeMyTrip,Group,0.891,18947
DELJUL26-01979,Aerocity,Economy,Standard,2026-07-02,2026-07-07,5,3,7760,Completed,MakeMyTrip,Group,0.438,116393
DELJUL26-01980,Greater Kailash,Midscale,Standard,2026-07-05,2026-07-06,1,3,8770,Confirmed,Booking.com,Couple,0.543,26311
DELJUL26-01981,South Delhi,Luxury,Deluxe,2026-07-26,2026-07-29,3,1,14175,Completed,Booking.com,Family,0.54,42525
DELJUL26-01982,South Delhi,Economy,Deluxe,2026-07-09,2026-07-11,2,2,5918,Confirmed,Direct,Leisure,0.934,23672
DELJUL26-01983,Aerocity,Luxury,Deluxe,2026-07-17,2026-07-22,5,2,25971,Confirmed,Walk-in,Leisure,0.7,259708
DELJUL26-01984,Greater Kailash,Midscale,Deluxe,2026-07-28,2026-08-02,5,2,4854,Confirmed,Booking.com,Group,0.552,48541
DELJUL26-01985,South Delhi,Midscale,Standard,2026-07-09,2026-07-10,1,3,8757,Confirmed,Goibibo,Group,0.529,26270
DELJUL26-01986,Greater Kailash,Economy,Standard,2026-07-01,2026-07-02,1,1,4266,Confirmed,MakeMyTrip,Group,0.541,4266
DELJUL26-01987,Lajpat Nagar,Midscale,Standard,2026-07-03,2026-07-04,1,1,4347,Completed,MakeMyTrip,Couple,0.777,4347
DELJUL26-01988,Karol Bagh,Midscale,Standard,2026-07-29,2026-08-03,5,3,2752,Completed,Booking.com,Family,0.68,41281
DELJUL26-01989,Karol Bagh,Luxury,Deluxe,2026-07-19,2026-07-24,5,2,5675,Completed,Direct,Leisure,0.724,56748
DELJUL26-01990,Rohini,Upscale,Standard,2026-07-11,2026-07-13,2,1,3525,Confirmed,Direct,Leisure,0.632,7050
DELJUL26-01991,Dwarka,Economy,Premium,2026-07-03,2026-07-04,1,1,3057,Completed,Agoda,Business,0.366,3057
DELJUL26-01992,Saket,Luxury,Standard,2026-07-22,2026-07-26,4,1,16458,Confirmed,MakeMyTrip,Family,0.762,65832
DELJUL26-01993,Karol Bagh,Upscale,Deluxe,2026-07-02,2026-07-07,5,1,7511,Confirmed,Walk-in,Business,0.784,37553
DELJUL26-01994,South Delhi,Midscale,Deluxe,2026-07-03,2026-07-08,5,3,5130,Confirmed,Direct,Family,0.458,76943
DELJUL26-01995,Greater Kailash,Budget,Standard,2026-07-19,2026-07-22,3,1,2751,Completed,Walk-in,Couple,0.74,8252
DELJUL26-01996,Aerocity,Budget,Deluxe,2026-07-20,2026-07-24,4,3,5243,Completed,Direct,Couple,0.877,62921
DELJUL26-01997,Dwarka,Budget,Suite,2026-07-18,2026-07-23,5,1,2300,Confirmed,Agoda,Group,0.712,11499
DELJUL26-01998,Rohini,Budget,Premium,2026-07-29,2026-08-03,5,1,1466,Confirmed,Walk-in,Business,0.751,7328
DELJUL26-01999,Karol Bagh,Luxury,Standard,2026-07-09,2026-07-12,3,1,9120,Confirmed,Direct,Group,0.77,27360
DELJUL26-02000,Karol Bagh,Budget,Deluxe,2026-07-18,2026-07-20,2,2,2692,Confirmed,MakeMyTrip,Group,0.545,10766
DELJUL26-02001,Lajpat Nagar,Midscale,Standard,2026-07-10,2026-07-12,2,3,2252,Completed,Walk-in,Business,0.443,13513
DELJUL26-02002,Aerocity,Midscale,Standard,2026-07-12,2026-07-14,2,1,10980,Cancelled,Agoda,Business,0.634,0
DELJUL26-02003,Paharganj,Midscale,Standard,2026-07-05,2026-07-10,5,1,2949,Completed,Booking.com,Group,0.489,14746
DELJUL26-02004,Saket,Budget,Premium,2026-07-25,2026-07-29,4,3,3567,Completed,Booking.com,Group,0.762,42808
DELJUL26-02005,Greater Kailash,Midscale,Deluxe,2026-07-22,2026-07-27,5,3,4823,Confirmed,MakeMyTrip,Family,0.779,72340
DELJUL26-02006,Connaught Place,Midscale,Standard,2026-07-23,2026-07-27,4,3,7448,Completed,MakeMyTrip,Leisure,0.355,89375
DELJUL26-02007,Saket,Midscale,Suite,2026-07-05,2026-07-08,3,2,6013,Completed,Booking.com,Couple,0.923,36081
DELJUL26-02008,Connaught Place,Budget,Deluxe,2026-07-04,2026-07-08,4,3,2738,Confirmed,Direct,Group,0.905,32850
DELJUL26-02009,Greater Kailash,Midscale,Standard,2026-07-25,2026-07-29,4,1,8080,Completed,MakeMyTrip,Family,0.429,32319
DELJUL26-02010,South Delhi,Budget,Premium,2026-07-21,2026-07-25,4,1,3576,Cancelled,MakeMyTrip,Leisure,0.637,0
DELJUL26-02011,Saket,Midscale,Deluxe,2026-07-01,2026-07-03,2,2,7327,Completed,Booking.com,Couple,0.475,29307
DELJUL26-02012,Paharganj,Economy,Standard,2026-07-21,2026-07-23,2,2,2339,Completed,Agoda,Couple,0.928,9356
DELJUL26-02013,Connaught Place,Economy,Standard,2026-07-31,2026-08-01,1,3,7987,Completed,Booking.com,Group,0.69,23962
DELJUL26-02014,Rohini,Upscale,Standard,2026-07-24,2026-07-26,2,1,2904,Completed,Walk-in,Group,0.77,5808
DELJUL26-02015,South Delhi,Budget,Standard,2026-07-09,2026-07-14,5,3,2586,Completed,Direct,Family,0.937,38786
DELJUL26-02016,Paharganj,Luxury,Premium,2026-07-10,2026-07-15,5,2,4667,Confirmed,Goibibo,Business,0.754,46673
DELJUL26-02017,Saket,Upscale,Standard,2026-07-24,2026-07-25,1,2,7893,Completed,Walk-in,Leisure,0.872,15785
DELJUL26-02018,Greater Kailash,Economy,Standard,2026-07-13,2026-07-16,3,3,3554,Completed,Booking.com,Leisure,0.494,31986
DELJUL26-02019,Greater Kailash,Economy,Suite,2026-07-23,2026-07-28,5,2,5139,Completed,Goibibo,Group,0.488,51389
DELJUL26-02020,Saket,Budget,Suite,2026-07-30,2026-08-03,4,1,2693,Completed,Agoda,Group,0.615,10770
DELJUL26-02021,Paharganj,Upscale,Premium,2026-07-13,2026-07-17,4,1,2277,Confirmed,MakeMyTrip,Couple,0.879,9109
DELJUL26-02022,South Delhi,Midscale,Premium,2026-07-18,2026-07-21,3,2,5902,Confirmed,Goibibo,Group,0.373,35412
DELJUL26-02023,South Delhi,Budget,Premium,2026-07-16,2026-07-18,2,1,4122,Completed,Goibibo,Business,0.615,8244
DELJUL26-02024,Dwarka,Midscale,Premium,2026-07-16,2026-07-21,5,1,5181,Completed,MakeMyTrip,Couple,0.845,25904
DELJUL26-02025,Aerocity,Budget,Standard,2026-07-03,2026-07-04,1,1,7143,Completed,MakeMyTrip,Business,0.456,7143
DELJUL26-02026,Saket,Midscale,Standard,2026-07-31,2026-08-05,5,2,6530,Cancelled,MakeMyTrip,Business,0.719,0
DELJUL26-02027,South Delhi,Midscale,Standard,2026-07-17,2026-07-22,5,1,9050,Confirmed,Direct,Couple,0.392,45249
DELJUL26-02028,Rohini,Budget,Standard,2026-07-08,2026-07-10,2,2,2023,Cancelled,MakeMyTrip,Leisure,0.356,0
DELJUL26-02029,Dwarka,Upscale,Standard,2026-07-18,2026-07-21,3,3,3588,Confirmed,Booking.com,Family,0.541,32288
DELJUL26-02030,Paharganj,Economy,Standard,2026-07-13,2026-07-18,5,2,1890,Completed,MakeMyTrip,Family,0.833,18896
DELJUL26-02031,Dwarka,Midscale,Standard,2026-07-26,2026-07-29,3,3,4121,Completed,Booking.com,Family,0.375,37093
DELJUL26-02032,Connaught Place,Midscale,Deluxe,2026-07-24,2026-07-26,2,2,5766,Confirmed,Goibibo,Couple,0.569,23066
DELJUL26-02033,Aerocity,Luxury,Standard,2026-07-12,2026-07-13,1,2,22391,Cancelled,Direct,Business,0.787,0
DELJUL26-02034,South Delhi,Economy,Standard,2026-07-23,2026-07-26,3,3,4661,Completed,Direct,Leisure,0.571,41949
DELJUL26-02035,Rohini,Upscale,Deluxe,2026-07-02,2026-07-04,2,2,4411,Completed,Booking.com,Couple,0.637,17642
DELJUL26-02036,Lajpat Nagar,Economy,Standard,2026-07-30,2026-08-04,5,3,2148,Confirmed,Goibibo,Leisure,0.65,32225
DELJUL26-02037,Dwarka,Upscale,Standard,2026-07-16,2026-07-21,5,2,5429,Cancelled,Booking.com,Group,0.895,0
DELJUL26-02038,Aerocity,Budget,Standard,2026-07-21,2026-07-23,2,3,7682,Confirmed,MakeMyTrip,Group,0.876,46091
DELJUL26-02039,Rohini,Midscale,Deluxe,2026-07-20,2026-07-22,2,2,2398,Confirmed,Direct,Business,0.388,9593
DELJUL26-02040,Saket,Budget,Premium,2026-07-10,2026-07-12,2,1,3177,Completed,MakeMyTrip,Couple,0.765,6354
DELJUL26-02041,Karol Bagh,Luxury,Standard,2026-07-22,2026-07-25,3,1,5081,Confirmed,MakeMyTrip,Family,0.676,15244
DELJUL26-02042,Lajpat Nagar,Luxury,Premium,2026-07-13,2026-07-17,4,3,5919,Cancelled,Booking.com,Couple,0.563,0
DELJUL26-02043,Greater Kailash,Economy,Premium,2026-07-22,2026-07-23,1,3,6913,Confirmed,Direct,Business,0.646,20740
DELJUL26-02044,Greater Kailash,Midscale,Suite,2026-07-03,2026-07-08,5,1,7205,Confirmed,Goibibo,Group,0.878,36023
DELJUL26-02045,Karol Bagh,Midscale,Premium,2026-07-05,2026-07-09,4,2,2778,Completed,Booking.com,Group,0.814,22226
DELJUL26-02046,Rohini,Economy,Deluxe,2026-07-29,2026-07-30,1,1,1833,Completed,MakeMyTrip,Family,0.691,1833
DELJUL26-02047,Saket,Midscale,Standard,2026-07-23,2026-07-25,2,3,8406,Confirmed,Agoda,Group,0.455,50438
DELJUL26-02048,Dwarka,Midscale,Standard,2026-07-04,2026-07-08,4,2,2547,Confirmed,Direct,Business,0.721,20374
DELJUL26-02049,Greater Kailash,Midscale,Standard,2026-07-07,2026-07-10,3,2,6683,Completed,Agoda,Couple,0.649,40100
DELJUL26-02050,South Delhi,Budget,Standard,2026-07-17,2026-07-20,3,1,2620,Completed,MakeMyTrip,Group,0.618,7859
DELJUL26-02051,Connaught Place,Upscale,Suite,2026-07-01,2026-07-02,1,1,6280,Confirmed,Goibibo,Couple,0.916,6280
DELJUL26-02052,Paharganj,Budget,Standard,2026-07-13,2026-07-16,3,3,1478,Confirmed,Direct,Group,0.946,13303
DELJUL26-02053,Paharganj,Midscale,Deluxe,2026-07-11,2026-07-15,4,1,1567,Completed,MakeMyTrip,Business,0.921,6266
DELJUL26-02054,Rohini,Budget,Suite,2026-07-05,2026-07-09,4,1,1977,Confirmed,MakeMyTrip,Leisure,0.793,7909
DELJUL26-02055,Greater Kailash,Budget,Standard,2026-07-10,2026-07-13,3,3,2987,Completed,Booking.com,Family,0.709,26885
DELJUL26-02056,Paharganj,Budget,Standard,2026-07-10,2026-07-13,3,2,1876,Completed,Goibibo,Business,0.542,11254
DELJUL26-02057,Greater Kailash,Economy,Standard,2026-07-03,2026-07-05,2,1,5059,Confirmed,Goibibo,Couple,0.918,10118
DELJUL26-02058,Greater Kailash,Midscale,Standard,2026-07-20,2026-07-24,4,1,8397,Confirmed,MakeMyTrip,Business,0.623,33587
DELJUL26-02059,Paharganj,Midscale,Standard,2026-07-09,2026-07-13,4,2,1478,Completed,Goibibo,Group,0.471,11827
DELJUL26-02060,Saket,Midscale,Standard,2026-07-01,2026-07-05,4,1,6603,Confirmed,MakeMyTrip,Leisure,0.416,26413
DELJUL26-02061,Lajpat Nagar,Midscale,Deluxe,2026-07-01,2026-07-05,4,3,5498,Cancelled,Agoda,Group,0.851,0
DELJUL26-02062,Dwarka,Budget,Standard,2026-07-30,2026-08-04,5,3,1818,Confirmed,Booking.com,Business,0.547,27271
DELJUL26-02063,Connaught Place,Budget,Deluxe,2026-07-04,2026-07-09,5,3,3972,Completed,Agoda,Business,0.81,59577
DELJUL26-02064,Greater Kailash,Midscale,Standard,2026-07-29,2026-08-03,5,2,8752,Completed,MakeMyTrip,Leisure,0.726,87518
DELJUL26-02065,Dwarka,Midscale,Standard,2026-07-06,2026-07-08,2,3,2866,Completed,Goibibo,Couple,0.52,17194
DELJUL26-02066,Dwarka,Midscale,Standard,2026-07-03,2026-07-04,1,1,4216,Confirmed,Direct,Couple,0.86,4216
DELJUL26-02067,Greater Kailash,Budget,Premium,2026-07-17,2026-07-18,1,2,4489,Completed,Direct,Group,0.857,8978
DELJUL26-02068,Rohini,Upscale,Deluxe,2026-07-27,2026-07-31,4,3,2269,Completed,Walk-in,Leisure,0.453,27233
DELJUL26-02069,Paharganj,Budget,Standard,2026-07-03,2026-07-08,5,2,1443,Confirmed,Direct,Family,0.423,14427
DELJUL26-02070,Saket,Midscale,Deluxe,2026-07-11,2026-07-15,4,3,7307,Completed,Goibibo,Group,0.71,87683
DELJUL26-02071,Connaught Place,Budget,Standard,2026-07-24,2026-07-28,4,1,4072,Completed,MakeMyTrip,Leisure,0.49,16288
DELJUL26-02072,South Delhi,Midscale,Premium,2026-07-03,2026-07-04,1,2,8351,Confirmed,Goibibo,Family,0.549,16703
DELJUL26-02073,Saket,Economy,Suite,2026-07-06,2026-07-09,3,3,2984,Completed,Direct,Business,0.912,26856
DELJUL26-02074,Paharganj,Midscale,Standard,2026-07-10,2026-07-14,4,1,2206,Confirmed,Booking.com,Business,0.455,8826
DELJUL26-02075,South Delhi,Budget,Standard,2026-07-26,2026-07-27,1,2,4746,Confirmed,MakeMyTrip,Couple,0.632,9491
DELJUL26-02076,Saket,Midscale,Standard,2026-07-26,2026-07-30,4,3,4084,Confirmed,Walk-in,Group,0.527,49010
DELJUL26-02077,Saket,Budget,Deluxe,2026-07-22,2026-07-24,2,2,4370,Confirmed,MakeMyTrip,Leisure,0.559,17481
DELJUL26-02078,Saket,Midscale,Standard,2026-07-21,2026-07-22,1,2,3398,Confirmed,Goibibo,Couple,0.572,6797
DELJUL26-02079,Karol Bagh,Budget,Deluxe,2026-07-01,2026-07-05,4,2,1730,Confirmed,Goibibo,Business,0.506,13840
DELJUL26-02080,Connaught Place,Budget,Premium,2026-07-08,2026-07-11,3,1,2561,Completed,MakeMyTrip,Couple,0.808,7682
DELJUL26-02081,Lajpat Nagar,Midscale,Standard,2026-07-29,2026-08-01,3,3,4911,Completed,Agoda,Group,0.837,44200
DELJUL26-02082,Aerocity,Budget,Premium,2026-07-23,2026-07-26,3,1,6117,Confirmed,Agoda,Group,0.674,18350
DELJUL26-02083,Paharganj,Budget,Standard,2026-07-08,2026-07-12,4,1,1892,Completed,MakeMyTrip,Leisure,0.89,7566
DELJUL26-02084,South Delhi,Upscale,Premium,2026-07-22,2026-07-25,3,1,13282,Completed,Booking.com,Group,0.432,39846
DELJUL26-02085,Connaught Place,Upscale,Premium,2026-07-23,2026-07-28,5,3,13008,Cancelled,Booking.com,Group,0.654,0
DELJUL26-02086,South Delhi,Upscale,Standard,2026-07-24,2026-07-29,5,3,10467,Completed,Walk-in,Couple,0.847,157010
DELJUL26-02087,Greater Kailash,Economy,Standard,2026-07-31,2026-08-03,3,1,5236,Confirmed,Direct,Business,0.723,15708
DELJUL26-02088,South Delhi,Midscale,Deluxe,2026-07-17,2026-07-18,1,3,8441,Confirmed,Booking.com,Couple,0.941,25323
DELJUL26-02089,Paharganj,Upscale,Deluxe,2026-07-02,2026-07-04,2,3,4248,Confirmed,Booking.com,Leisure,0.707,25491
DELJUL26-02090,Aerocity,Budget,Standard,2026-07-26,2026-07-30,4,2,6666,Confirmed,Agoda,Business,0.926,53328
DELJUL26-02091,Lajpat Nagar,Midscale,Premium,2026-07-01,2026-07-03,2,1,3617,Cancelled,Agoda,Group,0.409,0
DELJUL26-02092,Paharganj,Budget,Deluxe,2026-07-20,2026-07-24,4,3,1695,Confirmed,Walk-in,Couple,0.376,20343
DELJUL26-02093,Lajpat Nagar,Upscale,Suite,2026-07-25,2026-07-29,4,2,6851,Completed,Agoda,Business,0.564,54811
DELJUL26-02094,Connaught Place,Midscale,Standard,2026-07-04,2026-07-07,3,3,6543,Completed,MakeMyTrip,Family,0.855,58885
DELJUL26-02095,Connaught Place,Economy,Standard,2026-07-25,2026-07-26,1,1,3925,Completed,Direct,Leisure,0.38,3925
DELJUL26-02096,Greater Kailash,Economy,Standard,2026-07-26,2026-07-29,3,2,6977,Completed,Walk-in,Group,0.501,41860
DELJUL26-02097,Rohini,Budget,Standard,2026-07-21,2026-07-25,4,3,1379,Completed,Agoda,Family,0.941,16544
DELJUL26-02098,Lajpat Nagar,Economy,Standard,2026-07-11,2026-07-12,1,3,2131,Completed,Direct,Family,0.735,6394
DELJUL26-02099,Greater Kailash,Midscale,Standard,2026-07-07,2026-07-12,5,2,5696,Cancelled,Walk-in,Business,0.586,0
DELJUL26-02100,Karol Bagh,Midscale,Deluxe,2026-07-22,2026-07-23,1,3,3553,Confirmed,Goibibo,Business,0.397,10659
DELJUL26-02101,Rohini,Midscale,Standard,2026-07-05,2026-07-08,3,2,3381,Confirmed,Goibibo,Business,0.803,20289
DELJUL26-02102,South Delhi,Budget,Standard,2026-07-21,2026-07-24,3,1,5545,Confirmed,MakeMyTrip,Family,0.905,16636
DELJUL26-02103,Connaught Place,Midscale,Deluxe,2026-07-06,2026-07-10,4,3,11107,Completed,Booking.com,Family,0.795,133283
DELJUL26-02104,Connaught Place,Economy,Deluxe,2026-07-11,2026-07-13,2,1,7390,Confirmed,MakeMyTrip,Family,0.42,14780
DELJUL26-02105,Lajpat Nagar,Budget,Deluxe,2026-07-16,2026-07-18,2,2,2824,Confirmed,Direct,Family,0.669,11297
DELJUL26-02106,Karol Bagh,Luxury,Deluxe,2026-07-06,2026-07-11,5,3,6852,Confirmed,MakeMyTrip,Family,0.592,102776
DELJUL26-02107,Greater Kailash,Midscale,Standard,2026-07-25,2026-07-27,2,3,7613,Completed,Direct,Business,0.892,45681
DELJUL26-02108,Connaught Place,Midscale,Deluxe,2026-07-22,2026-07-26,4,3,5972,Confirmed,Goibibo,Family,0.807,71658
DELJUL26-02109,Karol Bagh,Luxury,Deluxe,2026-07-01,2026-07-03,2,2,5350,Confirmed,Booking.com,Business,0.831,21399
DELJUL26-02110,Karol Bagh,Economy,Standard,2026-07-27,2026-07-28,1,1,4221,Confirmed,Goibibo,Group,0.598,4221
DELJUL26-02111,Karol Bagh,Luxury,Standard,2026-07-23,2026-07-26,3,1,7886,Confirmed,MakeMyTrip,Couple,0.365,23657
DELJUL26-02112,South Delhi,Midscale,Premium,2026-07-26,2026-07-28,2,1,5376,Completed,Booking.com,Business,0.806,10752
DELJUL26-02113,Rohini,Midscale,Standard,2026-07-19,2026-07-21,2,3,3130,Confirmed,Direct,Couple,0.73,18780
DELJUL26-02114,Rohini,Budget,Standard,2026-07-20,2026-07-25,5,3,1456,Confirmed,MakeMyTrip,Group,0.435,21847
DELJUL26-02115,Greater Kailash,Budget,Standard,2026-07-12,2026-07-16,4,2,3383,Completed,Direct,Couple,0.804,27062
DELJUL26-02116,Karol Bagh,Economy,Premium,2026-07-08,2026-07-10,2,2,1945,Confirmed,Booking.com,Couple,0.44,7779
DELJUL26-02117,Rohini,Budget,Deluxe,2026-07-08,2026-07-11,3,2,1106,Completed,MakeMyTrip,Business,0.794,6635
DELJUL26-02118,Dwarka,Budget,Suite,2026-07-10,2026-07-14,4,3,2251,Completed,Goibibo,Leisure,0.778,27009
DELJUL26-02119,Dwarka,Midscale,Premium,2026-07-10,2026-07-11,1,2,3441,Confirmed,MakeMyTrip,Family,0.355,6882
DELJUL26-02120,Greater Kailash,Midscale,Deluxe,2026-07-24,2026-07-25,1,3,5860,Confirmed,Direct,Business,0.815,17581
DELJUL26-02121,Greater Kailash,Budget,Standard,2026-07-17,2026-07-20,3,1,2885,Confirmed,Agoda,Leisure,0.595,8655
DELJUL26-02122,Rohini,Midscale,Standard,2026-07-13,2026-07-18,5,2,3891,Confirmed,MakeMyTrip,Group,0.654,38912
DELJUL26-02123,Dwarka,Luxury,Premium,2026-07-23,2026-07-28,5,2,9421,Confirmed,Goibibo,Business,0.929,94214
DELJUL26-02124,South Delhi,Midscale,Suite,2026-07-23,2026-07-26,3,3,9615,Completed,Walk-in,Group,0.902,86534
DELJUL26-02125,Greater Kailash,Upscale,Premium,2026-07-29,2026-08-02,4,1,7033,Confirmed,Direct,Couple,0.58,28131
DELJUL26-02126,Karol Bagh,Midscale,Premium,2026-07-10,2026-07-13,3,2,3573,Confirmed,Walk-in,Leisure,0.776,21437
DELJUL26-02127,Paharganj,Budget,Deluxe,2026-07-08,2026-07-13,5,3,2058,Completed,Walk-in,Leisure,0.658,30864
DELJUL26-02128,South Delhi,Economy,Standard,2026-07-01,2026-07-04,3,1,4433,Confirmed,Goibibo,Family,0.843,13298
DELJUL26-02129,Aerocity,Luxury,Deluxe,2026-07-05,2026-07-10,5,1,17384,Completed,Direct,Couple,0.542,86918
DELJUL26-02130,Paharganj,Midscale,Standard,2026-07-19,2026-07-21,2,2,2162,Confirmed,Booking.com,Business,0.633,8647
DELJUL26-02131,Greater Kailash,Upscale,Standard,2026-07-26,2026-07-31,5,1,6617,Completed,Booking.com,Leisure,0.417,33087
DELJUL26-02132,Rohini,Luxury,Standard,2026-07-19,2026-07-23,4,2,4809,Completed,Goibibo,Couple,0.906,38471
DELJUL26-02133,Dwarka,Budget,Standard,2026-07-31,2026-08-04,4,3,1925,Cancelled,Agoda,Business,0.89,0
DELJUL26-02134,Paharganj,Economy,Standard,2026-07-20,2026-07-21,1,3,1803,Completed,MakeMyTrip,Leisure,0.516,5410
DELJUL26-02135,Saket,Midscale,Standard,2026-07-28,2026-08-02,5,2,6060,Confirmed,MakeMyTrip,Business,0.7,60600
DELJUL26-02136,South Delhi,Budget,Deluxe,2026-07-09,2026-07-10,1,3,2463,Confirmed,Direct,Business,0.577,7390
DELJUL26-02137,Dwarka,Midscale,Deluxe,2026-07-11,2026-07-16,5,3,3451,Confirmed,Walk-in,Family,0.443,51762
DELJUL26-02138,Aerocity,Upscale,Deluxe,2026-07-26,2026-07-27,1,1,15297,Confirmed,Walk-in,Business,0.377,15297
DELJUL26-02139,Dwarka,Midscale,Deluxe,2026-07-21,2026-07-26,5,2,2578,Completed,Direct,Family,0.844,25780
DELJUL26-02140,Saket,Economy,Standard,2026-07-16,2026-07-20,4,3,3848,Confirmed,Booking.com,Family,0.523,46178
DELJUL26-02141,Greater Kailash,Midscale,Standard,2026-07-30,2026-08-01,2,2,5217,Confirmed,Walk-in,Leisure,0.659,20869
DELJUL26-02142,Lajpat Nagar,Budget,Deluxe,2026-07-24,2026-07-29,5,2,1467,Completed,MakeMyTrip,Business,0.892,14675
DELJUL26-02143,Rohini,Upscale,Standard,2026-07-10,2026-07-12,2,2,4012,Confirmed,Goibibo,Family,0.362,16049
DELJUL26-02144,South Delhi,Budget,Deluxe,2026-07-19,2026-07-20,1,1,2472,Completed,Goibibo,Couple,0.678,2472
DELJUL26-02145,Paharganj,Upscale,Deluxe,2026-07-13,2026-07-14,1,2,2654,Confirmed,Goibibo,Leisure,0.923,5309
DELJUL26-02146,Saket,Economy,Standard,2026-07-13,2026-07-18,5,2,7161,Completed,Walk-in,Group,0.836,71613
DELJUL26-02147,Connaught Place,Economy,Premium,2026-07-25,2026-07-27,2,3,7348,Confirmed,MakeMyTrip,Leisure,0.482,44086
DELJUL26-02148,Rohini,Midscale,Standard,2026-07-22,2026-07-27,5,3,2503,Completed,Agoda,Couple,0.471,37540
DELJUL26-02149,Lajpat Nagar,Budget,Deluxe,2026-07-01,2026-07-02,1,1,2109,Cancelled,MakeMyTrip,Business,0.807,0
DELJUL26-02150,Lajpat Nagar,Economy,Premium,2026-07-18,2026-07-19,1,2,3051,Completed,Booking.com,Group,0.398,6101
DELJUL26-02151,Paharganj,Upscale,Deluxe,2026-07-21,2026-07-26,5,2,4806,Completed,Direct,Couple,0.71,48056
DELJUL26-02152,Paharganj,Upscale,Deluxe,2026-07-16,2026-07-17,1,3,4011,Completed,Agoda,Couple,0.49,12033
DELJUL26-02153,Lajpat Nagar,Budget,Deluxe,2026-07-10,2026-07-14,4,2,1553,Confirmed,Goibibo,Group,0.854,12424
DELJUL26-02154,Dwarka,Midscale,Standard,2026-07-21,2026-07-23,2,2,2660,Confirmed,Walk-in,Leisure,0.578,10638
DELJUL26-02155,Greater Kailash,Upscale,Deluxe,2026-07-30,2026-08-02,3,3,7183,Completed,Booking.com,Group,0.599,64644
DELJUL26-02156,Saket,Upscale,Deluxe,2026-07-03,2026-07-04,1,2,9363,Completed,Agoda,Leisure,0.827,18726
DELJUL26-02157,Saket,Economy,Standard,2026-07-19,2026-07-21,2,1,6811,Completed,Direct,Family,0.403,13622
DELJUL26-02158,South Delhi,Budget,Standard,2026-07-29,2026-08-02,4,2,2398,Completed,Direct,Couple,0.711,19182
DELJUL26-02159,Lajpat Nagar,Luxury,Suite,2026-07-13,2026-07-16,3,3,8065,Confirmed,Goibibo,Group,0.928,72585
DELJUL26-02160,Paharganj,Economy,Standard,2026-07-11,2026-07-14,3,2,1348,Confirmed,Goibibo,Couple,0.74,8090
DELJUL26-02161,Lajpat Nagar,Economy,Premium,2026-07-08,2026-07-13,5,3,3569,Confirmed,Goibibo,Couple,0.399,53528
DELJUL26-02162,Karol Bagh,Upscale,Standard,2026-07-07,2026-07-10,3,3,6382,Completed,Walk-in,Group,0.895,57439
DELJUL26-02163,Saket,Economy,Standard,2026-07-13,2026-07-18,5,1,4708,Cancelled,Walk-in,Leisure,0.427,0
DELJUL26-02164,Rohini,Upscale,Deluxe,2026-07-24,2026-07-28,4,2,2687,Confirmed,Booking.com,Leisure,0.571,21494
DELJUL26-02165,Rohini,Budget,Deluxe,2026-07-06,2026-07-09,3,1,1445,Completed,Booking.com,Leisure,0.459,4335
DELJUL26-02166,Rohini,Midscale,Standard,2026-07-08,2026-07-10,2,1,2685,Confirmed,Goibibo,Business,0.783,5369
DELJUL26-02167,Paharganj,Luxury,Standard,2026-07-31,2026-08-02,2,2,5865,Confirmed,Walk-in,Family,0.509,23459
DELJUL26-02168,Lajpat Nagar,Luxury,Standard,2026-07-31,2026-08-05,5,2,7732,Confirmed,Agoda,Group,0.507,77324
DELJUL26-02169,Rohini,Upscale,Deluxe,2026-07-08,2026-07-10,2,2,4446,Cancelled,Direct,Business,0.598,0
DELJUL26-02170,Rohini,Upscale,Standard,2026-07-14,2026-07-18,4,3,2968,Confirmed,Goibibo,Group,0.522,35610
DELJUL26-02171,Aerocity,Economy,Deluxe,2026-07-13,2026-07-14,1,1,5887,Completed,MakeMyTrip,Couple,0.821,5887
DELJUL26-02172,Greater Kailash,Luxury,Standard,2026-07-10,2026-07-12,2,2,10053,Completed,Direct,Family,0.666,40212
DELJUL26-02173,Rohini,Upscale,Standard,2026-07-05,2026-07-10,5,3,2564,Completed,Agoda,Couple,0.684,38453
DELJUL26-02174,Greater Kailash,Midscale,Standard,2026-07-02,2026-07-05,3,3,5342,Completed,Booking.com,Family,0.447,48082
DELJUL26-02175,Karol Bagh,Economy,Standard,2026-07-20,2026-07-25,5,1,3448,Confirmed,Agoda,Leisure,0.898,17242
DELJUL26-02176,Greater Kailash,Budget,Deluxe,2026-07-02,2026-07-04,2,1,2271,Confirmed,Goibibo,Group,0.559,4543
DELJUL26-02177,Connaught Place,Midscale,Suite,2026-07-20,2026-07-24,4,3,5344,Confirmed,MakeMyTrip,Leisure,0.576,64129
DELJUL26-02178,Saket,Midscale,Standard,2026-07-03,2026-07-08,5,2,4437,Completed,Booking.com,Family,0.495,44371
DELJUL26-02179,South Delhi,Economy,Standard,2026-07-05,2026-07-10,5,3,2949,Confirmed,Booking.com,Leisure,0.926,44235
DELJUL26-02180,Saket,Economy,Suite,2026-07-01,2026-07-04,3,3,6147,Completed,MakeMyTrip,Couple,0.714,55320
DELJUL26-02181,South Delhi,Midscale,Standard,2026-07-13,2026-07-17,4,2,10197,Completed,Agoda,Couple,0.387,81577
DELJUL26-02182,Karol Bagh,Budget,Standard,2026-07-11,2026-07-16,5,2,1392,Completed,MakeMyTrip,Group,0.466,13923
DELJUL26-02183,South Delhi,Luxury,Deluxe,2026-07-11,2026-07-16,5,2,18497,Confirmed,Direct,Group,0.638,184967
DELJUL26-02184,South Delhi,Economy,Standard,2026-07-10,2026-07-15,5,2,6441,Completed,Direct,Business,0.463,64405
DELJUL26-02185,South Delhi,Budget,Standard,2026-07-30,2026-07-31,1,2,5050,Confirmed,Booking.com,Business,0.713,10100
DELJUL26-02186,Karol Bagh,Budget,Premium,2026-07-14,2026-07-17,3,3,1966,Cancelled,Goibibo,Business,0.535,0
DELJUL26-02187,Paharganj,Upscale,Deluxe,2026-07-26,2026-07-30,4,3,2760,Completed,Booking.com,Leisure,0.56,33122
DELJUL26-02188,Karol Bagh,Upscale,Deluxe,2026-07-08,2026-07-12,4,3,4800,Confirmed,Walk-in,Group,0.822,57603
DELJUL26-02189,Saket,Budget,Standard,2026-07-15,2026-07-16,1,1,4622,Completed,Booking.com,Leisure,0.665,4622
DELJUL26-02190,Dwarka,Budget,Standard,2026-07-02,2026-07-05,3,2,2682,Completed,MakeMyTrip,Family,0.418,16089
DELJUL26-02191,Paharganj,Economy,Premium,2026-07-09,2026-07-10,1,2,2225,Completed,MakeMyTrip,Business,0.573,4451
DELJUL26-02192,Saket,Budget,Premium,2026-07-03,2026-07-04,1,2,2274,Confirmed,Booking.com,Leisure,0.888,4548
DELJUL26-02193,Karol Bagh,Midscale,Premium,2026-07-01,2026-07-02,1,3,4523,Confirmed,Walk-in,Group,0.858,13569
DELJUL26-02194,Karol Bagh,Budget,Standard,2026-07-06,2026-07-11,5,2,2302,Confirmed,Booking.com,Family,0.806,23017
DELJUL26-02195,South Delhi,Midscale,Premium,2026-07-05,2026-07-07,2,3,6719,Completed,Direct,Group,0.856,40313
DELJUL26-02196,Lajpat Nagar,Economy,Standard,2026-07-10,2026-07-13,3,2,3583,Confirmed,Goibibo,Couple,0.405,21497
DELJUL26-02197,Karol Bagh,Economy,Deluxe,2026-07-24,2026-07-26,2,1,2252,Completed,Goibibo,Family,0.423,4505
DELJUL26-02198,Lajpat Nagar,Economy,Deluxe,2026-07-05,2026-07-10,5,2,3246,Completed,MakeMyTrip,Business,0.361,32463
DELJUL26-02199,Dwarka,Budget,Standard,2026-07-19,2026-07-24,5,1,2052,Confirmed,MakeMyTrip,Family,0.425,10262
DELJUL26-02200,Connaught Place,Budget,Standard,2026-07-12,2026-07-16,4,2,5317,Completed,Walk-in,Couple,0.844,42538
DELJUL26-02201,Paharganj,Budget,Deluxe,2026-07-13,2026-07-18,5,1,2355,Confirmed,MakeMyTrip,Leisure,0.373,11773
DELJUL26-02202,Aerocity,Budget,Premium,2026-07-29,2026-07-30,1,1,5566,Confirmed,Goibibo,Business,0.629,5566
DELJUL26-02203,Aerocity,Luxury,Standard,2026-07-15,2026-07-20,5,2,18589,Confirmed,Walk-in,Business,0.498,185889
DELJUL26-02204,Paharganj,Economy,Standard,2026-07-09,2026-07-12,3,3,1553,Completed,MakeMyTrip,Leisure,0.849,13978
DELJUL26-02205,Saket,Economy,Deluxe,2026-07-08,2026-07-11,3,1,2845,Completed,Goibibo,Leisure,0.832,8535
DELJUL26-02206,Greater Kailash,Budget,Standard,2026-07-06,2026-07-07,1,2,2588,Confirmed,MakeMyTrip,Business,0.81,5176
DELJUL26-02207,Connaught Place,Upscale,Standard,2026-07-25,2026-07-30,5,2,6492,Confirmed,Goibibo,Business,0.577,64919
DELJUL26-02208,Lajpat Nagar,Upscale,Standard,2026-07-21,2026-07-22,1,1,4870,Confirmed,Goibibo,Family,0.905,4870
DELJUL26-02209,Karol Bagh,Upscale,Standard,2026-07-09,2026-07-14,5,2,3635,Cancelled,Walk-in,Group,0.888,0
DELJUL26-02210,Connaught Place,Midscale,Standard,2026-07-16,2026-07-20,4,1,7136,Confirmed,Booking.com,Group,0.74,28544
DELJUL26-02211,South Delhi,Upscale,Suite,2026-07-16,2026-07-20,4,3,10206,Completed,Direct,Business,0.718,122472
DELJUL26-02212,Greater Kailash,Economy,Premium,2026-07-02,2026-07-03,1,2,4042,Completed,MakeMyTrip,Family,0.552,8084
DELJUL26-02213,South Delhi,Upscale,Deluxe,2026-07-29,2026-08-02,4,1,11187,Confirmed,Goibibo,Leisure,0.792,44749
DELJUL26-02214,Connaught Place,Upscale,Standard,2026-07-25,2026-07-30,5,2,12662,Completed,Booking.com,Group,0.913,126615
DELJUL26-02215,Connaught Place,Budget,Deluxe,2026-07-17,2026-07-19,2,1,4717,Completed,Walk-in,Business,0.54,9433
DELJUL26-02216,Paharganj,Economy,Standard,2026-07-23,2026-07-26,3,3,1313,Completed,Goibibo,Leisure,0.522,11813
DELJUL26-02217,Saket,Economy,Deluxe,2026-07-04,2026-07-05,1,1,3954,Completed,Agoda,Couple,0.508,3954
DELJUL26-02218,Rohini,Budget,Standard,2026-07-31,2026-08-03,3,2,1828,Confirmed,Goibibo,Business,0.94,10967
DELJUL26-02219,Karol Bagh,Upscale,Deluxe,2026-07-20,2026-07-24,4,3,4202,Cancelled,MakeMyTrip,Family,0.674,0
DELJUL26-02220,Connaught Place,Budget,Standard,2026-07-30,2026-08-01,2,3,2856,Confirmed,Walk-in,Family,0.931,17138
DELJUL26-02221,Rohini,Midscale,Premium,2026-07-27,2026-07-31,4,2,3099,Completed,Direct,Couple,0.72,24788
DELJUL26-02222,Connaught Place,Luxury,Deluxe,2026-07-19,2026-07-20,1,1,14737,Confirmed,Booking.com,Group,0.526,14737
DELJUL26-02223,Aerocity,Economy,Standard,2026-07-09,2026-07-13,4,1,6884,Confirmed,Agoda,Family,0.702,27538
DELJUL26-02224,Saket,Economy,Suite,2026-07-22,2026-07-25,3,2,5087,Confirmed,Walk-in,Couple,0.443,30524
DELJUL26-02225,Saket,Midscale,Standard,2026-07-16,2026-07-18,2,1,3462,Confirmed,Booking.com,Group,0.619,6925
DELJUL26-02226,South Delhi,Upscale,Standard,2026-07-13,2026-07-15,2,2,8472,Confirmed,Goibibo,Couple,0.616,33888
DELJUL26-02227,Lajpat Nagar,Budget,Deluxe,2026-07-23,2026-07-25,2,1,2728,Confirmed,MakeMyTrip,Leisure,0.696,5456
DELJUL26-02228,Rohini,Economy,Deluxe,2026-07-28,2026-08-01,4,1,1571,Completed,Agoda,Business,0.582,6284
DELJUL26-02229,Karol Bagh,Midscale,Standard,2026-07-06,2026-07-10,4,3,4420,Completed,MakeMyTrip,Family,0.623,53034
DELJUL26-02230,Rohini,Luxury,Standard,2026-07-18,2026-07-21,3,3,5391,Confirmed,Goibibo,Group,0.876,48520
DELJUL26-02231,South Delhi,Economy,Standard,2026-07-25,2026-07-26,1,3,4622,Completed,Agoda,Couple,0.458,13866
DELJUL26-02232,Aerocity,Economy,Standard,2026-07-11,2026-07-13,2,3,8579,Completed,Agoda,Group,0.904,51473
DELJUL26-02233,Rohini,Luxury,Standard,2026-07-11,2026-07-16,5,3,4554,Confirmed,Direct,Couple,0.673,68312
DELJUL26-02234,Connaught Place,Budget,Standard,2026-07-01,2026-07-04,3,1,3562,Completed,Goibibo,Group,0.727,10685
DELJUL26-02235,Dwarka,Budget,Deluxe,2026-07-11,2026-07-14,3,2,2852,Confirmed,Booking.com,Family,0.413,17110
DELJUL26-02236,Greater Kailash,Midscale,Deluxe,2026-07-19,2026-07-21,2,1,7206,Cancelled,Direct,Business,0.437,0
DELJUL26-02237,Karol Bagh,Budget,Deluxe,2026-07-31,2026-08-05,5,3,2427,Completed,Agoda,Family,0.79,36404
DELJUL26-02238,Karol Bagh,Budget,Premium,2026-07-17,2026-07-19,2,3,1288,Confirmed,MakeMyTrip,Leisure,0.89,7729
DELJUL26-02239,Saket,Midscale,Standard,2026-07-10,2026-07-14,4,1,3967,Cancelled,Agoda,Couple,0.661,0
DELJUL26-02240,Lajpat Nagar,Midscale,Standard,2026-07-26,2026-07-30,4,1,4795,Confirmed,Walk-in,Couple,0.451,19180
DELJUL26-02241,Karol Bagh,Midscale,Standard,2026-07-06,2026-07-08,2,1,2884,Cancelled,Direct,Leisure,0.828,0
DELJUL26-02242,South Delhi,Economy,Standard,2026-07-06,2026-07-07,1,3,3939,Confirmed,MakeMyTrip,Family,0.901,11818
DELJUL26-02243,Saket,Midscale,Deluxe,2026-07-17,2026-07-19,2,3,8002,Completed,Direct,Couple,0.752,48010
DELJUL26-02244,Connaught Place,Midscale,Standard,2026-07-26,2026-07-28,2,1,6444,Cancelled,Agoda,Couple,0.46,0
DELJUL26-02245,Greater Kailash,Upscale,Deluxe,2026-07-07,2026-07-11,4,1,6657,Confirmed,Walk-in,Couple,0.597,26629
DELJUL26-02246,Lajpat Nagar,Upscale,Suite,2026-07-01,2026-07-04,3,2,3859,Completed,Walk-in,Leisure,0.914,23152
DELJUL26-02247,Dwarka,Midscale,Standard,2026-07-23,2026-07-26,3,2,3379,Confirmed,Walk-in,Business,0.465,20276
DELJUL26-02248,Connaught Place,Upscale,Standard,2026-07-19,2026-07-22,3,1,11369,Completed,Booking.com,Family,0.452,34108
DELJUL26-02249,Connaught Place,Upscale,Deluxe,2026-07-22,2026-07-27,5,2,15579,Cancelled,Booking.com,Leisure,0.771,0
DELJUL26-02250,Saket,Budget,Deluxe,2026-07-13,2026-07-18,5,2,2494,Confirmed,Walk-in,Leisure,0.676,24941
DELJUL26-02251,Dwarka,Luxury,Standard,2026-07-04,2026-07-05,1,3,5063,Confirmed,Goibibo,Group,0.473,15189
DELJUL26-02252,Dwarka,Upscale,Deluxe,2026-07-11,2026-07-16,5,1,4769,Confirmed,MakeMyTrip,Family,0.72,23847
DELJUL26-02253,Karol Bagh,Economy,Standard,2026-07-15,2026-07-17,2,1,2316,Completed,Booking.com,Family,0.912,4633
DELJUL26-02254,Dwarka,Budget,Deluxe,2026-07-14,2026-07-18,4,2,2235,Completed,Direct,Leisure,0.863,17878
DELJUL26-02255,Karol Bagh,Midscale,Deluxe,2026-07-28,2026-08-02,5,1,5401,Confirmed,Direct,Couple,0.354,27007
DELJUL26-02256,South Delhi,Economy,Standard,2026-07-07,2026-07-10,3,3,5724,Confirmed,Agoda,Group,0.876,51513
DELJUL26-02257,Greater Kailash,Midscale,Standard,2026-07-10,2026-07-14,4,3,5667,Completed,Booking.com,Group,0.726,68001
DELJUL26-02258,South Delhi,Midscale,Deluxe,2026-07-06,2026-07-09,3,1,10538,Confirmed,Agoda,Leisure,0.51,31615
DELJUL26-02259,Aerocity,Budget,Deluxe,2026-07-18,2026-07-19,1,2,3496,Confirmed,Walk-in,Business,0.406,6991
DELJUL26-02260,Rohini,Budget,Premium,2026-07-25,2026-07-26,1,2,2069,Completed,MakeMyTrip,Family,0.933,4138
DELJUL26-02261,Aerocity,Upscale,Deluxe,2026-07-28,2026-07-30,2,3,13017,Confirmed,Booking.com,Group,0.367,78104
DELJUL26-02262,Rohini,Budget,Premium,2026-07-08,2026-07-13,5,1,1616,Completed,Booking.com,Leisure,0.461,8082
DELJUL26-02263,Aerocity,Midscale,Deluxe,2026-07-14,2026-07-16,2,1,12760,Confirmed,Booking.com,Business,0.753,25520
DELJUL26-02264,Dwarka,Economy,Deluxe,2026-07-23,2026-07-26,3,2,2562,Completed,Goibibo,Leisure,0.805,15369
DELJUL26-02265,Connaught Place,Economy,Standard,2026-07-02,2026-07-05,3,3,5024,Confirmed,Agoda,Couple,0.51,45213
DELJUL26-02266,Aerocity,Midscale,Standard,2026-07-23,2026-07-25,2,1,9421,Confirmed,Agoda,Family,0.792,18843
DELJUL26-02267,South Delhi,Economy,Deluxe,2026-07-05,2026-07-08,3,2,4991,Confirmed,Walk-in,Couple,0.809,29944
DELJUL26-02268,Greater Kailash,Midscale,Standard,2026-07-02,2026-07-06,4,3,6834,Completed,Goibibo,Leisure,0.832,82013
DELJUL26-02269,Connaught Place,Midscale,Standard,2026-07-04,2026-07-09,5,2,5348,Cancelled,Goibibo,Leisure,0.802,0
DELJUL26-02270,Rohini,Budget,Standard,2026-07-28,2026-08-01,4,3,1748,Confirmed,MakeMyTrip,Family,0.37,20980
DELJUL26-02271,Paharganj,Economy,Premium,2026-07-22,2026-07-27,5,2,2112,Completed,MakeMyTrip,Family,0.885,21116
DELJUL26-02272,Paharganj,Midscale,Deluxe,2026-07-25,2026-07-28,3,3,2629,Confirmed,MakeMyTrip,Leisure,0.688,23660
DELJUL26-02273,Karol Bagh,Midscale,Premium,2026-07-22,2026-07-26,4,2,2183,Confirmed,Walk-in,Business,0.609,17465
DELJUL26-02274,Saket,Midscale,Suite,2026-07-25,2026-07-26,1,3,5388,Confirmed,Goibibo,Couple,0.365,16164
DELJUL26-02275,Connaught Place,Upscale,Deluxe,2026-07-16,2026-07-17,1,3,6737,Completed,Booking.com,Leisure,0.704,20212
DELJUL26-02276,Saket,Budget,Deluxe,2026-07-26,2026-07-31,5,1,1866,Confirmed,Booking.com,Group,0.448,9332
DELJUL26-02277,Karol Bagh,Budget,Standard,2026-07-02,2026-07-06,4,3,2023,Confirmed,Direct,Leisure,0.679,24274
DELJUL26-02278,Aerocity,Midscale,Deluxe,2026-07-19,2026-07-20,1,1,6926,Completed,Walk-in,Couple,0.464,6926
DELJUL26-02279,Paharganj,Midscale,Premium,2026-07-24,2026-07-27,3,1,2483,Completed,Booking.com,Couple,0.763,7450
DELJUL26-02280,South Delhi,Upscale,Premium,2026-07-31,2026-08-05,5,1,8744,Confirmed,Direct,Leisure,0.403,43720
DELJUL26-02281,Greater Kailash,Budget,Standard,2026-07-12,2026-07-13,1,1,3101,Completed,Booking.com,Couple,0.71,3101
DELJUL26-02282,Paharganj,Midscale,Deluxe,2026-07-06,2026-07-09,3,3,3934,Confirmed,MakeMyTrip,Family,0.736,35406
DELJUL26-02283,Paharganj,Midscale,Standard,2026-07-23,2026-07-28,5,1,3700,Cancelled,Walk-in,Business,0.587,0
DELJUL26-02284,Greater Kailash,Budget,Standard,2026-07-03,2026-07-08,5,1,4170,Confirmed,Walk-in,Leisure,0.9,20848
DELJUL26-02285,South Delhi,Midscale,Standard,2026-07-25,2026-07-27,2,2,8234,Completed,Booking.com,Leisure,0.666,32936
DELJUL26-02286,Lajpat Nagar,Midscale,Standard,2026-07-22,2026-07-27,5,3,4975,Completed,Goibibo,Family,0.8,74621
DELJUL26-02287,Rohini,Budget,Standard,2026-07-22,2026-07-26,4,3,1526,Confirmed,Agoda,Business,0.617,18312
DELJUL26-02288,Lajpat Nagar,Economy,Deluxe,2026-07-10,2026-07-13,3,3,3977,Confirmed,Agoda,Group,0.825,35793
DELJUL26-02289,Rohini,Budget,Standard,2026-07-04,2026-07-08,4,1,1155,Confirmed,MakeMyTrip,Family,0.888,4620
DELJUL26-02290,Saket,Upscale,Premium,2026-07-19,2026-07-24,5,1,9508,Completed,Booking.com,Leisure,0.598,47541
DELJUL26-02291,Paharganj,Budget,Standard,2026-07-12,2026-07-14,2,2,1591,Completed,Agoda,Group,0.93,6364
DELJUL26-02292,Paharganj,Budget,Standard,2026-07-13,2026-07-14,1,1,976,Completed,MakeMyTrip,Business,0.442,976
DELJUL26-02293,Karol Bagh,Budget,Standard,2026-07-06,2026-07-10,4,1,1822,Completed,Booking.com,Couple,0.858,7289
DELJUL26-02294,Greater Kailash,Budget,Standard,2026-07-11,2026-07-12,1,2,5325,Completed,Agoda,Group,0.666,10651
DELJUL26-02295,Greater Kailash,Budget,Standard,2026-07-26,2026-07-30,4,2,2990,Completed,Walk-in,Couple,0.433,23918
DELJUL26-02296,Lajpat Nagar,Midscale,Standard,2026-07-28,2026-07-30,2,2,3181,Completed,Walk-in,Family,0.725,12725
DELJUL26-02297,Connaught Place,Budget,Deluxe,2026-07-11,2026-07-15,4,1,3130,Confirmed,Walk-in,Leisure,0.429,12518
DELJUL26-02298,Saket,Economy,Standard,2026-07-05,2026-07-09,4,2,3915,Completed,Goibibo,Business,0.882,31322
DELJUL26-02299,Karol Bagh,Budget,Deluxe,2026-07-02,2026-07-03,1,2,2750,Confirmed,Agoda,Family,0.84,5499
DELJUL26-02300,Lajpat Nagar,Economy,Standard,2026-07-06,2026-07-07,1,1,3690,Confirmed,Booking.com,Group,0.743,3690
DELJUL26-02301,Karol Bagh,Budget,Standard,2026-07-01,2026-07-05,4,3,1633,Confirmed,Booking.com,Leisure,0.49,19597
DELJUL26-02302,Connaught Place,Midscale,Standard,2026-07-21,2026-07-24,3,3,6167,Confirmed,Direct,Leisure,0.928,55507
DELJUL26-02303,Dwarka,Midscale,Standard,2026-07-20,2026-07-21,1,3,2186,Completed,Direct,Business,0.862,6558
DELJUL26-02304,Lajpat Nagar,Midscale,Premium,2026-07-25,2026-07-30,5,3,3385,Confirmed,Walk-in,Couple,0.779,50782
DELJUL26-02305,Rohini,Budget,Standard,2026-07-11,2026-07-13,2,3,2039,Confirmed,MakeMyTrip,Group,0.569,12234
DELJUL26-02306,Aerocity,Upscale,Deluxe,2026-07-26,2026-07-31,5,1,16430,Completed,Goibibo,Leisure,0.641,82152
DELJUL26-02307,Paharganj,Midscale,Premium,2026-07-06,2026-07-07,1,2,2512,Completed,Direct,Family,0.553,5024
DELJUL26-02308,Connaught Place,Budget,Standard,2026-07-08,2026-07-10,2,1,3919,Confirmed,Booking.com,Group,0.86,7837
DELJUL26-02309,Paharganj,Economy,Premium,2026-07-29,2026-08-01,3,2,1964,Confirmed,Direct,Group,0.535,11785
DELJUL26-02310,Dwarka,Upscale,Deluxe,2026-07-28,2026-07-31,3,3,4528,Confirmed,MakeMyTrip,Couple,0.493,40755
DELJUL26-02311,Karol Bagh,Economy,Deluxe,2026-07-19,2026-07-23,4,3,3087,Completed,Goibibo,Couple,0.479,37042
DELJUL26-02312,Aerocity,Economy,Premium,2026-07-19,2026-07-20,1,1,7734,Confirmed,Direct,Business,0.591,7734
DELJUL26-02313,Dwarka,Midscale,Standard,2026-07-22,2026-07-24,2,2,4138,Completed,Agoda,Business,0.724,16550
DELJUL26-02314,Aerocity,Budget,Deluxe,2026-07-26,2026-07-28,2,3,5936,Confirmed,Direct,Group,0.849,35617
DELJUL26-02315,Karol Bagh,Luxury,Standard,2026-07-08,2026-07-11,3,1,5976,Completed,Walk-in,Couple,0.905,17927
DELJUL26-02316,Aerocity,Budget,Deluxe,2026-07-03,2026-07-08,5,2,3846,Confirmed,Walk-in,Leisure,0.398,38456
DELJUL26-02317,Aerocity,Budget,Standard,2026-07-06,2026-07-09,3,1,4989,Cancelled,Goibibo,Leisure,0.378,0
DELJUL26-02318,Saket,Budget,Standard,2026-07-12,2026-07-17,5,3,3740,Confirmed,Goibibo,Group,0.568,56100
DELJUL26-02319,Lajpat Nagar,Economy,Suite,2026-07-08,2026-07-10,2,2,3111,Confirmed,Agoda,Leisure,0.836,12443
DELJUL26-02320,Greater Kailash,Upscale,Standard,2026-07-17,2026-07-19,2,3,8733,Completed,Booking.com,Couple,0.894,52397
DELJUL26-02321,Aerocity,Upscale,Standard,2026-07-05,2026-07-06,1,2,13156,Completed,Walk-in,Business,0.451,26312
DELJUL26-02322,Aerocity,Upscale,Standard,2026-07-18,2026-07-20,2,3,11968,Confirmed,Walk-in,Leisure,0.521,71807
DELJUL26-02323,Paharganj,Midscale,Deluxe,2026-07-23,2026-07-25,2,1,2953,Completed,Agoda,Leisure,0.891,5905
DELJUL26-02324,South Delhi,Economy,Standard,2026-07-04,2026-07-06,2,3,6629,Confirmed,Walk-in,Family,0.695,39773
DELJUL26-02325,Greater Kailash,Economy,Standard,2026-07-09,2026-07-13,4,2,4515,Completed,Booking.com,Group,0.595,36121
DELJUL26-02326,Lajpat Nagar,Budget,Suite,2026-07-17,2026-07-20,3,2,2201,Confirmed,Walk-in,Leisure,0.496,13206
DELJUL26-02327,Paharganj,Upscale,Standard,2026-07-03,2026-07-07,4,3,2973,Confirmed,Direct,Couple,0.418,35671
DELJUL26-02328,Connaught Place,Economy,Standard,2026-07-21,2026-07-22,1,1,4743,Confirmed,Agoda,Family,0.415,4743
DELJUL26-02329,Aerocity,Economy,Deluxe,2026-07-24,2026-07-29,5,3,8635,Confirmed,Booking.com,Couple,0.754,129520
DELJUL26-02330,Connaught Place,Midscale,Standard,2026-07-12,2026-07-13,1,3,11638,Completed,Walk-in,Family,0.782,34913
DELJUL26-02331,Aerocity,Upscale,Standard,2026-07-01,2026-07-02,1,2,13935,Confirmed,Goibibo,Leisure,0.569,27870
DELJUL26-02332,Lajpat Nagar,Budget,Deluxe,2026-07-16,2026-07-19,3,2,1905,Confirmed,Booking.com,Family,0.714,11433
DELJUL26-02333,Karol Bagh,Midscale,Deluxe,2026-07-27,2026-07-31,4,2,4570,Completed,Booking.com,Group,0.444,36564
DELJUL26-02334,Lajpat Nagar,Midscale,Standard,2026-07-10,2026-07-12,2,2,4342,Confirmed,Walk-in,Group,0.363,17367
DELJUL26-02335,Dwarka,Upscale,Premium,2026-07-27,2026-07-28,1,2,4826,Confirmed,Agoda,Business,0.41,9653
DELJUL26-02336,Dwarka,Budget,Premium,2026-07-27,2026-08-01,5,2,2494,Completed,MakeMyTrip,Group,0.414,24943
DELJUL26-02337,Saket,Budget,Deluxe,2026-07-09,2026-07-14,5,3,2187,Confirmed,Booking.com,Leisure,0.941,32806
DELJUL26-02338,Lajpat Nagar,Economy,Deluxe,2026-07-19,2026-07-23,4,1,1801,Completed,Direct,Family,0.492,7205
DELJUL26-02339,Aerocity,Upscale,Premium,2026-07-02,2026-07-04,2,1,10531,Completed,Direct,Couple,0.43,21062
DELJUL26-02340,Aerocity,Luxury,Standard,2026-07-18,2026-07-21,3,2,13726,Confirmed,Direct,Couple,0.827,82356
DELJUL26-02341,Saket,Midscale,Deluxe,2026-07-28,2026-08-01,4,3,6865,Confirmed,Booking.com,Leisure,0.57,82380
DELJUL26-02342,Paharganj,Budget,Standard,2026-07-30,2026-08-02,3,1,1359,Confirmed,Booking.com,Leisure,0.474,4076
DELJUL26-02343,Dwarka,Budget,Standard,2026-07-07,2026-07-08,1,3,1581,Cancelled,Direct,Couple,0.482,0
DELJUL26-02344,Greater Kailash,Midscale,Premium,2026-07-21,2026-07-26,5,2,6359,Completed,Agoda,Group,0.433,63589
DELJUL26-02345,Dwarka,Budget,Standard,2026-07-03,2026-07-08,5,1,1603,Completed,Walk-in,Couple,0.398,8017
DELJUL26-02346,Karol Bagh,Midscale,Standard,2026-07-09,2026-07-10,1,2,2741,Confirmed,Walk-in,Group,0.758,5481
DELJUL26-02347,Paharganj,Upscale,Standard,2026-07-26,2026-07-30,4,3,2346,Completed,Walk-in,Group,0.614,28148
DELJUL26-02348,Greater Kailash,Economy,Deluxe,2026-07-20,2026-07-25,5,3,5362,Confirmed,Direct,Group,0.439,80433
DELJUL26-02349,Karol Bagh,Economy,Premium,2026-07-13,2026-07-16,3,2,1790,Completed,Direct,Couple,0.825,10739
DELJUL26-02350,Dwarka,Budget,Standard,2026-07-30,2026-07-31,1,2,2219,Confirmed,Walk-in,Couple,0.361,4438
DELJUL26-02351,Dwarka,Economy,Premium,2026-07-24,2026-07-28,4,3,2165,Completed,Direct,Couple,0.608,25985
DELJUL26-02352,Greater Kailash,Midscale,Standard,2026-07-01,2026-07-06,5,3,8217,Cancelled,Agoda,Business,0.426,0
DELJUL26-02353,Greater Kailash,Economy,Premium,2026-07-03,2026-07-05,2,3,6356,Confirmed,Direct,Family,0.367,38134
DELJUL26-02354,Saket,Budget,Premium,2026-07-20,2026-07-21,1,3,2117,Confirmed,Direct,Business,0.68,6352
DELJUL26-02355,Paharganj,Budget,Standard,2026-07-28,2026-07-30,2,3,1090,Completed,Agoda,Family,0.443,6538
DELJUL26-02356,Paharganj,Budget,Premium,2026-07-05,2026-07-10,5,1,2097,Completed,Agoda,Family,0.391,10485
DELJUL26-02357,Saket,Midscale,Standard,2026-07-17,2026-07-20,3,1,6015,Completed,Direct,Leisure,0.637,18046
DELJUL26-02358,Karol Bagh,Midscale,Standard,2026-07-26,2026-07-27,1,2,3623,Confirmed,Direct,Leisure,0.856,7246
DELJUL26-02359,South Delhi,Midscale,Standard,2026-07-27,2026-07-30,3,3,3809,Completed,Walk-in,Group,0.641,34278
DELJUL26-02360,Karol Bagh,Midscale,Standard,2026-07-20,2026-07-25,5,1,2958,Confirmed,Booking.com,Family,0.398,14789
DELJUL26-02361,South Delhi,Budget,Suite,2026-07-31,2026-08-01,1,3,3436,Completed,Walk-in,Leisure,0.533,10307
DELJUL26-02362,Greater Kailash,Midscale,Deluxe,2026-07-30,2026-08-02,3,3,8907,Confirmed,Goibibo,Business,0.618,80161
DELJUL26-02363,Rohini,Budget,Deluxe,2026-07-26,2026-07-28,2,1,1243,Completed,Walk-in,Group,0.519,2485
DELJUL26-02364,Connaught Place,Upscale,Premium,2026-07-21,2026-07-22,1,2,11533,Completed,Walk-in,Couple,0.553,23065
DELJUL26-02365,Greater Kailash,Budget,Standard,2026-07-31,2026-08-03,3,1,3601,Confirmed,Goibibo,Group,0.65,10802
DELJUL26-02366,Aerocity,Economy,Standard,2026-07-01,2026-07-05,4,1,5124,Completed,Direct,Couple,0.915,20494
DELJUL26-02367,Paharganj,Budget,Premium,2026-07-03,2026-07-07,4,3,1213,Confirmed,Walk-in,Couple,0.833,14552
DELJUL26-02368,Connaught Place,Upscale,Standard,2026-07-16,2026-07-17,1,1,6945,Confirmed,MakeMyTrip,Business,0.473,6945
DELJUL26-02369,Connaught Place,Budget,Premium,2026-07-21,2026-07-22,1,2,4109,Confirmed,Booking.com,Group,0.821,8217
DELJUL26-02370,Connaught Place,Upscale,Standard,2026-07-29,2026-08-01,3,3,10945,Confirmed,Goibibo,Couple,0.587,98506
DELJUL26-02371,Aerocity,Budget,Standard,2026-07-22,2026-07-24,2,2,5363,Confirmed,MakeMyTrip,Business,0.839,21454
DELJUL26-02372,Lajpat Nagar,Upscale,Standard,2026-07-08,2026-07-10,2,1,4936,Completed,Agoda,Business,0.72,9871
DELJUL26-02373,Aerocity,Midscale,Standard,2026-07-29,2026-08-01,3,1,12413,Completed,Booking.com,Couple,0.757,37238
DELJUL26-02374,Paharganj,Budget,Standard,2026-07-03,2026-07-07,4,2,1624,Confirmed,Walk-in,Business,0.567,12989
DELJUL26-02375,South Delhi,Budget,Standard,2026-07-03,2026-07-06,3,1,3678,Completed,Direct,Couple,0.778,11035
DELJUL26-02376,Rohini,Economy,Standard,2026-07-23,2026-07-28,5,3,2400,Completed,MakeMyTrip,Family,0.689,35994
DELJUL26-02377,Lajpat Nagar,Upscale,Deluxe,2026-07-30,2026-07-31,1,1,4816,Confirmed,Walk-in,Business,0.721,4816
DELJUL26-02378,Connaught Place,Upscale,Standard,2026-07-16,2026-07-19,3,1,12008,Confirmed,Walk-in,Leisure,0.678,36024
DELJUL26-02379,Rohini,Budget,Standard,2026-07-05,2026-07-08,3,1,1284,Completed,Agoda,Couple,0.383,3851
DELJUL26-02380,South Delhi,Economy,Standard,2026-07-02,2026-07-06,4,3,4858,Confirmed,Goibibo,Business,0.635,58302
DELJUL26-02381,Connaught Place,Budget,Standard,2026-07-31,2026-08-03,3,2,2568,Confirmed,Goibibo,Family,0.381,15409
DELJUL26-02382,Saket,Budget,Standard,2026-07-09,2026-07-14,5,3,3849,Completed,Booking.com,Business,0.451,57742
DELJUL26-02383,Rohini,Midscale,Standard,2026-07-20,2026-07-25,5,2,2737,Completed,Booking.com,Leisure,0.635,27366
DELJUL26-02384,Paharganj,Economy,Standard,2026-07-11,2026-07-15,4,1,1554,Completed,Goibibo,Leisure,0.594,6214
DELJUL26-02385,Connaught Place,Budget,Suite,2026-07-07,2026-07-09,2,3,6018,Completed,Booking.com,Group,0.379,36108
DELJUL26-02386,Lajpat Nagar,Upscale,Standard,2026-07-21,2026-07-23,2,1,7186,Confirmed,Booking.com,Business,0.432,14371
DELJUL26-02387,Rohini,Midscale,Standard,2026-07-23,2026-07-26,3,2,2078,Completed,Agoda,Family,0.629,12467
DELJUL26-02388,Rohini,Upscale,Deluxe,2026-07-15,2026-07-18,3,1,4927,Completed,Agoda,Family,0.931,14780
DELJUL26-02389,Rohini,Budget,Standard,2026-07-16,2026-07-17,1,2,1621,Confirmed,MakeMyTrip,Business,0.642,3242
DELJUL26-02390,Lajpat Nagar,Upscale,Standard,2026-07-16,2026-07-18,2,3,7329,Confirmed,Booking.com,Group,0.814,43975
DELJUL26-02391,Saket,Midscale,Standard,2026-07-19,2026-07-24,5,3,5314,Confirmed,Booking.com,Group,0.616,79706
DELJUL26-02392,Connaught Place,Midscale,Deluxe,2026-07-26,2026-07-29,3,3,6053,Completed,Booking.com,Leisure,0.465,54479
DELJUL26-02393,South Delhi,Budget,Premium,2026-07-23,2026-07-28,5,2,3189,Completed,Booking.com,Leisure,0.363,31888
DELJUL26-02394,Karol Bagh,Upscale,Standard,2026-07-09,2026-07-11,2,2,4399,Completed,Walk-in,Business,0.575,17598
DELJUL26-02395,Saket,Midscale,Premium,2026-07-08,2026-07-13,5,3,6784,Confirmed,Booking.com,Leisure,0.902,101755
DELJUL26-02396,South Delhi,Upscale,Deluxe,2026-07-21,2026-07-26,5,3,9979,Completed,Walk-in,Leisure,0.545,149679
DELJUL26-02397,Rohini,Midscale,Deluxe,2026-07-21,2026-07-23,2,2,1985,Confirmed,Goibibo,Group,0.571,7940
DELJUL26-02398,Karol Bagh,Upscale,Standard,2026-07-12,2026-07-16,4,1,4314,Completed,MakeMyTrip,Leisure,0.766,17257
DELJUL26-02399,Karol Bagh,Midscale,Premium,2026-07-26,2026-07-31,5,3,4042,Cancelled,Booking.com,Leisure,0.792,0
DELJUL26-02400,Greater Kailash,Upscale,Standard,2026-07-13,2026-07-17,4,1,11078,Completed,Agoda,Business,0.715,44310
DELJUL26-02401,Aerocity,Budget,Standard,2026-07-11,2026-07-16,5,1,6043,Confirmed,Walk-in,Family,0.553,30217
DELJUL26-02402,Dwarka,Budget,Deluxe,2026-07-18,2026-07-19,1,1,1637,Confirmed,Walk-in,Family,0.917,1637
DELJUL26-02403,Greater Kailash,Midscale,Suite,2026-07-06,2026-07-07,1,1,4298,Confirmed,Agoda,Couple,0.562,4298
DELJUL26-02404,Dwarka,Midscale,Standard,2026-07-22,2026-07-23,1,3,4652,Completed,Direct,Couple,0.525,13955
DELJUL26-02405,Paharganj,Midscale,Standard,2026-07-28,2026-07-30,2,2,3018,Confirmed,Walk-in,Leisure,0.856,12073
DELJUL26-02406,Lajpat Nagar,Midscale,Suite,2026-07-30,2026-08-03,4,2,4398,Completed,Goibibo,Couple,0.911,35184
DELJUL26-02407,Paharganj,Midscale,Premium,2026-07-14,2026-07-19,5,2,3696,Confirmed,Goibibo,Leisure,0.924,36961
DELJUL26-02408,Greater Kailash,Upscale,Deluxe,2026-07-09,2026-07-12,3,2,5480,Cancelled,Booking.com,Group,0.67,0
DELJUL26-02409,Saket,Economy,Standard,2026-07-15,2026-07-18,3,2,5060,Confirmed,Goibibo,Business,0.872,30361
DELJUL26-02410,Aerocity,Upscale,Standard,2026-07-04,2026-07-09,5,1,11684,Confirmed,Agoda,Group,0.46,58422
DELJUL26-02411,Dwarka,Budget,Suite,2026-07-21,2026-07-24,3,2,1307,Cancelled,Goibibo,Group,0.883,0
DELJUL26-02412,Aerocity,Midscale,Standard,2026-07-14,2026-07-17,3,3,9521,Confirmed,Direct,Leisure,0.805,85686
DELJUL26-02413,Rohini,Upscale,Deluxe,2026-07-04,2026-07-05,1,2,3703,Confirmed,Agoda,Business,0.59,7405
DELJUL26-02414,South Delhi,Economy,Deluxe,2026-07-17,2026-07-19,2,3,6682,Completed,Agoda,Leisure,0.497,40091
DELJUL26-02415,Paharganj,Economy,Suite,2026-07-23,2026-07-27,4,2,1490,Confirmed,Agoda,Group,0.806,11924
DELJUL26-02416,Saket,Economy,Deluxe,2026-07-08,2026-07-12,4,2,5208,Completed,Booking.com,Family,0.608,41665
DELJUL26-02417,South Delhi,Midscale,Standard,2026-07-13,2026-07-16,3,3,8791,Completed,Booking.com,Group,0.937,79119
DELJUL26-02418,Karol Bagh,Economy,Deluxe,2026-07-28,2026-08-01,4,1,2822,Confirmed,MakeMyTrip,Family,0.863,11289
DELJUL26-02419,Karol Bagh,Budget,Suite,2026-07-23,2026-07-27,4,2,2878,Confirmed,Walk-in,Group,0.824,23023
DELJUL26-02420,Saket,Upscale,Premium,2026-07-25,2026-07-26,1,2,7404,Confirmed,Agoda,Family,0.55,14808
DELJUL26-02421,Karol Bagh,Budget,Standard,2026-07-14,2026-07-19,5,1,1795,Confirmed,Direct,Leisure,0.777,8977
DELJUL26-02422,Greater Kailash,Midscale,Standard,2026-07-16,2026-07-20,4,1,5195,Confirmed,Direct,Family,0.804,20779
DELJUL26-02423,Connaught Place,Midscale,Deluxe,2026-07-16,2026-07-18,2,1,6072,Completed,Direct,Couple,0.596,12144
DELJUL26-02424,Lajpat Nagar,Budget,Deluxe,2026-07-14,2026-07-16,2,1,2605,Confirmed,Walk-in,Group,0.407,5210
DELJUL26-02425,Paharganj,Budget,Standard,2026-07-05,2026-07-10,5,1,1282,Completed,Walk-in,Group,0.791,6409
DELJUL26-02426,Dwarka,Luxury,Standard,2026-07-02,2026-07-04,2,2,6781,Completed,Booking.com,Family,0.527,27123
DELJUL26-02427,Connaught Place,Midscale,Standard,2026-07-26,2026-07-27,1,1,5851,Confirmed,Walk-in,Group,0.43,5851
DELJUL26-02428,Paharganj,Budget,Standard,2026-07-17,2026-07-18,1,2,1603,Completed,Goibibo,Group,0.376,3206
DELJUL26-02429,Greater Kailash,Upscale,Standard,2026-07-17,2026-07-19,2,1,10107,Confirmed,Booking.com,Group,0.546,20215
DELJUL26-02430,Karol Bagh,Midscale,Suite,2026-07-19,2026-07-23,4,3,2926,Confirmed,Agoda,Group,0.656,35112
DELJUL26-02431,Connaught Place,Budget,Deluxe,2026-07-13,2026-07-16,3,3,4871,Completed,Direct,Business,0.373,43839
DELJUL26-02432,Dwarka,Midscale,Standard,2026-07-28,2026-08-01,4,1,3721,Confirmed,Direct,Family,0.688,14882
DELJUL26-02433,Connaught Place,Economy,Deluxe,2026-07-15,2026-07-17,2,3,7930,Confirmed,Booking.com,Leisure,0.887,47577
DELJUL26-02434,Paharganj,Budget,Standard,2026-07-16,2026-07-18,2,1,1040,Completed,Goibibo,Leisure,0.709,2080
DELJUL26-02435,Saket,Upscale,Deluxe,2026-07-17,2026-07-20,3,2,10068,Completed,Walk-in,Group,0.665,60410
DELJUL26-02436,Dwarka,Economy,Premium,2026-07-05,2026-07-09,4,2,1713,Cancelled,Goibibo,Business,0.489,0
DELJUL26-02437,South Delhi,Economy,Standard,2026-07-06,2026-07-09,3,2,4531,Completed,MakeMyTrip,Family,0.614,27184
DELJUL26-02438,South Delhi,Economy,Suite,2026-07-06,2026-07-10,4,3,5195,Completed,Goibibo,Business,0.71,62335
DELJUL26-02439,Lajpat Nagar,Upscale,Standard,2026-07-08,2026-07-09,1,3,6431,Completed,Direct,Group,0.869,19293
DELJUL26-02440,Aerocity,Midscale,Deluxe,2026-07-05,2026-07-08,3,2,7424,Cancelled,Goibibo,Group,0.879,0
DELJUL26-02441,Paharganj,Upscale,Premium,2026-07-07,2026-07-10,3,1,4802,Completed,Agoda,Couple,0.621,14407
DELJUL26-02442,Aerocity,Budget,Deluxe,2026-07-30,2026-07-31,1,2,4529,Cancelled,MakeMyTrip,Group,0.46,0
DELJUL26-02443,Aerocity,Upscale,Standard,2026-07-12,2026-07-14,2,2,14910,Confirmed,Goibibo,Family,0.774,59641
DELJUL26-02444,Karol Bagh,Midscale,Standard,2026-07-25,2026-07-27,2,1,4477,Confirmed,Booking.com,Leisure,0.92,8953
DELJUL26-02445,Dwarka,Economy,Standard,2026-07-13,2026-07-16,3,3,3099,Confirmed,Walk-in,Couple,0.925,27893
DELJUL26-02446,Lajpat Nagar,Budget,Standard,2026-07-26,2026-07-27,1,2,2649,Confirmed,Booking.com,Leisure,0.947,5298
DELJUL26-02447,Greater Kailash,Upscale,Standard,2026-07-24,2026-07-26,2,3,8042,Confirmed,Direct,Family,0.501,48252
DELJUL26-02448,South Delhi,Budget,Standard,2026-07-27,2026-08-01,5,3,4551,Confirmed,Walk-in,Group,0.852,68261
DELJUL26-02449,Greater Kailash,Midscale,Deluxe,2026-07-09,2026-07-10,1,1,7960,Completed,Goibibo,Leisure,0.381,7960
DELJUL26-02450,Connaught Place,Midscale,Standard,2026-07-03,2026-07-08,5,1,8803,Confirmed,MakeMyTrip,Family,0.359,44017
DELJUL26-02451,Lajpat Nagar,Budget,Standard,2026-07-10,2026-07-13,3,1,1887,Confirmed,Agoda,Couple,0.754,5660
DELJUL26-02452,Lajpat Nagar,Luxury,Deluxe,2026-07-22,2026-07-23,1,2,10034,Completed,Booking.com,Couple,0.422,20067
DELJUL26-02453,Aerocity,Upscale,Standard,2026-07-21,2026-07-24,3,2,11230,Confirmed,Booking.com,Family,0.583,67380
DELJUL26-02454,Saket,Economy,Deluxe,2026-07-22,2026-07-25,3,1,5968,Completed,Direct,Business,0.357,17905
DELJUL26-02455,Lajpat Nagar,Midscale,Deluxe,2026-07-31,2026-08-02,2,2,3400,Cancelled,Goibibo,Business,0.402,0
DELJUL26-02456,Saket,Economy,Deluxe,2026-07-07,2026-07-09,2,1,3374,Completed,Agoda,Leisure,0.475,6749
DELJUL26-02457,Lajpat Nagar,Midscale,Standard,2026-07-14,2026-07-18,4,3,4574,Confirmed,Walk-in,Couple,0.683,54884
DELJUL26-02458,Rohini,Budget,Deluxe,2026-07-16,2026-07-17,1,3,1215,Confirmed,Goibibo,Business,0.549,3645
DELJUL26-02459,Saket,Economy,Deluxe,2026-07-05,2026-07-10,5,3,4428,Completed,Direct,Couple,0.688,66422
DELJUL26-02460,Aerocity,Economy,Deluxe,2026-07-21,2026-07-23,2,2,7916,Confirmed,Booking.com,Leisure,0.739,31663
DELJUL26-02461,Paharganj,Economy,Premium,2026-07-02,2026-07-04,2,3,1346,Confirmed,Booking.com,Business,0.352,8074
DELJUL26-02462,Karol Bagh,Economy,Premium,2026-07-28,2026-07-29,1,1,1766,Confirmed,Walk-in,Business,0.859,1766
DELJUL26-02463,Saket,Budget,Standard,2026-07-03,2026-07-08,5,3,2827,Completed,Goibibo,Couple,0.385,42407
DELJUL26-02464,Dwarka,Luxury,Standard,2026-07-04,2026-07-06,2,2,6701,Cancelled,Walk-in,Leisure,0.874,0
DELJUL26-02465,Saket,Budget,Premium,2026-07-06,2026-07-11,5,1,2601,Completed,Walk-in,Family,0.936,13007
DELJUL26-02466,Connaught Place,Budget,Deluxe,2026-07-28,2026-07-30,2,1,2681,Completed,Walk-in,Family,0.892,5362
DELJUL26-02467,Paharganj,Economy,Deluxe,2026-07-27,2026-07-28,1,1,1960,Confirmed,Booking.com,Business,0.675,1960
DELJUL26-02468,South Delhi,Midscale,Standard,2026-07-29,2026-08-01,3,2,5496,Completed,Goibibo,Couple,0.812,32974
DELJUL26-02469,Aerocity,Budget,Standard,2026-07-26,2026-07-29,3,1,4307,Completed,Direct,Group,0.454,12922
DELJUL26-02470,Karol Bagh,Midscale,Deluxe,2026-07-29,2026-08-01,3,3,4485,Confirmed,MakeMyTrip,Leisure,0.912,40364
DELJUL26-02471,Lajpat Nagar,Midscale,Premium,2026-07-15,2026-07-20,5,2,4698,Cancelled,Booking.com,Group,0.364,0
DELJUL26-02472,Aerocity,Budget,Standard,2026-07-01,2026-07-04,3,1,4343,Confirmed,Direct,Group,0.681,13029
DELJUL26-02473,Saket,Luxury,Suite,2026-07-14,2026-07-18,4,3,9964,Completed,Direct,Group,0.627,119564
DELJUL26-02474,Karol Bagh,Economy,Deluxe,2026-07-07,2026-07-09,2,2,3840,Confirmed,MakeMyTrip,Leisure,0.828,15358
DELJUL26-02475,Connaught Place,Midscale,Premium,2026-07-08,2026-07-09,1,3,7262,Confirmed,Direct,Business,0.797,21787
DELJUL26-02476,Saket,Budget,Premium,2026-07-22,2026-07-25,3,2,3287,Completed,Goibibo,Couple,0.548,19722
DELJUL26-02477,Dwarka,Midscale,Standard,2026-07-06,2026-07-09,3,3,3446,Completed,Booking.com,Business,0.448,31018
DELJUL26-02478,Connaught Place,Upscale,Standard,2026-07-10,2026-07-13,3,3,8059,Confirmed,Booking.com,Business,0.827,72532
DELJUL26-02479,Aerocity,Budget,Standard,2026-07-13,2026-07-17,4,1,7299,Completed,Direct,Family,0.936,29196
DELJUL26-02480,Connaught Place,Budget,Standard,2026-07-02,2026-07-07,5,1,5923,Completed,MakeMyTrip,Group,0.409,29617
DELJUL26-02481,South Delhi,Economy,Standard,2026-07-22,2026-07-23,1,3,5795,Confirmed,Booking.com,Leisure,0.79,17385
DELJUL26-02482,Lajpat Nagar,Budget,Deluxe,2026-07-24,2026-07-25,1,2,1861,Cancelled,Goibibo,Leisure,0.659,0
DELJUL26-02483,Connaught Place,Luxury,Premium,2026-07-18,2026-07-20,2,1,14718,Completed,Walk-in,Group,0.537,29436
DELJUL26-02484,Paharganj,Midscale,Standard,2026-07-01,2026-07-04,3,1,2037,Cancelled,Agoda,Family,0.359,0
DELJUL26-02485,Paharganj,Midscale,Standard,2026-07-25,2026-07-26,1,3,2523,Completed,Direct,Leisure,0.784,7568
DELJUL26-02486,Paharganj,Luxury,Deluxe,2026-07-14,2026-07-15,1,1,5120,Cancelled,Direct,Group,0.429,0
DELJUL26-02487,Karol Bagh,Upscale,Deluxe,2026-07-09,2026-07-12,3,2,5944,Completed,Walk-in,Business,0.86,35667
DELJUL26-02488,Aerocity,Upscale,Suite,2026-07-30,2026-08-01,2,1,10472,Completed,Walk-in,Leisure,0.509,20945
DELJUL26-02489,Dwarka,Economy,Standard,2026-07-27,2026-08-01,5,2,3690,Confirmed,MakeMyTrip,Couple,0.705,36898
DELJUL26-02490,Paharganj,Economy,Standard,2026-07-14,2026-07-17,3,3,1513,Confirmed,MakeMyTrip,Couple,0.521,13619
DELJUL26-02491,Paharganj,Economy,Premium,2026-07-14,2026-07-19,5,2,1360,Completed,MakeMyTrip,Leisure,0.771,13605
DELJUL26-02492,Karol Bagh,Economy,Standard,2026-07-29,2026-08-02,4,1,3080,Completed,Goibibo,Couple,0.42,12321
DELJUL26-02493,Rohini,Economy,Premium,2026-07-06,2026-07-09,3,1,2271,Confirmed,Booking.com,Business,0.556,6814
DELJUL26-02494,South Delhi,Budget,Standard,2026-07-13,2026-07-18,5,3,3124,Confirmed,Walk-in,Business,0.655,46867
DELJUL26-02495,Saket,Economy,Standard,2026-07-18,2026-07-23,5,1,5252,Confirmed,MakeMyTrip,Couple,0.701,26260
DELJUL26-02496,Karol Bagh,Economy,Deluxe,2026-07-11,2026-07-14,3,2,2358,Confirmed,Booking.com,Leisure,0.698,14147
DELJUL26-02497,Lajpat Nagar,Economy,Deluxe,2026-07-10,2026-07-15,5,3,2308,Confirmed,Booking.com,Leisure,0.398,34622
DELJUL26-02498,Lajpat Nagar,Budget,Standard,2026-07-04,2026-07-06,2,3,1903,Cancelled,Walk-in,Group,0.37,0
DELJUL26-02499,Aerocity,Economy,Premium,2026-07-09,2026-07-11,2,1,6437,Confirmed,Booking.com,Group,0.492,12873
DELJUL26-02500,Rohini,Economy,Premium,2026-07-12,2026-07-16,4,1,2618,Completed,Agoda,Group,0.373,10474
DELJUL26-02501,South Delhi,Midscale,Premium,2026-07-26,2026-07-30,4,2,4962,Completed,Agoda,Couple,0.482,39696
DELJUL26-02502,Aerocity,Midscale,Premium,2026-07-11,2026-07-13,2,2,9670,Completed,Walk-in,Leisure,0.386,38678
DELJUL26-02503,Greater Kailash,Budget,Premium,2026-07-05,2026-07-09,4,3,4053,Completed,Direct,Business,0.666,48636
DELJUL26-02504,Connaught Place,Budget,Deluxe,2026-07-27,2026-07-30,3,3,3353,Confirmed,MakeMyTrip,Group,0.413,30179
DELJUL26-02505,Aerocity,Economy,Deluxe,2026-07-11,2026-07-14,3,1,5437,Cancelled,Walk-in,Couple,0.599,0
DELJUL26-02506,Connaught Place,Budget,Premium,2026-07-29,2026-08-03,5,2,3648,Cancelled,Direct,Group,0.812,0
DELJUL26-02507,Saket,Economy,Suite,2026-07-04,2026-07-05,1,3,5217,Confirmed,Direct,Family,0.813,15651
DELJUL26-02508,South Delhi,Luxury,Deluxe,2026-07-01,2026-07-04,3,2,17221,Completed,Direct,Family,0.687,103328
DELJUL26-02509,Saket,Budget,Standard,2026-07-29,2026-07-31,2,2,3776,Completed,Direct,Couple,0.368,15106
DELJUL26-02510,Connaught Place,Economy,Standard,2026-07-04,2026-07-07,3,3,5245,Completed,Agoda,Couple,0.672,47208
DELJUL26-02511,Connaught Place,Midscale,Premium,2026-07-01,2026-07-02,1,2,5400,Confirmed,MakeMyTrip,Couple,0.502,10800
DELJUL26-02512,Lajpat Nagar,Midscale,Suite,2026-07-20,2026-07-21,1,2,3855,Confirmed,Direct,Leisure,0.691,7710
DELJUL26-02513,Rohini,Budget,Standard,2026-07-10,2026-07-14,4,2,1354,Completed,Agoda,Business,0.895,10833
DELJUL26-02514,Greater Kailash,Budget,Suite,2026-07-16,2026-07-17,1,3,4557,Confirmed,Booking.com,Family,0.709,13672
DELJUL26-02515,Connaught Place,Luxury,Standard,2026-07-13,2026-07-16,3,1,11337,Confirmed,Direct,Couple,0.914,34011
DELJUL26-02516,Lajpat Nagar,Budget,Standard,2026-07-10,2026-07-15,5,1,2075,Completed,Walk-in,Group,0.475,10374
DELJUL26-02517,South Delhi,Midscale,Premium,2026-07-15,2026-07-20,5,3,6542,Completed,Goibibo,Business,0.511,98133
DELJUL26-02518,Dwarka,Upscale,Suite,2026-07-09,2026-07-10,1,2,5481,Confirmed,MakeMyTrip,Couple,0.439,10962
DELJUL26-02519,Connaught Place,Economy,Deluxe,2026-07-07,2026-07-12,5,1,5418,Confirmed,Walk-in,Couple,0.397,27091
DELJUL26-02520,Rohini,Midscale,Suite,2026-07-07,2026-07-09,2,2,2636,Completed,Booking.com,Business,0.356,10543
DELJUL26-02521,Saket,Budget,Premium,2026-07-04,2026-07-05,1,1,4928,Completed,Goibibo,Leisure,0.907,4928
DELJUL26-02522,Aerocity,Economy,Premium,2026-07-17,2026-07-20,3,2,10117,Confirmed,Agoda,Couple,0.621,60701
DELJUL26-02523,Karol Bagh,Economy,Premium,2026-07-18,2026-07-21,3,2,3765,Completed,Direct,Business,0.913,22591
DELJUL26-02524,Saket,Luxury,Standard,2026-07-01,2026-07-03,2,2,13973,Confirmed,Booking.com,Business,0.868,55891
DELJUL26-02525,Aerocity,Budget,Standard,2026-07-15,2026-07-18,3,2,6508,Completed,Direct,Business,0.796,39050
DELJUL26-02526,Paharganj,Budget,Standard,2026-07-23,2026-07-24,1,3,1718,Cancelled,Goibibo,Business,0.901,0
DELJUL26-02527,Saket,Upscale,Standard,2026-07-01,2026-07-03,2,1,7096,Completed,Agoda,Leisure,0.508,14191
DELJUL26-02528,Rohini,Budget,Standard,2026-07-10,2026-07-11,1,3,1366,Completed,Direct,Leisure,0.864,4097
DELJUL26-02529,Aerocity,Upscale,Standard,2026-07-30,2026-08-04,5,2,14932,Confirmed,Direct,Group,0.758,149320
DELJUL26-02530,Dwarka,Midscale,Standard,2026-07-14,2026-07-17,3,1,2337,Confirmed,MakeMyTrip,Leisure,0.71,7010
DELJUL26-02531,Rohini,Midscale,Deluxe,2026-07-01,2026-07-04,3,3,2026,Completed,MakeMyTrip,Family,0.721,18236
DELJUL26-02532,Lajpat Nagar,Upscale,Standard,2026-07-17,2026-07-20,3,1,6771,Confirmed,Direct,Family,0.894,20312
DELJUL26-02533,Rohini,Midscale,Standard,2026-07-13,2026-07-18,5,2,1718,Completed,Agoda,Couple,0.907,17184
DELJUL26-02534,Connaught Place,Budget,Standard,2026-07-07,2026-07-11,4,1,3979,Confirmed,Agoda,Business,0.456,15914
DELJUL26-02535,Lajpat Nagar,Luxury,Standard,2026-07-03,2026-07-07,4,3,9592,Confirmed,MakeMyTrip,Group,0.398,115105
DELJUL26-02536,Rohini,Luxury,Deluxe,2026-07-28,2026-07-30,2,1,3813,Completed,MakeMyTrip,Couple,0.514,7626
DELJUL26-02537,Paharganj,Upscale,Premium,2026-07-26,2026-07-28,2,1,5354,Cancelled,Direct,Family,0.836,0
DELJUL26-02538,Saket,Midscale,Deluxe,2026-07-22,2026-07-27,5,2,3857,Completed,Booking.com,Group,0.408,38571
DELJUL26-02539,Dwarka,Midscale,Deluxe,2026-07-01,2026-07-06,5,3,4696,Confirmed,Goibibo,Business,0.747,70437
DELJUL26-02540,Saket,Midscale,Suite,2026-07-27,2026-07-29,2,2,7974,Confirmed,Walk-in,Family,0.59,31895
DELJUL26-02541,Karol Bagh,Budget,Deluxe,2026-07-15,2026-07-17,2,1,1537,Confirmed,Booking.com,Family,0.897,3074
DELJUL26-02542,Rohini,Economy,Standard,2026-07-15,2026-07-17,2,2,1753,Confirmed,Agoda,Leisure,0.842,7013
DELJUL26-02543,Rohini,Midscale,Standard,2026-07-28,2026-08-01,4,3,2196,Completed,Goibibo,Leisure,0.655,26357
DELJUL26-02544,Paharganj,Midscale,Deluxe,2026-07-14,2026-07-19,5,3,2484,Confirmed,Goibibo,Group,0.578,37261
DELJUL26-02545,Lajpat Nagar,Economy,Deluxe,2026-07-08,2026-07-13,5,1,2488,Confirmed,Booking.com,Leisure,0.851,12440
DELJUL26-02546,Paharganj,Economy,Premium,2026-07-08,2026-07-13,5,3,3182,Completed,Walk-in,Leisure,0.497,47732
DELJUL26-02547,Greater Kailash,Midscale,Standard,2026-07-29,2026-07-31,2,3,4521,Confirmed,Direct,Leisure,0.676,27124
DELJUL26-02548,Dwarka,Economy,Suite,2026-07-17,2026-07-19,2,2,3349,Confirmed,Booking.com,Family,0.909,13394
DELJUL26-02549,Saket,Luxury,Deluxe,2026-07-18,2026-07-23,5,1,9002,Completed,Booking.com,Business,0.712,45009
DELJUL26-02550,Connaught Place,Midscale,Premium,2026-07-19,2026-07-21,2,2,12437,Completed,Goibibo,Business,0.908,49747
DELJUL26-02551,South Delhi,Budget,Deluxe,2026-07-07,2026-07-09,2,3,3183,Confirmed,MakeMyTrip,Group,0.615,19100
DELJUL26-02552,Paharganj,Budget,Standard,2026-07-14,2026-07-19,5,1,1535,Completed,Walk-in,Group,0.728,7674
DELJUL26-02553,Karol Bagh,Midscale,Standard,2026-07-30,2026-08-02,3,2,3783,Cancelled,Booking.com,Group,0.914,0
DELJUL26-02554,Connaught Place,Economy,Standard,2026-07-05,2026-07-06,1,2,4038,Confirmed,Goibibo,Business,0.792,8076
DELJUL26-02555,Rohini,Upscale,Standard,2026-07-30,2026-08-04,5,1,5378,Confirmed,MakeMyTrip,Leisure,0.893,26892
DELJUL26-02556,Connaught Place,Budget,Premium,2026-07-09,2026-07-11,2,2,3840,Completed,Booking.com,Group,0.849,15361
DELJUL26-02557,Greater Kailash,Budget,Standard,2026-07-10,2026-07-12,2,1,4047,Confirmed,Direct,Family,0.397,8094
DELJUL26-02558,Lajpat Nagar,Economy,Standard,2026-07-01,2026-07-04,3,1,3409,Completed,Agoda,Group,0.505,10227
DELJUL26-02559,Aerocity,Midscale,Standard,2026-07-21,2026-07-23,2,2,11825,Confirmed,Booking.com,Leisure,0.795,47299
DELJUL26-02560,Dwarka,Luxury,Deluxe,2026-07-10,2026-07-15,5,3,4185,Confirmed,Direct,Group,0.884,62768
DELJUL26-02561,Dwarka,Upscale,Standard,2026-07-15,2026-07-19,4,3,3426,Completed,Goibibo,Business,0.831,41108
DELJUL26-02562,Paharganj,Economy,Standard,2026-07-19,2026-07-22,3,2,1675,Completed,Direct,Couple,0.538,10052
DELJUL26-02563,South Delhi,Upscale,Premium,2026-07-20,2026-07-22,2,3,7745,Confirmed,Goibibo,Leisure,0.723,46472
DELJUL26-02564,Saket,Budget,Standard,2026-07-30,2026-08-02,3,1,2098,Confirmed,Agoda,Couple,0.747,6294
DELJUL26-02565,Saket,Midscale,Premium,2026-07-18,2026-07-20,2,2,8117,Completed,Booking.com,Family,0.612,32468
DELJUL26-02566,Saket,Upscale,Standard,2026-07-06,2026-07-11,5,2,8546,Cancelled,Direct,Group,0.703,0
DELJUL26-02567,Lajpat Nagar,Economy,Deluxe,2026-07-22,2026-07-26,4,1,3601,Confirmed,Direct,Leisure,0.942,14403
DELJUL26-02568,South Delhi,Luxury,Deluxe,2026-07-02,2026-07-03,1,2,13050,Confirmed,Direct,Business,0.677,26100
DELJUL26-02569,Paharganj,Budget,Standard,2026-07-27,2026-07-30,3,3,1050,Completed,MakeMyTrip,Couple,0.467,9451
DELJUL26-02570,Rohini,Budget,Deluxe,2026-07-10,2026-07-14,4,1,1577,Confirmed,MakeMyTrip,Group,0.652,6306
DELJUL26-02571,Lajpat Nagar,Midscale,Standard,2026-07-23,2026-07-26,3,2,2896,Confirmed,Agoda,Group,0.455,17378
DELJUL26-02572,Rohini,Upscale,Standard,2026-07-05,2026-07-06,1,1,3852,Confirmed,MakeMyTrip,Leisure,0.763,3852
DELJUL26-02573,Greater Kailash,Economy,Premium,2026-07-13,2026-07-14,1,2,4238,Confirmed,Goibibo,Leisure,0.891,8476
DELJUL26-02574,Paharganj,Upscale,Suite,2026-07-22,2026-07-26,4,1,3799,Cancelled,MakeMyTrip,Business,0.756,0
DELJUL26-02575,Greater Kailash,Budget,Standard,2026-07-20,2026-07-23,3,2,5011,Confirmed,MakeMyTrip,Leisure,0.877,30065
DELJUL26-02576,Paharganj,Midscale,Deluxe,2026-07-01,2026-07-04,3,2,2170,Completed,Agoda,Family,0.787,13020
DELJUL26-02577,Karol Bagh,Midscale,Standard,2026-07-02,2026-07-04,2,3,3634,Confirmed,Goibibo,Family,0.612,21805
DELJUL26-02578,Saket,Budget,Standard,2026-07-31,2026-08-02,2,2,2487,Confirmed,Goibibo,Group,0.673,9949
DELJUL26-02579,Rohini,Midscale,Standard,2026-07-17,2026-07-20,3,1,2667,Completed,MakeMyTrip,Leisure,0.67,8002
DELJUL26-02580,Dwarka,Midscale,Deluxe,2026-07-27,2026-07-30,3,1,3817,Cancelled,Agoda,Business,0.585,0
DELJUL26-02581,Paharganj,Midscale,Deluxe,2026-07-03,2026-07-06,3,2,1905,Confirmed,Booking.com,Business,0.406,11427
DELJUL26-02582,Saket,Budget,Deluxe,2026-07-16,2026-07-21,5,3,3573,Confirmed,Direct,Family,0.771,53595
DELJUL26-02583,Karol Bagh,Budget,Suite,2026-07-18,2026-07-19,1,3,1755,Completed,MakeMyTrip,Business,0.378,5264
DELJUL26-02584,South Delhi,Luxury,Deluxe,2026-07-29,2026-08-01,3,3,9236,Completed,Booking.com,Couple,0.472,83128
DELJUL26-02585,Paharganj,Midscale,Standard,2026-07-23,2026-07-25,2,2,3453,Completed,Walk-in,Group,0.622,13813
DELJUL26-02586,Dwarka,Upscale,Standard,2026-07-20,2026-07-21,1,2,5103,Completed,Walk-in,Couple,0.942,10206
DELJUL26-02587,Paharganj,Midscale,Deluxe,2026-07-10,2026-07-13,3,3,2972,Confirmed,Booking.com,Couple,0.534,26751
DELJUL26-02588,Paharganj,Upscale,Standard,2026-07-31,2026-08-01,1,3,3671,Completed,MakeMyTrip,Leisure,0.827,11013
DELJUL26-02589,Rohini,Budget,Standard,2026-07-11,2026-07-13,2,2,1922,Confirmed,MakeMyTrip,Group,0.602,7690
DELJUL26-02590,Paharganj,Economy,Standard,2026-07-09,2026-07-13,4,2,1693,Confirmed,Booking.com,Family,0.483,13547
DELJUL26-02591,Aerocity,Midscale,Standard,2026-07-23,2026-07-25,2,1,8963,Cancelled,Direct,Leisure,0.366,0
DELJUL26-02592,Paharganj,Budget,Deluxe,2026-07-31,2026-08-04,4,1,1872,Confirmed,Walk-in,Couple,0.403,7489
DELJUL26-02593,Dwarka,Budget,Deluxe,2026-07-27,2026-07-29,2,2,1624,Confirmed,Goibibo,Family,0.6,6496
DELJUL26-02594,Aerocity,Midscale,Deluxe,2026-07-06,2026-07-09,3,2,10000,Confirmed,MakeMyTrip,Group,0.59,60001
DELJUL26-02595,Paharganj,Upscale,Suite,2026-07-26,2026-07-31,5,2,5228,Completed,Booking.com,Couple,0.726,52275
DELJUL26-02596,Connaught Place,Midscale,Premium,2026-07-11,2026-07-13,2,1,9224,Completed,MakeMyTrip,Group,0.387,18448
DELJUL26-02597,Dwarka,Budget,Standard,2026-07-07,2026-07-10,3,1,2497,Completed,Booking.com,Group,0.52,7490
DELJUL26-02598,Greater Kailash,Luxury,Deluxe,2026-07-29,2026-08-02,4,2,14900,Confirmed,Booking.com,Business,0.364,119197
DELJUL26-02599,Rohini,Budget,Standard,2026-07-30,2026-08-01,2,3,2188,Confirmed,Walk-in,Business,0.873,13131
DELJUL26-02600,Paharganj,Budget,Suite,2026-07-12,2026-07-14,2,3,1761,Completed,Goibibo,Business,0.589,10567
DELJUL26-02601,Lajpat Nagar,Luxury,Deluxe,2026-07-01,2026-07-05,4,1,8713,Cancelled,Booking.com,Business,0.701,0
DELJUL26-02602,Karol Bagh,Upscale,Standard,2026-07-07,2026-07-08,1,2,3949,Cancelled,Booking.com,Couple,0.776,0
DELJUL26-02603,Greater Kailash,Luxury,Deluxe,2026-07-17,2026-07-19,2,2,8830,Confirmed,Agoda,Group,0.511,35319
DELJUL26-02604,Dwarka,Upscale,Standard,2026-07-02,2026-07-05,3,1,4680,Confirmed,Goibibo,Family,0.431,14039
DELJUL26-02605,Greater Kailash,Midscale,Suite,2026-07-08,2026-07-10,2,2,7951,Confirmed,Walk-in,Group,0.698,31804
DELJUL26-02606,Greater Kailash,Economy,Standard,2026-07-05,2026-07-08,3,1,4903,Completed,Agoda,Couple,0.892,14709
DELJUL26-02607,Dwarka,Economy,Standard,2026-07-30,2026-08-03,4,2,1997,Completed,MakeMyTrip,Business,0.886,15974
DELJUL26-02608,Karol Bagh,Luxury,Premium,2026-07-12,2026-07-17,5,3,5541,Completed,Goibibo,Group,0.535,83108
DELJUL26-02609,Dwarka,Upscale,Standard,2026-07-12,2026-07-16,4,3,4982,Confirmed,MakeMyTrip,Family,0.51,59779
DELJUL26-02610,Lajpat Nagar,Economy,Standard,2026-07-14,2026-07-17,3,1,4152,Confirmed,Direct,Leisure,0.562,12455
DELJUL26-02611,Rohini,Economy,Deluxe,2026-07-01,2026-07-05,4,2,1490,Completed,Direct,Couple,0.497,11918
DELJUL26-02612,Rohini,Economy,Deluxe,2026-07-17,2026-07-19,2,3,2266,Confirmed,Direct,Group,0.929,13596
DELJUL26-02613,Connaught Place,Economy,Standard,2026-07-29,2026-08-01,3,3,8084,Cancelled,Walk-in,Business,0.371,0
DELJUL26-02614,Dwarka,Upscale,Standard,2026-07-26,2026-07-31,5,1,7598,Completed,Walk-in,Business,0.465,37992
DELJUL26-02615,Connaught Place,Budget,Standard,2026-07-08,2026-07-09,1,2,2488,Confirmed,MakeMyTrip,Couple,0.367,4976
DELJUL26-02616,South Delhi,Economy,Standard,2026-07-01,2026-07-03,2,3,6883,Confirmed,Walk-in,Group,0.862,41301
DELJUL26-02617,Rohini,Luxury,Standard,2026-07-24,2026-07-26,2,3,5432,Confirmed,Agoda,Business,0.633,32592
DELJUL26-02618,Aerocity,Midscale,Standard,2026-07-27,2026-08-01,5,1,13075,Completed,Direct,Family,0.487,65377
DELJUL26-02619,South Delhi,Economy,Deluxe,2026-07-29,2026-07-31,2,1,3165,Confirmed,Booking.com,Couple,0.587,6331
DELJUL26-02620,Rohini,Economy,Deluxe,2026-07-18,2026-07-20,2,1,2132,Confirmed,MakeMyTrip,Group,0.414,4263
DELJUL26-02621,Lajpat Nagar,Budget,Standard,2026-07-15,2026-07-20,5,3,2239,Confirmed,Agoda,Leisure,0.415,33581
DELJUL26-02622,Paharganj,Budget,Standard,2026-07-24,2026-07-29,5,1,1277,Completed,Goibibo,Leisure,0.918,6386
DELJUL26-02623,Connaught Place,Budget,Standard,2026-07-22,2026-07-23,1,2,3590,Completed,MakeMyTrip,Group,0.768,7180
DELJUL26-02624,Rohini,Budget,Standard,2026-07-24,2026-07-29,5,1,1810,Completed,Walk-in,Family,0.733,9048
DELJUL26-02625,Rohini,Budget,Suite,2026-07-09,2026-07-13,4,3,1654,Completed,Booking.com,Couple,0.634,19851
DELJUL26-02626,Dwarka,Economy,Standard,2026-07-28,2026-08-02,5,1,1779,Confirmed,Walk-in,Leisure,0.644,8895
DELJUL26-02627,Rohini,Budget,Premium,2026-07-02,2026-07-03,1,2,1677,Confirmed,Agoda,Leisure,0.813,3355
DELJUL26-02628,Aerocity,Luxury,Deluxe,2026-07-03,2026-07-04,1,1,15001,Cancelled,Agoda,Couple,0.381,0
DELJUL26-02629,South Delhi,Budget,Premium,2026-07-21,2026-07-23,2,2,4488,Cancelled,Direct,Business,0.75,0
DELJUL26-02630,Aerocity,Economy,Premium,2026-07-18,2026-07-23,5,2,9415,Completed,Direct,Group,0.68,94155
DELJUL26-02631,Rohini,Upscale,Premium,2026-07-18,2026-07-21,3,3,3605,Confirmed,Walk-in,Family,0.534,32444
DELJUL26-02632,South Delhi,Budget,Deluxe,2026-07-29,2026-08-02,4,2,2368,Completed,Agoda,Group,0.479,18947
DELJUL26-02633,Rohini,Economy,Standard,2026-07-27,2026-07-29,2,2,1864,Confirmed,Booking.com,Family,0.867,7455
DELJUL26-02634,Dwarka,Upscale,Deluxe,2026-07-23,2026-07-25,2,1,4906,Completed,Walk-in,Couple,0.909,9812
DELJUL26-02635,Aerocity,Midscale,Standard,2026-07-06,2026-07-11,5,3,12474,Completed,Booking.com,Couple,0.407,187109
DELJUL26-02636,Aerocity,Budget,Standard,2026-07-03,2026-07-06,3,3,5606,Cancelled,MakeMyTrip,Leisure,0.452,0
DELJUL26-02637,Paharganj,Midscale,Premium,2026-07-05,2026-07-09,4,3,1493,Completed,Booking.com,Couple,0.75,17911
DELJUL26-02638,Greater Kailash,Midscale,Deluxe,2026-07-20,2026-07-24,4,3,3884,Completed,MakeMyTrip,Group,0.814,46610
DELJUL26-02639,Connaught Place,Economy,Standard,2026-07-23,2026-07-24,1,1,4827,Completed,Agoda,Business,0.645,4827
DELJUL26-02640,Lajpat Nagar,Budget,Premium,2026-07-25,2026-07-30,5,3,2693,Completed,Direct,Business,0.906,40392
DELJUL26-02641,Karol Bagh,Budget,Standard,2026-07-04,2026-07-09,5,3,2206,Confirmed,Walk-in,Family,0.874,33096
DELJUL26-02642,Saket,Upscale,Premium,2026-07-09,2026-07-13,4,2,9663,Confirmed,Booking.com,Couple,0.426,77302
DELJUL26-02643,Karol Bagh,Economy,Deluxe,2026-07-11,2026-07-14,3,1,2004,Completed,Walk-in,Business,0.435,6012
DELJUL26-02644,Saket,Budget,Standard,2026-07-20,2026-07-23,3,2,4413,Completed,Walk-in,Business,0.402,26480
DELJUL26-02645,Saket,Midscale,Standard,2026-07-02,2026-07-04,2,2,4941,Completed,Goibibo,Group,0.875,19765
DELJUL26-02646,Aerocity,Upscale,Suite,2026-07-27,2026-07-31,4,3,14299,Confirmed,Direct,Group,0.685,171586
DELJUL26-02647,Dwarka,Budget,Standard,2026-07-03,2026-07-05,2,1,3052,Confirmed,Goibibo,Family,0.915,6104
DELJUL26-02648,Greater Kailash,Budget,Suite,2026-07-17,2026-07-18,1,3,4018,Confirmed,Agoda,Business,0.788,12053
DELJUL26-02649,Rohini,Economy,Standard,2026-07-29,2026-07-30,1,1,2666,Completed,Walk-in,Business,0.789,2666
DELJUL26-02650,Paharganj,Midscale,Standard,2026-07-07,2026-07-10,3,3,2505,Confirmed,Direct,Business,0.425,22545
DELJUL26-02651,Lajpat Nagar,Economy,Deluxe,2026-07-22,2026-07-27,5,3,2888,Confirmed,Agoda,Family,0.416,43326
DELJUL26-02652,Lajpat Nagar,Upscale,Standard,2026-07-18,2026-07-22,4,2,4270,Confirmed,Booking.com,Leisure,0.909,34156
DELJUL26-02653,Rohini,Budget,Standard,2026-07-26,2026-07-31,5,1,1721,Cancelled,Agoda,Couple,0.64,0
DELJUL26-02654,Paharganj,Economy,Deluxe,2026-07-19,2026-07-23,4,2,1425,Confirmed,Goibibo,Family,0.946,11400
DELJUL26-02655,Lajpat Nagar,Economy,Standard,2026-07-27,2026-08-01,5,3,2076,Completed,Walk-in,Leisure,0.544,31146
DELJUL26-02656,Dwarka,Economy,Standard,2026-07-13,2026-07-17,4,3,1807,Confirmed,Direct,Business,0.723,21681
DELJUL26-02657,Aerocity,Economy,Premium,2026-07-06,2026-07-11,5,2,6348,Confirmed,Goibibo,Business,0.694,63476
DELJUL26-02658,Karol Bagh,Upscale,Deluxe,2026-07-22,2026-07-25,3,2,4970,Confirmed,Agoda,Group,0.391,29822
DELJUL26-02659,South Delhi,Economy,Deluxe,2026-07-30,2026-07-31,1,2,5067,Confirmed,MakeMyTrip,Group,0.661,10133
DELJUL26-02660,Connaught Place,Midscale,Deluxe,2026-07-14,2026-07-16,2,1,5777,Completed,Booking.com,Couple,0.905,11555
DELJUL26-02661,Saket,Budget,Deluxe,2026-07-26,2026-07-31,5,2,4118,Completed,Booking.com,Couple,0.622,41181
DELJUL26-02662,Greater Kailash,Midscale,Standard,2026-07-28,2026-08-01,4,3,8045,Completed,Agoda,Group,0.634,96538
DELJUL26-02663,Connaught Place,Economy,Premium,2026-07-21,2026-07-22,1,1,4276,Completed,Booking.com,Couple,0.771,4276
DELJUL26-02664,Saket,Midscale,Standard,2026-07-25,2026-07-26,1,3,5352,Confirmed,Walk-in,Business,0.818,16057
DELJUL26-02665,Karol Bagh,Budget,Premium,2026-07-18,2026-07-22,4,1,2214,Completed,Booking.com,Business,0.847,8856
DELJUL26-02666,Dwarka,Luxury,Premium,2026-07-25,2026-07-30,5,1,7997,Confirmed,MakeMyTrip,Couple,0.621,39984
DELJUL26-02667,Karol Bagh,Upscale,Deluxe,2026-07-11,2026-07-15,4,3,3955,Completed,Walk-in,Family,0.616,47463
DELJUL26-02668,Rohini,Upscale,Standard,2026-07-17,2026-07-22,5,1,4856,Completed,Direct,Family,0.634,24281
DELJUL26-02669,Aerocity,Upscale,Standard,2026-07-03,2026-07-04,1,2,9227,Confirmed,MakeMyTrip,Group,0.931,18454
DELJUL26-02670,Rohini,Budget,Standard,2026-07-07,2026-07-12,5,3,1462,Confirmed,Walk-in,Group,0.908,21923
DELJUL26-02671,Greater Kailash,Midscale,Deluxe,2026-07-18,2026-07-19,1,2,7356,Confirmed,Booking.com,Couple,0.724,14713
DELJUL26-02672,Lajpat Nagar,Economy,Standard,2026-07-23,2026-07-28,5,1,3451,Confirmed,Booking.com,Business,0.521,17257
DELJUL26-02673,Lajpat Nagar,Upscale,Standard,2026-07-01,2026-07-06,5,1,6526,Cancelled,Direct,Family,0.89,0
DELJUL26-02674,Connaught Place,Budget,Deluxe,2026-07-03,2026-07-06,3,3,2917,Completed,Direct,Business,0.453,26252
DELJUL26-02675,Rohini,Budget,Standard,2026-07-01,2026-07-04,3,1,1041,Confirmed,Booking.com,Family,0.414,3123
DELJUL26-02676,Dwarka,Midscale,Standard,2026-07-17,2026-07-20,3,1,2622,Completed,Walk-in,Business,0.599,7867
DELJUL26-02677,Rohini,Budget,Deluxe,2026-07-11,2026-07-14,3,2,1138,Cancelled,Goibibo,Family,0.761,0
DELJUL26-02678,Lajpat Nagar,Midscale,Standard,2026-07-02,2026-07-07,5,1,2168,Confirmed,Booking.com,Family,0.382,10840
DELJUL26-02679,Dwarka,Economy,Standard,2026-07-25,2026-07-27,2,3,2837,Confirmed,Agoda,Couple,0.538,17020
DELJUL26-02680,Paharganj,Midscale,Standard,2026-07-17,2026-07-19,2,3,2534,Confirmed,Goibibo,Group,0.82,15203
DELJUL26-02681,Connaught Place,Upscale,Deluxe,2026-07-01,2026-07-06,5,3,11703,Cancelled,Booking.com,Family,0.746,0
DELJUL26-02682,Connaught Place,Midscale,Premium,2026-07-22,2026-07-27,5,3,7637,Confirmed,Booking.com,Business,0.401,114554
DELJUL26-02683,Paharganj,Budget,Standard,2026-07-29,2026-08-01,3,3,961,Confirmed,Booking.com,Leisure,0.471,8651
DELJUL26-02684,Lajpat Nagar,Budget,Deluxe,2026-07-13,2026-07-15,2,2,2562,Confirmed,Agoda,Couple,0.785,10247
DELJUL26-02685,Dwarka,Budget,Standard,2026-07-30,2026-08-04,5,1,1486,Completed,Agoda,Group,0.42,7429
DELJUL26-02686,Saket,Budget,Deluxe,2026-07-13,2026-07-18,5,1,4260,Completed,Goibibo,Business,0.356,21301
DELJUL26-02687,Karol Bagh,Midscale,Standard,2026-07-03,2026-07-05,2,1,1951,Confirmed,MakeMyTrip,Leisure,0.946,3901
DELJUL26-02688,Dwarka,Economy,Premium,2026-07-04,2026-07-07,3,1,3116,Completed,Goibibo,Leisure,0.718,9348
DELJUL26-02689,South Delhi,Budget,Deluxe,2026-07-03,2026-07-06,3,3,4497,Completed,Walk-in,Business,0.607,40471
DELJUL26-02690,Rohini,Budget,Deluxe,2026-07-10,2026-07-15,5,1,1519,Confirmed,Goibibo,Group,0.708,7596
DELJUL26-02691,Greater Kailash,Luxury,Standard,2026-07-12,2026-07-16,4,1,12267,Confirmed,Goibibo,Couple,0.752,49069
DELJUL26-02692,South Delhi,Budget,Premium,2026-07-14,2026-07-17,3,3,4042,Confirmed,Booking.com,Couple,0.647,36376
DELJUL26-02693,Rohini,Economy,Standard,2026-07-15,2026-07-20,5,2,1471,Confirmed,MakeMyTrip,Business,0.745,14710
DELJUL26-02694,Saket,Economy,Deluxe,2026-07-27,2026-07-31,4,2,4851,Completed,Direct,Group,0.775,38807
DELJUL26-02695,Rohini,Budget,Deluxe,2026-07-01,2026-07-04,3,1,2113,Completed,MakeMyTrip,Family,0.458,6338
DELJUL26-02696,Paharganj,Upscale,Deluxe,2026-07-28,2026-08-02,5,3,5435,Cancelled,Agoda,Family,0.604,0
DELJUL26-02697,Connaught Place,Budget,Premium,2026-07-08,2026-07-11,3,2,4592,Confirmed,Agoda,Group,0.533,27552
DELJUL26-02698,Saket,Midscale,Deluxe,2026-07-30,2026-08-02,3,3,4586,Completed,Walk-in,Couple,0.828,41278
DELJUL26-02699,Connaught Place,Midscale,Deluxe,2026-07-05,2026-07-07,2,3,8411,Confirmed,MakeMyTrip,Business,0.812,50466
DELJUL26-02700,Connaught Place,Upscale,Standard,2026-07-04,2026-07-06,2,2,11131,Confirmed,Agoda,Couple,0.836,44523
DELJUL26-02701,Lajpat Nagar,Midscale,Standard,2026-07-04,2026-07-06,2,3,2877,Confirmed,Agoda,Business,0.612,17265
DELJUL26-02702,Greater Kailash,Upscale,Deluxe,2026-07-10,2026-07-11,1,1,6308,Completed,Agoda,Couple,0.695,6308
DELJUL26-02703,Karol Bagh,Economy,Deluxe,2026-07-30,2026-08-03,4,3,2082,Completed,Agoda,Leisure,0.773,24990
DELJUL26-02704,Lajpat Nagar,Economy,Deluxe,2026-07-15,2026-07-18,3,3,3153,Completed,MakeMyTrip,Leisure,0.543,28376
DELJUL26-02705,Aerocity,Midscale,Deluxe,2026-07-06,2026-07-11,5,1,7341,Completed,MakeMyTrip,Group,0.937,36706
DELJUL26-02706,Karol Bagh,Midscale,Deluxe,2026-07-20,2026-07-24,4,1,2369,Confirmed,Goibibo,Leisure,0.577,9475
DELJUL26-02707,Greater Kailash,Midscale,Standard,2026-07-16,2026-07-17,1,1,4447,Confirmed,MakeMyTrip,Family,0.672,4447
DELJUL26-02708,Paharganj,Budget,Standard,2026-07-22,2026-07-26,4,3,2221,Completed,Agoda,Leisure,0.846,26658
DELJUL26-02709,Greater Kailash,Economy,Premium,2026-07-23,2026-07-24,1,1,3091,Completed,Walk-in,Leisure,0.798,3091
DELJUL26-02710,Lajpat Nagar,Economy,Standard,2026-07-25,2026-07-26,1,2,2193,Cancelled,Direct,Couple,0.651,0
DELJUL26-02711,Aerocity,Budget,Standard,2026-07-05,2026-07-09,4,2,5743,Confirmed,Goibibo,Business,0.595,45940
DELJUL26-02712,Aerocity,Economy,Deluxe,2026-07-16,2026-07-17,1,1,5856,Completed,MakeMyTrip,Couple,0.732,5856
DELJUL26-02713,Rohini,Budget,Standard,2026-07-20,2026-07-23,3,1,2233,Confirmed,Direct,Family,0.611,6700
DELJUL26-02714,Dwarka,Midscale,Standard,2026-07-18,2026-07-23,5,2,5192,Confirmed,Booking.com,Couple,0.705,51922
DELJUL26-02715,Dwarka,Midscale,Deluxe,2026-07-31,2026-08-02,2,3,3183,Confirmed,Agoda,Couple,0.83,19099
DELJUL26-02716,Saket,Midscale,Standard,2026-07-30,2026-08-03,4,2,5661,Confirmed,MakeMyTrip,Leisure,0.423,45285
DELJUL26-02717,Saket,Midscale,Premium,2026-07-26,2026-07-28,2,3,5272,Completed,Direct,Family,0.768,31632
DELJUL26-02718,South Delhi,Budget,Premium,2026-07-08,2026-07-09,1,3,2504,Completed,Agoda,Couple,0.382,7513
DELJUL26-02719,Dwarka,Budget,Deluxe,2026-07-17,2026-07-18,1,3,1440,Confirmed,Booking.com,Business,0.79,4319
DELJUL26-02720,Connaught Place,Midscale,Suite,2026-07-25,2026-07-26,1,2,5299,Confirmed,MakeMyTrip,Leisure,0.475,10598
DELJUL26-02721,South Delhi,Upscale,Standard,2026-07-09,2026-07-10,1,2,5577,Cancelled,Booking.com,Family,0.646,0
DELJUL26-02722,South Delhi,Midscale,Standard,2026-07-23,2026-07-24,1,1,7397,Confirmed,Agoda,Group,0.51,7397
DELJUL26-02723,Connaught Place,Midscale,Deluxe,2026-07-08,2026-07-13,5,1,5420,Confirmed,Walk-in,Business,0.543,27101
DELJUL26-02724,Paharganj,Midscale,Deluxe,2026-07-05,2026-07-10,5,2,1827,Confirmed,Walk-in,Business,0.727,18271
DELJUL26-02725,Greater Kailash,Midscale,Standard,2026-07-08,2026-07-10,2,2,6483,Completed,Direct,Leisure,0.609,25933
DELJUL26-02726,South Delhi,Midscale,Standard,2026-07-29,2026-08-02,4,2,6076,Completed,Walk-in,Couple,0.643,48605
DELJUL26-02727,Connaught Place,Midscale,Standard,2026-07-31,2026-08-02,2,2,5093,Confirmed,Goibibo,Business,0.949,20370
DELJUL26-02728,Aerocity,Budget,Standard,2026-07-27,2026-07-31,4,3,4149,Completed,Agoda,Leisure,0.423,49786
DELJUL26-02729,Dwarka,Budget,Standard,2026-07-09,2026-07-11,2,2,1360,Completed,Direct,Leisure,0.581,5438
DELJUL26-02730,Saket,Economy,Premium,2026-07-25,2026-07-29,4,3,3795,Confirmed,Walk-in,Business,0.668,45545
DELJUL26-02731,Rohini,Midscale,Premium,2026-07-07,2026-07-09,2,3,3726,Completed,Booking.com,Business,0.838,22357
DELJUL26-02732,Dwarka,Upscale,Deluxe,2026-07-04,2026-07-09,5,2,7448,Cancelled,MakeMyTrip,Family,0.519,0
DELJUL26-02733,Rohini,Economy,Standard,2026-07-09,2026-07-14,5,1,1874,Cancelled,Walk-in,Family,0.586,0
DELJUL26-02734,Karol Bagh,Economy,Standard,2026-07-05,2026-07-07,2,3,2505,Cancelled,Agoda,Family,0.843,0
DELJUL26-02735,Saket,Upscale,Standard,2026-07-20,2026-07-21,1,2,8216,Confirmed,Goibibo,Business,0.668,16431
DELJUL26-02736,Connaught Place,Budget,Deluxe,2026-07-22,2026-07-24,2,2,5300,Completed,Agoda,Leisure,0.864,21200
DELJUL26-02737,Dwarka,Upscale,Deluxe,2026-07-02,2026-07-04,2,2,3911,Completed,MakeMyTrip,Couple,0.389,15645
DELJUL26-02738,Connaught Place,Budget,Standard,2026-07-04,2026-07-07,3,1,2965,Confirmed,Walk-in,Family,0.522,8896
DELJUL26-02739,Saket,Economy,Premium,2026-07-15,2026-07-18,3,2,4564,Completed,Direct,Leisure,0.685,27383
DELJUL26-02740,Paharganj,Economy,Premium,2026-07-04,2026-07-09,5,1,1994,Completed,Goibibo,Leisure,0.423,9970
DELJUL26-02741,Connaught Place,Economy,Standard,2026-07-26,2026-07-27,1,3,4177,Completed,Direct,Group,0.639,12532
DELJUL26-02742,Aerocity,Budget,Premium,2026-07-13,2026-07-16,3,3,5253,Completed,MakeMyTrip,Group,0.361,47275
DELJUL26-02743,Dwarka,Budget,Standard,2026-07-13,2026-07-14,1,2,1504,Confirmed,Goibibo,Leisure,0.653,3008
DELJUL26-02744,Rohini,Economy,Premium,2026-07-01,2026-07-04,3,2,2026,Confirmed,Walk-in,Family,0.902,12158
DELJUL26-02745,Connaught Place,Economy,Deluxe,2026-07-22,2026-07-26,4,3,6282,Confirmed,Walk-in,Family,0.919,75385
DELJUL26-02746,Saket,Upscale,Standard,2026-07-23,2026-07-28,5,3,10402,Completed,Agoda,Family,0.541,156027
DELJUL26-02747,Karol Bagh,Budget,Standard,2026-07-24,2026-07-27,3,1,2179,Completed,Walk-in,Group,0.352,6537
DELJUL26-02748,Lajpat Nagar,Economy,Deluxe,2026-07-17,2026-07-18,1,2,2185,Completed,Direct,Family,0.897,4369
DELJUL26-02749,Saket,Budget,Premium,2026-07-09,2026-07-14,5,1,2262,Confirmed,Goibibo,Business,0.69,11311
DELJUL26-02750,Rohini,Luxury,Premium,2026-07-03,2026-07-06,3,1,6394,Completed,Goibibo,Couple,0.698,19182
DELJUL26-02751,Karol Bagh,Upscale,Standard,2026-07-10,2026-07-13,3,1,5146,Completed,Direct,Group,0.839,15439
DELJUL26-02752,Aerocity,Luxury,Premium,2026-07-17,2026-07-21,4,2,13213,Completed,Goibibo,Leisure,0.586,105708
DELJUL26-02753,Dwarka,Upscale,Standard,2026-07-04,2026-07-06,2,3,4457,Completed,Direct,Group,0.602,26744
DELJUL26-02754,South Delhi,Economy,Standard,2026-07-02,2026-07-07,5,2,5825,Confirmed,Goibibo,Couple,0.861,58250
DELJUL26-02755,Rohini,Midscale,Standard,2026-07-07,2026-07-08,1,1,3102,Confirmed,Booking.com,Group,0.645,3102
DELJUL26-02756,Lajpat Nagar,Economy,Premium,2026-07-03,2026-07-04,1,2,3351,Confirmed,Walk-in,Group,0.791,6701
DELJUL26-02757,Lajpat Nagar,Upscale,Deluxe,2026-07-01,2026-07-06,5,3,6182,Confirmed,Booking.com,Leisure,0.893,92731
DELJUL26-02758,South Delhi,Economy,Standard,2026-07-16,2026-07-19,3,3,4298,Confirmed,Goibibo,Family,0.586,38681
DELJUL26-02759,Paharganj,Economy,Deluxe,2026-07-24,2026-07-29,5,1,1731,Completed,Goibibo,Leisure,0.883,8656
DELJUL26-02760,Saket,Upscale,Premium,2026-07-16,2026-07-21,5,2,5437,Confirmed,Walk-in,Leisure,0.546,54365
DELJUL26-02761,Connaught Place,Upscale,Standard,2026-07-03,2026-07-08,5,2,11099,Confirmed,MakeMyTrip,Group,0.908,110991
DELJUL26-02762,Saket,Luxury,Standard,2026-07-11,2026-07-15,4,2,14552,Confirmed,MakeMyTrip,Business,0.533,116413
DELJUL26-02763,Paharganj,Budget,Standard,2026-07-02,2026-07-06,4,2,1063,Completed,Agoda,Leisure,0.491,8505
DELJUL26-02764,Aerocity,Budget,Standard,2026-07-20,2026-07-24,4,3,6287,Completed,Direct,Group,0.782,75442
DELJUL26-02765,Karol Bagh,Economy,Standard,2026-07-08,2026-07-12,4,3,2184,Confirmed,Goibibo,Family,0.903,26209
DELJUL26-02766,Dwarka,Economy,Deluxe,2026-07-13,2026-07-15,2,1,1508,Completed,MakeMyTrip,Leisure,0.811,3015
DELJUL26-02767,Paharganj,Economy,Standard,2026-07-28,2026-08-02,5,3,1670,Completed,Walk-in,Business,0.794,25057
DELJUL26-02768,Rohini,Economy,Premium,2026-07-19,2026-07-20,1,3,2459,Completed,Goibibo,Leisure,0.934,7378
DELJUL26-02769,Saket,Upscale,Suite,2026-07-24,2026-07-27,3,1,9366,Completed,Agoda,Couple,0.684,28097
DELJUL26-02770,Rohini,Budget,Standard,2026-07-11,2026-07-13,2,1,1395,Completed,Agoda,Group,0.883,2790
DELJUL26-02771,South Delhi,Midscale,Standard,2026-07-29,2026-08-02,4,2,8756,Completed,Direct,Business,0.372,70046
DELJUL26-02772,Aerocity,Upscale,Standard,2026-07-23,2026-07-25,2,2,17784,Confirmed,Goibibo,Group,0.429,71137
DELJUL26-02773,Karol Bagh,Midscale,Deluxe,2026-07-16,2026-07-18,2,1,3925,Completed,Agoda,Business,0.513,7849
DELJUL26-02774,Greater Kailash,Economy,Standard,2026-07-18,2026-07-23,5,2,6558,Confirmed,MakeMyTrip,Family,0.918,65575
DELJUL26-02775,Dwarka,Budget,Deluxe,2026-07-20,2026-07-23,3,1,1907,Confirmed,Booking.com,Business,0.468,5720
DELJUL26-02776,Paharganj,Budget,Deluxe,2026-07-05,2026-07-09,4,1,2001,Completed,MakeMyTrip,Leisure,0.58,8004
DELJUL26-02777,Dwarka,Midscale,Deluxe,2026-07-08,2026-07-13,5,2,3559,Completed,Direct,Leisure,0.371,35592
DELJUL26-02778,Rohini,Economy,Deluxe,2026-07-22,2026-07-27,5,2,2761,Completed,Walk-in,Family,0.397,27615
DELJUL26-02779,Paharganj,Budget,Premium,2026-07-14,2026-07-16,2,2,1215,Completed,Direct,Leisure,0.7,4860
DELJUL26-02780,Aerocity,Luxury,Premium,2026-07-25,2026-07-26,1,2,26033,Completed,Direct,Group,0.409,52065
DELJUL26-02781,Paharganj,Midscale,Deluxe,2026-07-17,2026-07-22,5,2,4050,Cancelled,Direct,Group,0.89,0
DELJUL26-02782,Rohini,Upscale,Standard,2026-07-03,2026-07-05,2,2,2953,Completed,Booking.com,Business,0.881,11813
DELJUL26-02783,Greater Kailash,Economy,Deluxe,2026-07-21,2026-07-25,4,3,7597,Confirmed,Booking.com,Business,0.723,91159
DELJUL26-02784,Lajpat Nagar,Luxury,Premium,2026-07-19,2026-07-23,4,2,7957,Confirmed,Goibibo,Leisure,0.588,63658
DELJUL26-02785,Rohini,Budget,Deluxe,2026-07-12,2026-07-15,3,1,1125,Confirmed,Direct,Family,0.883,3376
DELJUL26-02786,Connaught Place,Budget,Deluxe,2026-07-25,2026-07-26,1,1,2588,Completed,Agoda,Group,0.643,2588
DELJUL26-02787,Karol Bagh,Upscale,Standard,2026-07-11,2026-07-14,3,2,6714,Completed,MakeMyTrip,Business,0.464,40287
DELJUL26-02788,Aerocity,Upscale,Deluxe,2026-07-04,2026-07-05,1,1,12504,Completed,MakeMyTrip,Couple,0.557,12504
DELJUL26-02789,Aerocity,Economy,Premium,2026-07-04,2026-07-06,2,2,7183,Confirmed,Goibibo,Business,0.568,28734
DELJUL26-02790,Lajpat Nagar,Budget,Premium,2026-07-28,2026-07-30,2,3,2311,Completed,Direct,Family,0.698,13868
DELJUL26-02791,Rohini,Economy,Standard,2026-07-12,2026-07-15,3,1,2025,Completed,Goibibo,Family,0.591,6076
DELJUL26-02792,Connaught Place,Upscale,Standard,2026-07-13,2026-07-14,1,2,8784,Completed,Goibibo,Group,0.841,17567
DELJUL26-02793,Greater Kailash,Upscale,Standard,2026-07-10,2026-07-15,5,1,11981,Confirmed,Agoda,Family,0.726,59904
DELJUL26-02794,Dwarka,Economy,Standard,2026-07-23,2026-07-24,1,2,3165,Completed,Direct,Couple,0.501,6329
DELJUL26-02795,Aerocity,Budget,Deluxe,2026-07-19,2026-07-24,5,2,7131,Completed,Direct,Group,0.591,71306
DELJUL26-02796,Rohini,Midscale,Standard,2026-07-28,2026-07-30,2,1,2795,Cancelled,Direct,Group,0.784,0
DELJUL26-02797,Lajpat Nagar,Midscale,Deluxe,2026-07-28,2026-07-31,3,2,4833,Confirmed,Walk-in,Group,0.495,28996
DELJUL26-02798,Dwarka,Economy,Deluxe,2026-07-31,2026-08-05,5,1,1993,Confirmed,MakeMyTrip,Leisure,0.405,9967
DELJUL26-02799,Greater Kailash,Midscale,Deluxe,2026-07-11,2026-07-15,4,3,4640,Confirmed,Booking.com,Leisure,0.777,55679
DELJUL26-02800,Paharganj,Luxury,Deluxe,2026-07-19,2026-07-20,1,3,4127,Cancelled,Direct,Family,0.594,0
DELJUL26-02801,Greater Kailash,Budget,Premium,2026-07-11,2026-07-15,4,1,3302,Completed,Booking.com,Business,0.425,13209
DELJUL26-02802,Saket,Midscale,Standard,2026-07-22,2026-07-25,3,3,5977,Completed,MakeMyTrip,Couple,0.638,53797
DELJUL26-02803,Rohini,Midscale,Standard,2026-07-24,2026-07-29,5,1,3713,Completed,Walk-in,Family,0.686,18564
DELJUL26-02804,Aerocity,Midscale,Deluxe,2026-07-08,2026-07-11,3,2,8328,Confirmed,Agoda,Family,0.365,49968
DELJUL26-02805,Connaught Place,Upscale,Standard,2026-07-27,2026-08-01,5,3,5667,Confirmed,Walk-in,Leisure,0.825,85012
DELJUL26-02806,Rohini,Midscale,Standard,2026-07-09,2026-07-12,3,2,3356,Completed,Direct,Business,0.645,20135
DELJUL26-02807,Karol Bagh,Midscale,Premium,2026-07-31,2026-08-01,1,2,4845,Completed,Goibibo,Family,0.365,9689
DELJUL26-02808,Paharganj,Budget,Deluxe,2026-07-27,2026-07-30,3,2,1361,Completed,MakeMyTrip,Couple,0.867,8165
DELJUL26-02809,Greater Kailash,Midscale,Standard,2026-07-01,2026-07-06,5,1,5124,Completed,Booking.com,Leisure,0.701,25619
DELJUL26-02810,Connaught Place,Budget,Deluxe,2026-07-13,2026-07-14,1,3,3261,Completed,MakeMyTrip,Couple,0.928,9783
DELJUL26-02811,Dwarka,Budget,Standard,2026-07-13,2026-07-15,2,3,1968,Completed,Goibibo,Family,0.519,11809
DELJUL26-02812,Karol Bagh,Economy,Standard,2026-07-26,2026-07-27,1,3,2416,Completed,Direct,Business,0.598,7249
DELJUL26-02813,Connaught Place,Midscale,Standard,2026-07-23,2026-07-28,5,1,6481,Confirmed,Walk-in,Group,0.748,32403
DELJUL26-02814,Rohini,Luxury,Standard,2026-07-02,2026-07-05,3,1,6863,Confirmed,Agoda,Family,0.898,20588
DELJUL26-02815,Connaught Place,Midscale,Standard,2026-07-27,2026-07-31,4,3,6572,Completed,Walk-in,Business,0.825,78869
DELJUL26-02816,Aerocity,Upscale,Deluxe,2026-07-07,2026-07-12,5,3,12822,Confirmed,Direct,Couple,0.736,192325
DELJUL26-02817,South Delhi,Economy,Standard,2026-07-12,2026-07-17,5,2,3387,Confirmed,Direct,Leisure,0.827,33870
DELJUL26-02818,Lajpat Nagar,Midscale,Standard,2026-07-06,2026-07-09,3,1,4561,Confirmed,Walk-in,Couple,0.407,13683
DELJUL26-02819,Connaught Place,Luxury,Standard,2026-07-05,2026-07-10,5,2,14096,Completed,Walk-in,Couple,0.785,140964
DELJUL26-02820,Greater Kailash,Economy,Standard,2026-07-17,2026-07-20,3,1,3717,Confirmed,Goibibo,Family,0.697,11150
DELJUL26-02821,Dwarka,Upscale,Deluxe,2026-07-03,2026-07-08,5,1,3544,Completed,Booking.com,Business,0.515,17722
DELJUL26-02822,Lajpat Nagar,Midscale,Standard,2026-07-03,2026-07-08,5,1,4545,Completed,Booking.com,Business,0.493,22725
DELJUL26-02823,Connaught Place,Budget,Deluxe,2026-07-25,2026-07-27,2,3,5274,Completed,Agoda,Business,0.523,31646
DELJUL26-02824,Rohini,Midscale,Standard,2026-07-11,2026-07-15,4,1,1650,Confirmed,Walk-in,Leisure,0.424,6601
DELJUL26-02825,South Delhi,Budget,Standard,2026-07-21,2026-07-25,4,2,2977,Completed,Agoda,Group,0.514,23813
DELJUL26-02826,Lajpat Nagar,Budget,Deluxe,2026-07-31,2026-08-04,4,1,1527,Completed,MakeMyTrip,Group,0.393,6107
DELJUL26-02827,Paharganj,Budget,Deluxe,2026-07-02,2026-07-03,1,3,1500,Confirmed,Agoda,Family,0.754,4501
DELJUL26-02828,Rohini,Budget,Deluxe,2026-07-25,2026-07-28,3,1,1853,Completed,Booking.com,Group,0.657,5558
DELJUL26-02829,South Delhi,Economy,Standard,2026-07-04,2026-07-05,1,3,4917,Confirmed,Direct,Couple,0.427,14752
DELJUL26-02830,Connaught Place,Upscale,Standard,2026-07-24,2026-07-29,5,1,8453,Completed,MakeMyTrip,Couple,0.768,42264
DELJUL26-02831,Rohini,Economy,Deluxe,2026-07-10,2026-07-15,5,3,2882,Completed,MakeMyTrip,Couple,0.457,43237
DELJUL26-02832,Greater Kailash,Upscale,Suite,2026-07-05,2026-07-08,3,1,10983,Cancelled,Goibibo,Family,0.647,0
DELJUL26-02833,Paharganj,Midscale,Standard,2026-07-08,2026-07-09,1,1,1824,Completed,Agoda,Family,0.902,1824
DELJUL26-02834,Dwarka,Budget,Deluxe,2026-07-12,2026-07-16,4,1,1504,Confirmed,Agoda,Leisure,0.807,6018
DELJUL26-02835,Paharganj,Budget,Standard,2026-07-23,2026-07-26,3,3,1207,Completed,Booking.com,Couple,0.7,10866
DELJUL26-02836,Dwarka,Luxury,Premium,2026-07-22,2026-07-26,4,2,7737,Completed,Goibibo,Family,0.701,61899
DELJUL26-02837,Rohini,Midscale,Standard,2026-07-23,2026-07-24,1,2,3448,Confirmed,Direct,Business,0.389,6897
DELJUL26-02838,Lajpat Nagar,Upscale,Standard,2026-07-01,2026-07-04,3,3,5534,Completed,Walk-in,Family,0.606,49808
DELJUL26-02839,Karol Bagh,Economy,Standard,2026-07-31,2026-08-02,2,1,3798,Completed,MakeMyTrip,Group,0.534,7597
DELJUL26-02840,Rohini,Midscale,Deluxe,2026-07-14,2026-07-19,5,2,2463,Confirmed,Walk-in,Family,0.635,24627
DELJUL26-02841,Saket,Upscale,Deluxe,2026-07-04,2026-07-06,2,1,6406,Completed,Walk-in,Family,0.921,12811
DELJUL26-02842,Greater Kailash,Luxury,Deluxe,2026-07-29,2026-08-03,5,1,9634,Confirmed,Booking.com,Business,0.822,48171
DELJUL26-02843,Greater Kailash,Budget,Deluxe,2026-07-25,2026-07-30,5,3,4653,Confirmed,Direct,Group,0.716,69795
DELJUL26-02844,Saket,Luxury,Standard,2026-07-03,2026-07-06,3,2,11537,Confirmed,Walk-in,Leisure,0.773,69224
DELJUL26-02845,Saket,Economy,Standard,2026-07-14,2026-07-15,1,3,3762,Cancelled,MakeMyTrip,Group,0.788,0
DELJUL26-02846,Saket,Upscale,Premium,2026-07-29,2026-07-31,2,2,5909,Confirmed,Direct,Group,0.624,23637
DELJUL26-02847,Lajpat Nagar,Midscale,Standard,2026-07-22,2026-07-23,1,3,4564,Confirmed,Goibibo,Leisure,0.87,13692
DELJUL26-02848,Paharganj,Midscale,Standard,2026-07-07,2026-07-11,4,1,3174,Completed,Walk-in,Family,0.72,12698
DELJUL26-02849,Karol Bagh,Economy,Standard,2026-07-22,2026-07-26,4,2,3013,Cancelled,Goibibo,Family,0.793,0
DELJUL26-02850,Paharganj,Upscale,Standard,2026-07-06,2026-07-08,2,2,2583,Completed,Booking.com,Group,0.357,10331
DELJUL26-02851,Connaught Place,Economy,Standard,2026-07-11,2026-07-15,4,3,7033,Confirmed,MakeMyTrip,Business,0.673,84393
DELJUL26-02852,Paharganj,Economy,Deluxe,2026-07-07,2026-07-10,3,2,2501,Confirmed,Booking.com,Couple,0.569,15003
DELJUL26-02853,Connaught Place,Midscale,Deluxe,2026-07-22,2026-07-27,5,3,9813,Completed,Goibibo,Leisure,0.383,147198
DELJUL26-02854,Aerocity,Midscale,Standard,2026-07-29,2026-07-30,1,2,11677,Confirmed,MakeMyTrip,Group,0.738,23354
DELJUL26-02855,Greater Kailash,Economy,Standard,2026-07-02,2026-07-03,1,2,5617,Confirmed,MakeMyTrip,Couple,0.907,11234
DELJUL26-02856,Aerocity,Midscale,Premium,2026-07-19,2026-07-24,5,3,12196,Completed,Booking.com,Business,0.79,182939
DELJUL26-02857,Dwarka,Economy,Deluxe,2026-07-08,2026-07-10,2,2,2546,Confirmed,Direct,Leisure,0.398,10186
DELJUL26-02858,Greater Kailash,Midscale,Premium,2026-07-24,2026-07-29,5,2,5733,Confirmed,Agoda,Leisure,0.384,57328
DELJUL26-02859,Greater Kailash,Midscale,Standard,2026-07-05,2026-07-10,5,1,6114,Completed,Agoda,Group,0.557,30572
DELJUL26-02860,Saket,Midscale,Premium,2026-07-12,2026-07-13,1,1,7117,Confirmed,Direct,Couple,0.493,7117
DELJUL26-02861,Connaught Place,Upscale,Premium,2026-07-07,2026-07-10,3,2,12930,Completed,Booking.com,Business,0.367,77580
DELJUL26-02862,Rohini,Midscale,Standard,2026-07-28,2026-08-01,4,1,1957,Confirmed,MakeMyTrip,Family,0.374,7826
DELJUL26-02863,Lajpat Nagar,Budget,Deluxe,2026-07-03,2026-07-04,1,2,1691,Confirmed,Goibibo,Family,0.557,3383
DELJUL26-02864,South Delhi,Midscale,Standard,2026-07-19,2026-07-24,5,3,9982,Confirmed,Walk-in,Leisure,0.43,149727
DELJUL26-02865,Aerocity,Budget,Deluxe,2026-07-04,2026-07-05,1,3,7140,Confirmed,Agoda,Family,0.467,21420
DELJUL26-02866,Aerocity,Budget,Premium,2026-07-19,2026-07-20,1,3,7824,Completed,Goibibo,Couple,0.872,23473
DELJUL26-02867,Paharganj,Upscale,Standard,2026-07-24,2026-07-27,3,1,3748,Completed,Agoda,Couple,0.946,11243
DELJUL26-02868,Connaught Place,Economy,Standard,2026-07-24,2026-07-26,2,2,7342,Completed,Goibibo,Leisure,0.833,29368
DELJUL26-02869,Lajpat Nagar,Economy,Standard,2026-07-02,2026-07-06,4,1,3511,Confirmed,Walk-in,Group,0.49,14044
DELJUL26-02870,Karol Bagh,Luxury,Deluxe,2026-07-24,2026-07-26,2,3,5794,Completed,Walk-in,Leisure,0.456,34766
DELJUL26-02871,Karol Bagh,Budget,Deluxe,2026-07-10,2026-07-12,2,1,1595,Completed,MakeMyTrip,Group,0.697,3191
DELJUL26-02872,Rohini,Budget,Standard,2026-07-22,2026-07-27,5,2,1902,Confirmed,Direct,Group,0.82,19024
DELJUL26-02873,Lajpat Nagar,Budget,Suite,2026-07-30,2026-07-31,1,2,1614,Confirmed,Walk-in,Couple,0.744,3227
DELJUL26-02874,Karol Bagh,Budget,Standard,2026-07-04,2026-07-07,3,1,2019,Confirmed,Booking.com,Family,0.832,6058
DELJUL26-02875,Paharganj,Midscale,Standard,2026-07-12,2026-07-13,1,1,3248,Confirmed,Booking.com,Leisure,0.642,3248
DELJUL26-02876,Dwarka,Upscale,Standard,2026-07-27,2026-07-28,1,3,5439,Cancelled,Direct,Business,0.943,0
DELJUL26-02877,South Delhi,Midscale,Premium,2026-07-05,2026-07-07,2,2,6141,Confirmed,Agoda,Family,0.822,24564
DELJUL26-02878,Rohini,Economy,Deluxe,2026-07-09,2026-07-11,2,1,2187,Completed,Booking.com,Leisure,0.381,4375
DELJUL26-02879,Lajpat Nagar,Midscale,Deluxe,2026-07-18,2026-07-21,3,1,3011,Confirmed,Walk-in,Couple,0.568,9032
DELJUL26-02880,Rohini,Budget,Premium,2026-07-31,2026-08-03,3,2,2213,Confirmed,Booking.com,Group,0.686,13277
DELJUL26-02881,Aerocity,Midscale,Standard,2026-07-10,2026-07-11,1,2,7751,Completed,Direct,Couple,0.485,15502
DELJUL26-02882,Karol Bagh,Midscale,Standard,2026-07-12,2026-07-13,1,2,3871,Cancelled,Goibibo,Group,0.592,0
DELJUL26-02883,Dwarka,Budget,Deluxe,2026-07-25,2026-07-26,1,1,2802,Confirmed,Booking.com,Family,0.728,2802
DELJUL26-02884,Aerocity,Upscale,Standard,2026-07-04,2026-07-08,4,1,12069,Confirmed,Booking.com,Business,0.681,48278
DELJUL26-02885,Paharganj,Upscale,Deluxe,2026-07-11,2026-07-16,5,1,2528,Completed,Direct,Leisure,0.867,12639
DELJUL26-02886,Connaught Place,Economy,Standard,2026-07-10,2026-07-11,1,1,7346,Cancelled,Goibibo,Family,0.508,0
DELJUL26-02887,Rohini,Midscale,Standard,2026-07-13,2026-07-14,1,2,1824,Completed,Booking.com,Leisure,0.903,3648
DELJUL26-02888,Aerocity,Midscale,Standard,2026-07-18,2026-07-22,4,2,7449,Completed,Agoda,Couple,0.543,59588
DELJUL26-02889,Connaught Place,Budget,Standard,2026-07-07,2026-07-11,4,1,4246,Completed,Booking.com,Group,0.902,16982
DELJUL26-02890,Connaught Place,Budget,Suite,2026-07-13,2026-07-17,4,2,5146,Completed,MakeMyTrip,Leisure,0.499,41167
DELJUL26-02891,Connaught Place,Midscale,Standard,2026-07-29,2026-07-30,1,3,8078,Completed,MakeMyTrip,Family,0.655,24235
DELJUL26-02892,Dwarka,Luxury,Premium,2026-07-26,2026-07-31,5,1,6233,Completed,Goibibo,Family,0.909,31167
DELJUL26-02893,Paharganj,Midscale,Standard,2026-07-30,2026-08-03,4,2,4151,Confirmed,Agoda,Business,0.516,33207
DELJUL26-02894,Rohini,Midscale,Premium,2026-07-22,2026-07-23,1,1,2866,Cancelled,Direct,Business,0.859,0
DELJUL26-02895,Karol Bagh,Midscale,Deluxe,2026-07-19,2026-07-20,1,2,3123,Confirmed,Booking.com,Couple,0.651,6245
DELJUL26-02896,Dwarka,Economy,Standard,2026-07-07,2026-07-11,4,2,2906,Cancelled,Agoda,Business,0.602,0
DELJUL26-02897,South Delhi,Budget,Standard,2026-07-05,2026-07-09,4,1,3449,Confirmed,Walk-in,Leisure,0.748,13796
DELJUL26-02898,South Delhi,Economy,Standard,2026-07-17,2026-07-21,4,3,4038,Completed,MakeMyTrip,Couple,0.469,48452
DELJUL26-02899,Greater Kailash,Upscale,Premium,2026-07-13,2026-07-16,3,1,11432,Confirmed,Direct,Leisure,0.745,34296
DELJUL26-02900,Karol Bagh,Upscale,Standard,2026-07-25,2026-07-28,3,3,2907,Cancelled,Walk-in,Business,0.456,0
DELJUL26-02901,Dwarka,Upscale,Standard,2026-07-01,2026-07-05,4,2,5375,Confirmed,Goibibo,Leisure,0.777,42999
DELJUL26-02902,Lajpat Nagar,Budget,Deluxe,2026-07-28,2026-07-29,1,3,1649,Completed,Goibibo,Family,0.716,4946
DELJUL26-02903,Lajpat Nagar,Midscale,Deluxe,2026-07-06,2026-07-08,2,3,3285,Confirmed,MakeMyTrip,Business,0.434,19712
DELJUL26-02904,South Delhi,Midscale,Standard,2026-07-13,2026-07-14,1,2,5076,Completed,Agoda,Business,0.41,10151
DELJUL26-02905,South Delhi,Budget,Standard,2026-07-12,2026-07-17,5,3,3939,Completed,Booking.com,Business,0.714,59080
DELJUL26-02906,Lajpat Nagar,Budget,Deluxe,2026-07-29,2026-08-02,4,2,2884,Confirmed,MakeMyTrip,Family,0.423,23068
DELJUL26-02907,South Delhi,Upscale,Standard,2026-07-23,2026-07-27,4,2,7409,Completed,Agoda,Couple,0.725,59271
DELJUL26-02908,Rohini,Midscale,Deluxe,2026-07-02,2026-07-05,3,1,1946,Completed,MakeMyTrip,Group,0.949,5838
DELJUL26-02909,Connaught Place,Midscale,Standard,2026-07-27,2026-08-01,5,2,5719,Completed,Walk-in,Couple,0.424,57190
DELJUL26-02910,Paharganj,Economy,Suite,2026-07-21,2026-07-26,5,1,2279,Completed,MakeMyTrip,Family,0.634,11396
DELJUL26-02911,Connaught Place,Midscale,Deluxe,2026-07-03,2026-07-07,4,2,7075,Confirmed,Goibibo,Family,0.905,56599
DELJUL26-02912,Aerocity,Budget,Deluxe,2026-07-25,2026-07-30,5,1,6824,Completed,Goibibo,Family,0.912,34122
DELJUL26-02913,Saket,Budget,Premium,2026-07-02,2026-07-06,4,2,3088,Completed,Agoda,Leisure,0.368,24702
DELJUL26-02914,Karol Bagh,Midscale,Suite,2026-07-14,2026-07-18,4,3,2931,Completed,Goibibo,Family,0.835,35178
DELJUL26-02915,Saket,Economy,Deluxe,2026-07-06,2026-07-08,2,2,4939,Completed,MakeMyTrip,Couple,0.493,19758
DELJUL26-02916,Saket,Luxury,Deluxe,2026-07-01,2026-07-06,5,2,10426,Completed,Agoda,Group,0.798,104257
DELJUL26-02917,South Delhi,Economy,Premium,2026-07-18,2026-07-19,1,3,3063,Cancelled,Agoda,Leisure,0.563,0
DELJUL26-02918,Rohini,Budget,Standard,2026-07-22,2026-07-26,4,1,2364,Cancelled,Direct,Couple,0.485,0
DELJUL26-02919,Lajpat Nagar,Budget,Deluxe,2026-07-15,2026-07-19,4,3,1536,Confirmed,Goibibo,Leisure,0.632,18438
DELJUL26-02920,Paharganj,Midscale,Deluxe,2026-07-11,2026-07-12,1,2,2028,Completed,Walk-in,Leisure,0.456,4055
DELJUL26-02921,Paharganj,Budget,Deluxe,2026-07-16,2026-07-20,4,2,1410,Confirmed,Goibibo,Leisure,0.605,11282
DELJUL26-02922,Greater Kailash,Budget,Premium,2026-07-05,2026-07-06,1,1,3227,Completed,Walk-in,Leisure,0.587,3227
DELJUL26-02923,Connaught Place,Economy,Deluxe,2026-07-02,2026-07-05,3,2,7297,Cancelled,MakeMyTrip,Leisure,0.928,0
DELJUL26-02924,Dwarka,Economy,Deluxe,2026-07-05,2026-07-10,5,2,1422,Confirmed,Booking.com,Family,0.675,14216
DELJUL26-02925,Saket,Midscale,Premium,2026-07-02,2026-07-03,1,2,8184,Confirmed,MakeMyTrip,Group,0.768,16368
DELJUL26-02926,Connaught Place,Economy,Deluxe,2026-07-24,2026-07-26,2,3,6316,Confirmed,Direct,Couple,0.455,37896
DELJUL26-02927,South Delhi,Budget,Standard,2026-07-19,2026-07-22,3,2,5655,Completed,Direct,Couple,0.948,33930
DELJUL26-02928,Paharganj,Upscale,Standard,2026-07-06,2026-07-11,5,3,4893,Confirmed,Goibibo,Leisure,0.649,73394
DELJUL26-02929,Connaught Place,Economy,Deluxe,2026-07-18,2026-07-20,2,1,6799,Confirmed,Direct,Group,0.395,13598
DELJUL26-02930,South Delhi,Midscale,Standard,2026-07-16,2026-07-17,1,3,7940,Confirmed,Direct,Family,0.716,23820
DELJUL26-02931,Connaught Place,Budget,Deluxe,2026-07-04,2026-07-05,1,2,4080,Confirmed,MakeMyTrip,Leisure,0.541,8160
DELJUL26-02932,South Delhi,Midscale,Premium,2026-07-31,2026-08-01,1,3,6752,Confirmed,Booking.com,Couple,0.526,20255
DELJUL26-02933,Connaught Place,Economy,Standard,2026-07-30,2026-08-04,5,2,7431,Confirmed,Booking.com,Couple,0.54,74307
DELJUL26-02934,Saket,Economy,Premium,2026-07-24,2026-07-28,4,1,4610,Completed,Goibibo,Family,0.62,18442
DELJUL26-02935,Lajpat Nagar,Economy,Deluxe,2026-07-26,2026-07-29,3,2,3224,Completed,Booking.com,Couple,0.522,19346
DELJUL26-02936,Karol Bagh,Luxury,Suite,2026-07-17,2026-07-22,5,2,4740,Completed,Goibibo,Couple,0.817,47397
DELJUL26-02937,Greater Kailash,Budget,Standard,2026-07-25,2026-07-30,5,2,4281,Confirmed,MakeMyTrip,Family,0.457,42806
DELJUL26-02938,Greater Kailash,Upscale,Standard,2026-07-17,2026-07-22,5,3,6788,Confirmed,Booking.com,Business,0.435,101824
DELJUL26-02939,Rohini,Upscale,Deluxe,2026-07-06,2026-07-07,1,1,5946,Confirmed,Agoda,Group,0.413,5946
DELJUL26-02940,Connaught Place,Economy,Deluxe,2026-07-06,2026-07-07,1,1,4277,Completed,Walk-in,Couple,0.596,4277
DELJUL26-02941,Greater Kailash,Economy,Premium,2026-07-27,2026-07-31,4,3,3289,Confirmed,Agoda,Family,0.418,39466
DELJUL26-02942,Rohini,Economy,Premium,2026-07-14,2026-07-16,2,3,3046,Confirmed,Booking.com,Couple,0.365,18275
DELJUL26-02943,Greater Kailash,Luxury,Standard,2026-07-23,2026-07-24,1,1,17160,Completed,Goibibo,Business,0.527,17160
DELJUL26-02944,Connaught Place,Midscale,Standard,2026-07-05,2026-07-09,4,3,8649,Confirmed,Direct,Group,0.938,103790
DELJUL26-02945,Lajpat Nagar,Midscale,Deluxe,2026-07-14,2026-07-16,2,2,6038,Cancelled,Direct,Couple,0.357,0
DELJUL26-02946,Connaught Place,Budget,Standard,2026-07-03,2026-07-08,5,2,3281,Completed,Direct,Couple,0.388,32813
DELJUL26-02947,Dwarka,Upscale,Suite,2026-07-07,2026-07-10,3,1,6349,Completed,Agoda,Business,0.7,19046
DELJUL26-02948,Saket,Budget,Deluxe,2026-07-04,2026-07-06,2,1,2875,Confirmed,Walk-in,Business,0.649,5750
DELJUL26-02949,Dwarka,Budget,Premium,2026-07-07,2026-07-12,5,3,2363,Confirmed,Goibibo,Group,0.413,35448
DELJUL26-02950,Dwarka,Economy,Premium,2026-07-19,2026-07-23,4,1,2466,Cancelled,Walk-in,Couple,0.887,0
DELJUL26-02951,Aerocity,Economy,Standard,2026-07-01,2026-07-03,2,1,5012,Confirmed,MakeMyTrip,Leisure,0.755,10025
DELJUL26-02952,Dwarka,Upscale,Standard,2026-07-07,2026-07-08,1,3,5551,Confirmed,Direct,Group,0.647,16653
DELJUL26-02953,Rohini,Upscale,Deluxe,2026-07-22,2026-07-25,3,1,5189,Confirmed,Walk-in,Leisure,0.676,15568
DELJUL26-02954,Saket,Budget,Premium,2026-07-05,2026-07-09,4,3,2127,Confirmed,Agoda,Family,0.828,25526
DELJUL26-02955,Karol Bagh,Economy,Deluxe,2026-07-18,2026-07-23,5,1,3293,Confirmed,Goibibo,Family,0.409,16463
DELJUL26-02956,Rohini,Upscale,Standard,2026-07-27,2026-07-28,1,1,4544,Completed,Direct,Business,0.91,4544
DELJUL26-02957,Aerocity,Midscale,Deluxe,2026-07-25,2026-07-28,3,2,8741,Completed,Walk-in,Family,0.418,52445
DELJUL26-02958,Saket,Budget,Standard,2026-07-04,2026-07-09,5,1,3530,Confirmed,Direct,Leisure,0.625,17652
DELJUL26-02959,Dwarka,Economy,Standard,2026-07-05,2026-07-09,4,2,1993,Completed,Direct,Couple,0.499,15943
DELJUL26-02960,Saket,Midscale,Suite,2026-07-22,2026-07-23,1,1,3783,Completed,Direct,Couple,0.749,3783
DELJUL26-02961,Rohini,Luxury,Standard,2026-07-11,2026-07-16,5,3,6960,Confirmed,Walk-in,Group,0.854,104405
DELJUL26-02962,Saket,Midscale,Standard,2026-07-13,2026-07-17,4,2,4128,Completed,Agoda,Family,0.72,33022
DELJUL26-02963,Rohini,Budget,Standard,2026-07-15,2026-07-18,3,3,1211,Confirmed,Direct,Family,0.484,10901
DELJUL26-02964,Aerocity,Midscale,Premium,2026-07-18,2026-07-22,4,3,9910,Completed,MakeMyTrip,Leisure,0.818,118915
DELJUL26-02965,Greater Kailash,Economy,Standard,2026-07-14,2026-07-18,4,3,3514,Confirmed,Goibibo,Business,0.916,42167
DELJUL26-02966,Dwarka,Upscale,Standard,2026-07-01,2026-07-03,2,2,5421,Confirmed,Goibibo,Family,0.447,21684
DELJUL26-02967,Karol Bagh,Economy,Standard,2026-07-03,2026-07-07,4,1,3702,Completed,Booking.com,Family,0.502,14806
DELJUL26-02968,Karol Bagh,Budget,Deluxe,2026-07-01,2026-07-03,2,2,1232,Completed,Direct,Group,0.668,4928
DELJUL26-02969,Greater Kailash,Economy,Standard,2026-07-09,2026-07-11,2,2,4392,Confirmed,Direct,Business,0.794,17568
DELJUL26-02970,South Delhi,Economy,Premium,2026-07-26,2026-07-29,3,2,3073,Completed,Walk-in,Leisure,0.426,18435
DELJUL26-02971,South Delhi,Budget,Premium,2026-07-31,2026-08-01,1,1,3772,Completed,Goibibo,Group,0.38,3772
DELJUL26-02972,Aerocity,Midscale,Deluxe,2026-07-15,2026-07-19,4,2,7160,Cancelled,Walk-in,Family,0.69,0
DELJUL26-02973,Dwarka,Upscale,Standard,2026-07-01,2026-07-04,3,3,7112,Confirmed,Walk-in,Leisure,0.828,64009
DELJUL26-02974,Rohini,Upscale,Deluxe,2026-07-03,2026-07-07,4,3,3406,Confirmed,Booking.com,Group,0.529,40870
DELJUL26-02975,Aerocity,Economy,Standard,2026-07-26,2026-07-27,1,3,8384,Completed,Direct,Business,0.7,25153
DELJUL26-02976,Saket,Budget,Standard,2026-07-11,2026-07-14,3,1,2300,Confirmed,Goibibo,Group,0.832,6900
DELJUL26-02977,Saket,Economy,Deluxe,2026-07-28,2026-07-31,3,2,3226,Confirmed,Booking.com,Business,0.367,19356
DELJUL26-02978,Lajpat Nagar,Economy,Standard,2026-07-16,2026-07-17,1,1,3150,Confirmed,Agoda,Business,0.552,3150
DELJUL26-02979,Karol Bagh,Budget,Standard,2026-07-28,2026-07-31,3,1,1848,Confirmed,Walk-in,Business,0.532,5544
DELJUL26-02980,Saket,Upscale,Standard,2026-07-05,2026-07-10,5,3,10783,Cancelled,Walk-in,Leisure,0.784,0
DELJUL26-02981,Greater Kailash,Luxury,Standard,2026-07-27,2026-08-01,5,1,7261,Confirmed,Booking.com,Group,0.75,36303
DELJUL26-02982,Aerocity,Budget,Standard,2026-07-17,2026-07-18,1,2,3521,Confirmed,MakeMyTrip,Family,0.846,7042
DELJUL26-02983,Lajpat Nagar,Upscale,Standard,2026-07-14,2026-07-19,5,1,4919,Confirmed,Agoda,Family,0.679,24593
DELJUL26-02984,Lajpat Nagar,Midscale,Deluxe,2026-07-17,2026-07-20,3,1,3195,Confirmed,Booking.com,Business,0.487,9584
DELJUL26-02985,Greater Kailash,Economy,Standard,2026-07-11,2026-07-12,1,1,5558,Confirmed,Goibibo,Family,0.61,5558
DELJUL26-02986,South Delhi,Midscale,Standard,2026-07-19,2026-07-24,5,2,9901,Confirmed,MakeMyTrip,Family,0.588,99010
DELJUL26-02987,Greater Kailash,Budget,Premium,2026-07-24,2026-07-27,3,2,4092,Completed,Goibibo,Business,0.751,24553
DELJUL26-02988,Greater Kailash,Budget,Deluxe,2026-07-26,2026-07-31,5,2,2678,Confirmed,Goibibo,Family,0.922,26778
DELJUL26-02989,Rohini,Luxury,Premium,2026-07-31,2026-08-01,1,3,5173,Confirmed,Walk-in,Family,0.625,15519
DELJUL26-02990,Saket,Midscale,Standard,2026-07-13,2026-07-14,1,1,8089,Completed,MakeMyTrip,Couple,0.733,8089
DELJUL26-02991,Saket,Economy,Standard,2026-07-24,2026-07-29,5,2,4034,Completed,Booking.com,Couple,0.457,40337
DELJUL26-02992,South Delhi,Economy,Standard,2026-07-28,2026-07-30,2,2,4978,Completed,Direct,Couple,0.695,19911
DELJUL26-02993,Connaught Place,Luxury,Deluxe,2026-07-01,2026-07-04,3,1,13516,Completed,Agoda,Leisure,0.787,40549
DELJUL26-02994,Lajpat Nagar,Economy,Premium,2026-07-15,2026-07-19,4,1,2535,Confirmed,Agoda,Group,0.808,10142
DELJUL26-02995,Greater Kailash,Upscale,Standard,2026-07-22,2026-07-27,5,1,10529,Confirmed,MakeMyTrip,Couple,0.934,52647
DELJUL26-02996,South Delhi,Upscale,Standard,2026-07-15,2026-07-17,2,3,7636,Confirmed,Walk-in,Couple,0.943,45818
DELJUL26-02997,Paharganj,Economy,Standard,2026-07-04,2026-07-08,4,2,2974,Confirmed,MakeMyTrip,Couple,0.659,23789
DELJUL26-02998,Paharganj,Midscale,Standard,2026-07-21,2026-07-25,4,2,2140,Completed,MakeMyTrip,Family,0.866,17116
DELJUL26-02999,Saket,Midscale,Standard,2026-07-13,2026-07-17,4,2,3457,Completed,Direct,Family,0.792,27653
DELJUL26-03000,South Delhi,Upscale,Suite,2026-07-20,2026-07-23,3,3,6541,Completed,Goibibo,Leisure,0.665,58867
DELJUL26-03001,Greater Kailash,Economy,Standard,2026-07-01,2026-07-02,1,2,3744,Completed,Goibibo,Group,0.368,7488
DELJUL26-03002,South Delhi,Budget,Standard,2026-07-01,2026-07-03,2,3,4245,Completed,MakeMyTrip,Group,0.936,25469
DELJUL26-03003,Rohini,Budget,Deluxe,2026-07-19,2026-07-22,3,1,1098,Confirmed,Goibibo,Group,0.929,3295
DELJUL26-03004,Rohini,Midscale,Standard,2026-07-31,2026-08-03,3,3,3650,Completed,Goibibo,Couple,0.661,32853
DELJUL26-03005,Greater Kailash,Upscale,Suite,2026-07-20,2026-07-21,1,1,10208,Confirmed,Agoda,Business,0.557,10208
DELJUL26-03006,Paharganj,Upscale,Standard,2026-07-30,2026-08-03,4,2,3524,Confirmed,Direct,Business,0.417,28194
DELJUL26-03007,Dwarka,Midscale,Premium,2026-07-27,2026-07-30,3,1,3053,Cancelled,Goibibo,Group,0.383,0
DELJUL26-03008,Saket,Budget,Standard,2026-07-09,2026-07-13,4,1,3196,Completed,MakeMyTrip,Business,0.832,12783
DELJUL26-03009,South Delhi,Budget,Standard,2026-07-04,2026-07-07,3,2,4041,Completed,MakeMyTrip,Couple,0.596,24246
DELJUL26-03010,Lajpat Nagar,Upscale,Deluxe,2026-07-18,2026-07-20,2,3,5470,Confirmed,MakeMyTrip,Couple,0.688,32821
DELJUL26-03011,Paharganj,Midscale,Premium,2026-07-20,2026-07-21,1,1,1596,Completed,Agoda,Leisure,0.531,1596
DELJUL26-03012,Dwarka,Upscale,Standard,2026-07-24,2026-07-25,1,3,5303,Confirmed,Walk-in,Leisure,0.718,15908
DELJUL26-03013,Aerocity,Budget,Standard,2026-07-17,2026-07-20,3,3,6201,Completed,Booking.com,Leisure,0.805,55808
DELJUL26-03014,Greater Kailash,Economy,Standard,2026-07-29,2026-07-31,2,3,4068,Confirmed,Direct,Couple,0.886,24407
DELJUL26-03015,Saket,Upscale,Standard,2026-07-27,2026-07-31,4,1,4916,Confirmed,MakeMyTrip,Business,0.648,19662
DELJUL26-03016,Saket,Budget,Premium,2026-07-19,2026-07-23,4,3,4302,Confirmed,Booking.com,Business,0.53,51626
DELJUL26-03017,Dwarka,Budget,Premium,2026-07-18,2026-07-20,2,2,1532,Completed,Direct,Group,0.396,6129
DELJUL26-03018,Karol Bagh,Midscale,Deluxe,2026-07-01,2026-07-05,4,2,2796,Completed,MakeMyTrip,Family,0.862,22371
DELJUL26-03019,Dwarka,Midscale,Standard,2026-07-25,2026-07-28,3,1,2423,Confirmed,Goibibo,Leisure,0.862,7269
DELJUL26-03020,Greater Kailash,Luxury,Deluxe,2026-07-22,2026-07-27,5,2,14732,Confirmed,Walk-in,Business,0.562,147325
DELJUL26-03021,Paharganj,Upscale,Deluxe,2026-07-28,2026-08-02,5,2,3048,Confirmed,Agoda,Family,0.474,30479
DELJUL26-03022,Connaught Place,Midscale,Standard,2026-07-03,2026-07-08,5,3,6348,Completed,MakeMyTrip,Family,0.754,95222
DELJUL26-03023,Paharganj,Budget,Standard,2026-07-05,2026-07-06,1,2,1368,Cancelled,Goibibo,Couple,0.804,0
DELJUL26-03024,Connaught Place,Economy,Deluxe,2026-07-21,2026-07-24,3,1,5914,Cancelled,Booking.com,Group,0.783,0
DELJUL26-03025,Paharganj,Upscale,Premium,2026-07-16,2026-07-17,1,2,3117,Confirmed,Direct,Leisure,0.393,6235
DELJUL26-03026,South Delhi,Economy,Standard,2026-07-19,2026-07-24,5,3,7127,Confirmed,Goibibo,Business,0.941,106907
DELJUL26-03027,Connaught Place,Luxury,Premium,2026-07-14,2026-07-18,4,1,12749,Completed,MakeMyTrip,Couple,0.677,50996
DELJUL26-03028,Greater Kailash,Midscale,Deluxe,2026-07-20,2026-07-22,2,3,5437,Completed,Booking.com,Leisure,0.715,32622
DELJUL26-03029,Karol Bagh,Budget,Premium,2026-07-21,2026-07-25,4,3,2688,Confirmed,Walk-in,Family,0.377,32250
DELJUL26-03030,Lajpat Nagar,Midscale,Suite,2026-07-06,2026-07-09,3,2,4615,Confirmed,Goibibo,Leisure,0.357,27688
DELJUL26-03031,Greater Kailash,Midscale,Standard,2026-07-24,2026-07-27,3,3,6493,Confirmed,Goibibo,Family,0.426,58441
DELJUL26-03032,Karol Bagh,Budget,Standard,2026-07-16,2026-07-19,3,2,2840,Confirmed,Agoda,Leisure,0.585,17038
DELJUL26-03033,Dwarka,Economy,Deluxe,2026-07-18,2026-07-23,5,1,2476,Confirmed,Booking.com,Couple,0.917,12378
DELJUL26-03034,Connaught Place,Midscale,Premium,2026-07-20,2026-07-24,4,2,7658,Completed,Goibibo,Family,0.787,61262
DELJUL26-03035,Aerocity,Budget,Standard,2026-07-24,2026-07-27,3,2,7168,Confirmed,Walk-in,Group,0.95,43007
DELJUL26-03036,Rohini,Economy,Deluxe,2026-07-10,2026-07-14,4,3,2285,Confirmed,Goibibo,Leisure,0.758,27424
DELJUL26-03037,Lajpat Nagar,Midscale,Premium,2026-07-01,2026-07-02,1,1,3413,Cancelled,Walk-in,Group,0.41,0
DELJUL26-03038,Connaught Place,Upscale,Standard,2026-07-06,2026-07-08,2,1,9808,Confirmed,Direct,Family,0.767,19617
DELJUL26-03039,Karol Bagh,Midscale,Standard,2026-07-30,2026-07-31,1,3,3321,Confirmed,Agoda,Family,0.735,9962
DELJUL26-03040,Connaught Place,Luxury,Standard,2026-07-07,2026-07-12,5,1,10185,Completed,Goibibo,Couple,0.882,50925
DELJUL26-03041,Paharganj,Upscale,Standard,2026-07-08,2026-07-09,1,1,4818,Confirmed,Walk-in,Couple,0.677,4818
DELJUL26-03042,Karol Bagh,Economy,Deluxe,2026-07-27,2026-08-01,5,3,2811,Completed,Walk-in,Group,0.497,42172
DELJUL26-03043,Paharganj,Budget,Standard,2026-07-08,2026-07-13,5,1,1473,Confirmed,Direct,Group,0.79,7365
DELJUL26-03044,Dwarka,Upscale,Deluxe,2026-07-15,2026-07-20,5,3,5466,Confirmed,MakeMyTrip,Business,0.802,81988
DELJUL26-03045,Connaught Place,Budget,Standard,2026-07-12,2026-07-16,4,1,4847,Confirmed,Walk-in,Business,0.659,19388
DELJUL26-03046,Lajpat Nagar,Upscale,Premium,2026-07-21,2026-07-24,3,2,4161,Completed,Agoda,Group,0.407,24966
DELJUL26-03047,Greater Kailash,Midscale,Standard,2026-07-19,2026-07-24,5,2,9000,Confirmed,Direct,Group,0.598,90000
DELJUL26-03048,Greater Kailash,Economy,Premium,2026-07-16,2026-07-21,5,2,5099,Completed,Goibibo,Group,0.854,50988
DELJUL26-03049,Connaught Place,Midscale,Standard,2026-07-16,2026-07-21,5,1,9520,Confirmed,MakeMyTrip,Group,0.532,47600
DELJUL26-03050,Greater Kailash,Midscale,Deluxe,2026-07-26,2026-07-30,4,1,6654,Completed,Agoda,Couple,0.789,26617
DELJUL26-03051,Lajpat Nagar,Upscale,Standard,2026-07-19,2026-07-23,4,2,4812,Confirmed,Goibibo,Group,0.502,38493
DELJUL26-03052,Connaught Place,Budget,Deluxe,2026-07-16,2026-07-20,4,2,2606,Confirmed,Booking.com,Couple,0.547,20847
DELJUL26-03053,Greater Kailash,Upscale,Standard,2026-07-28,2026-08-02,5,3,7995,Completed,MakeMyTrip,Group,0.552,119929
DELJUL26-03054,Paharganj,Budget,Standard,2026-07-03,2026-07-06,3,3,1143,Confirmed,Walk-in,Family,0.431,10284
DELJUL26-03055,Greater Kailash,Upscale,Deluxe,2026-07-26,2026-07-29,3,1,10404,Confirmed,MakeMyTrip,Group,0.561,31213
DELJUL26-03056,Saket,Upscale,Standard,2026-07-07,2026-07-12,5,2,10899,Completed,Booking.com,Leisure,0.784,108989
DELJUL26-03057,Lajpat Nagar,Economy,Premium,2026-07-11,2026-07-13,2,2,2837,Completed,Direct,Group,0.591,11350
DELJUL26-03058,Connaught Place,Budget,Deluxe,2026-07-01,2026-07-05,4,2,3389,Completed,Direct,Group,0.53,27111
DELJUL26-03059,Paharganj,Upscale,Standard,2026-07-18,2026-07-19,1,3,3598,Confirmed,Direct,Couple,0.77,10793
DELJUL26-03060,Karol Bagh,Upscale,Premium,2026-07-26,2026-07-29,3,2,4025,Confirmed,Direct,Group,0.659,24148
DELJUL26-03061,Karol Bagh,Economy,Standard,2026-07-12,2026-07-13,1,1,3127,Confirmed,Goibibo,Family,0.612,3127
DELJUL26-03062,Paharganj,Midscale,Premium,2026-07-21,2026-07-26,5,2,2691,Confirmed,Goibibo,Business,0.828,26906
DELJUL26-03063,Paharganj,Upscale,Standard,2026-07-13,2026-07-18,5,3,2543,Confirmed,Agoda,Leisure,0.579,38152
DELJUL26-03064,Connaught Place,Budget,Deluxe,2026-07-24,2026-07-26,2,2,3489,Confirmed,Goibibo,Leisure,0.677,13955
DELJUL26-03065,Greater Kailash,Midscale,Premium,2026-07-31,2026-08-01,1,1,8833,Confirmed,Booking.com,Group,0.369,8833
DELJUL26-03066,Dwarka,Economy,Standard,2026-07-23,2026-07-27,4,3,2418,Cancelled,Goibibo,Leisure,0.554,0
DELJUL26-03067,Lajpat Nagar,Budget,Deluxe,2026-07-11,2026-07-16,5,1,2632,Confirmed,MakeMyTrip,Business,0.492,13158
DELJUL26-03068,Greater Kailash,Upscale,Standard,2026-07-26,2026-07-28,2,2,6503,Confirmed,Booking.com,Family,0.881,26011
DELJUL26-03069,Connaught Place,Economy,Deluxe,2026-07-02,2026-07-07,5,1,4144,Confirmed,Goibibo,Business,0.363,20720
DELJUL26-03070,Aerocity,Luxury,Standard,2026-07-31,2026-08-03,3,2,20889,Confirmed,Goibibo,Group,0.77,125336
DELJUL26-03071,Saket,Midscale,Standard,2026-07-27,2026-07-30,3,3,3923,Completed,MakeMyTrip,Leisure,0.804,35310
DELJUL26-03072,Saket,Midscale,Standard,2026-07-21,2026-07-23,2,2,4081,Confirmed,Direct,Leisure,0.55,16323
DELJUL26-03073,Karol Bagh,Economy,Deluxe,2026-07-20,2026-07-22,2,3,2521,Confirmed,Direct,Business,0.504,15123
DELJUL26-03074,Greater Kailash,Economy,Suite,2026-07-08,2026-07-10,2,3,6706,Completed,Agoda,Couple,0.449,40238
DELJUL26-03075,Dwarka,Upscale,Suite,2026-07-14,2026-07-15,1,3,4301,Confirmed,Direct,Business,0.516,12904
DELJUL26-03076,Greater Kailash,Midscale,Deluxe,2026-07-04,2026-07-06,2,1,4374,Confirmed,Booking.com,Group,0.898,8748
DELJUL26-03077,Connaught Place,Upscale,Premium,2026-07-11,2026-07-13,2,1,16859,Completed,Agoda,Leisure,0.376,33718
DELJUL26-03078,Lajpat Nagar,Economy,Premium,2026-07-19,2026-07-20,1,1,2936,Completed,MakeMyTrip,Business,0.624,2936
DELJUL26-03079,Karol Bagh,Economy,Deluxe,2026-07-12,2026-07-14,2,2,3521,Completed,Agoda,Couple,0.509,14084
DELJUL26-03080,Saket,Budget,Standard,2026-07-24,2026-07-25,1,2,3947,Completed,MakeMyTrip,Couple,0.768,7895
DELJUL26-03081,Saket,Upscale,Deluxe,2026-07-27,2026-07-28,1,1,8239,Completed,Walk-in,Family,0.55,8239
DELJUL26-03082,Lajpat Nagar,Economy,Standard,2026-07-18,2026-07-22,4,3,2505,Confirmed,MakeMyTrip,Family,0.558,30063
DELJUL26-03083,Karol Bagh,Midscale,Premium,2026-07-11,2026-07-12,1,3,3289,Cancelled,Direct,Leisure,0.385,0
DELJUL26-03084,Karol Bagh,Economy,Standard,2026-07-10,2026-07-12,2,3,2785,Confirmed,Agoda,Leisure,0.896,16709
DELJUL26-03085,Paharganj,Economy,Standard,2026-07-17,2026-07-21,4,2,2598,Cancelled,Goibibo,Leisure,0.663,0
DELJUL26-03086,Paharganj,Midscale,Premium,2026-07-23,2026-07-24,1,2,3830,Completed,Walk-in,Family,0.391,7660
DELJUL26-03087,Connaught Place,Midscale,Standard,2026-07-04,2026-07-08,4,3,7215,Confirmed,Direct,Group,0.801,86578
DELJUL26-03088,Connaught Place,Luxury,Suite,2026-07-14,2026-07-15,1,2,12010,Completed,Goibibo,Leisure,0.818,24019
DELJUL26-03089,Karol Bagh,Budget,Suite,2026-07-14,2026-07-15,1,1,1750,Cancelled,Agoda,Leisure,0.627,0
DELJUL26-03090,Saket,Midscale,Deluxe,2026-07-09,2026-07-10,1,1,7155,Confirmed,MakeMyTrip,Couple,0.937,7155
DELJUL26-03091,Paharganj,Budget,Deluxe,2026-07-08,2026-07-13,5,1,1410,Completed,Booking.com,Family,0.486,7051
DELJUL26-03092,Paharganj,Upscale,Standard,2026-07-27,2026-07-28,1,3,3837,Cancelled,Booking.com,Business,0.857,0
DELJUL26-03093,Greater Kailash,Midscale,Standard,2026-07-14,2026-07-15,1,2,7012,Confirmed,Direct,Leisure,0.858,14024
DELJUL26-03094,Karol Bagh,Economy,Premium,2026-07-18,2026-07-23,5,2,1661,Cancelled,Goibibo,Group,0.663,0
DELJUL26-03095,Rohini,Upscale,Standard,2026-07-02,2026-07-06,4,1,4299,Confirmed,Agoda,Couple,0.674,17197
DELJUL26-03096,Greater Kailash,Economy,Standard,2026-07-09,2026-07-12,3,3,4626,Confirmed,MakeMyTrip,Family,0.417,41632
DELJUL26-03097,Connaught Place,Budget,Standard,2026-07-07,2026-07-08,1,2,4946,Completed,Direct,Business,0.43,9892
DELJUL26-03098,Paharganj,Economy,Deluxe,2026-07-11,2026-07-13,2,3,1798,Completed,Agoda,Group,0.604,10785
DELJUL26-03099,Connaught Place,Budget,Deluxe,2026-07-27,2026-07-30,3,1,4785,Completed,Walk-in,Leisure,0.901,14355
DELJUL26-03100,Karol Bagh,Upscale,Standard,2026-07-18,2026-07-21,3,2,5004,Completed,Goibibo,Couple,0.479,30022
DELJUL26-03101,Paharganj,Midscale,Standard,2026-07-28,2026-07-31,3,2,2585,Completed,Direct,Couple,0.635,15512
DELJUL26-03102,Connaught Place,Upscale,Premium,2026-07-14,2026-07-15,1,1,6098,Confirmed,MakeMyTrip,Couple,0.389,6098
DELJUL26-03103,Aerocity,Upscale,Standard,2026-07-24,2026-07-29,5,1,17636,Completed,Goibibo,Couple,0.53,88182
DELJUL26-03104,Saket,Upscale,Standard,2026-07-05,2026-07-09,4,1,9328,Completed,Walk-in,Business,0.573,37313
DELJUL26-03105,Greater Kailash,Economy,Standard,2026-07-26,2026-07-28,2,3,5141,Confirmed,MakeMyTrip,Family,0.928,30848
DELJUL26-03106,Paharganj,Budget,Deluxe,2026-07-19,2026-07-24,5,1,1518,Confirmed,Direct,Family,0.466,7590
DELJUL26-03107,Lajpat Nagar,Economy,Standard,2026-07-02,2026-07-04,2,3,1848,Completed,Agoda,Group,0.41,11086
DELJUL26-03108,Paharganj,Luxury,Standard,2026-07-22,2026-07-23,1,3,5866,Completed,Agoda,Couple,0.382,17599
DELJUL26-03109,Rohini,Luxury,Deluxe,2026-07-15,2026-07-20,5,3,5023,Completed,Booking.com,Family,0.663,75339
DELJUL26-03110,Karol Bagh,Upscale,Standard,2026-07-01,2026-07-02,1,3,5759,Confirmed,MakeMyTrip,Couple,0.662,17278
DELJUL26-03111,Dwarka,Budget,Suite,2026-07-27,2026-07-28,1,1,1152,Completed,Direct,Group,0.468,1152
DELJUL26-03112,Greater Kailash,Budget,Premium,2026-07-17,2026-07-21,4,2,4037,Confirmed,Direct,Couple,0.499,32299
DELJUL26-03113,Aerocity,Upscale,Deluxe,2026-07-19,2026-07-21,2,1,11811,Completed,Booking.com,Business,0.541,23621
DELJUL26-03114,Rohini,Budget,Standard,2026-07-18,2026-07-19,1,3,1529,Completed,Direct,Leisure,0.356,4586
DELJUL26-03115,Paharganj,Midscale,Standard,2026-07-03,2026-07-04,1,3,3079,Completed,Booking.com,Group,0.84,9236
DELJUL26-03116,Saket,Economy,Deluxe,2026-07-11,2026-07-12,1,1,3737,Completed,Goibibo,Leisure,0.814,3737
DELJUL26-03117,South Delhi,Economy,Standard,2026-07-22,2026-07-27,5,3,5476,Confirmed,MakeMyTrip,Family,0.542,82139
DELJUL26-03118,South Delhi,Midscale,Deluxe,2026-07-11,2026-07-15,4,1,7830,Completed,Direct,Leisure,0.695,31322
DELJUL26-03119,Aerocity,Luxury,Standard,2026-07-28,2026-08-02,5,3,19409,Completed,Goibibo,Group,0.547,291128
DELJUL26-03120,Lajpat Nagar,Upscale,Deluxe,2026-07-10,2026-07-14,4,1,3439,Confirmed,Walk-in,Leisure,0.366,13758
DELJUL26-03121,South Delhi,Economy,Standard,2026-07-15,2026-07-18,3,3,5393,Confirmed,Goibibo,Couple,0.704,48536
DELJUL26-03122,Rohini,Economy,Deluxe,2026-07-14,2026-07-16,2,3,1812,Completed,Booking.com,Couple,0.783,10874
DELJUL26-03123,Saket,Upscale,Standard,2026-07-01,2026-07-06,5,3,8518,Confirmed,Agoda,Couple,0.55,127764
DELJUL26-03124,South Delhi,Midscale,Standard,2026-07-26,2026-07-31,5,1,7914,Confirmed,MakeMyTrip,Family,0.495,39570
DELJUL26-03125,Saket,Economy,Standard,2026-07-05,2026-07-08,3,1,2295,Cancelled,Direct,Family,0.509,0
DELJUL26-03126,Lajpat Nagar,Midscale,Standard,2026-07-15,2026-07-16,1,1,4386,Confirmed,Goibibo,Family,0.559,4386
DELJUL26-03127,Lajpat Nagar,Budget,Suite,2026-07-29,2026-08-02,4,3,2549,Confirmed,Agoda,Couple,0.631,30586
DELJUL26-03128,Rohini,Budget,Standard,2026-07-31,2026-08-02,2,1,1992,Completed,Booking.com,Leisure,0.803,3984
DELJUL26-03129,Dwarka,Upscale,Standard,2026-07-08,2026-07-10,2,2,3431,Confirmed,MakeMyTrip,Group,0.469,13725
DELJUL26-03130,Greater Kailash,Midscale,Deluxe,2026-07-12,2026-07-16,4,2,5229,Completed,Direct,Couple,0.774,41829
DELJUL26-03131,Paharganj,Budget,Standard,2026-07-18,2026-07-23,5,2,1447,Confirmed,MakeMyTrip,Group,0.929,14466
DELJUL26-03132,Saket,Economy,Premium,2026-07-22,2026-07-26,4,2,3323,Completed,MakeMyTrip,Leisure,0.458,26586
DELJUL26-03133,Greater Kailash,Luxury,Standard,2026-07-08,2026-07-09,1,2,10867,Confirmed,Booking.com,Business,0.655,21734
DELJUL26-03134,Aerocity,Midscale,Premium,2026-07-18,2026-07-22,4,1,8277,Completed,Goibibo,Business,0.567,33109
DELJUL26-03135,Greater Kailash,Midscale,Deluxe,2026-07-26,2026-07-31,5,2,4915,Completed,Agoda,Family,0.71,49148
DELJUL26-03136,Aerocity,Budget,Standard,2026-07-24,2026-07-28,4,3,6823,Completed,MakeMyTrip,Group,0.879,81874
DELJUL26-03137,Dwarka,Luxury,Standard,2026-07-26,2026-07-28,2,1,6371,Cancelled,Agoda,Couple,0.882,0
DELJUL26-03138,Saket,Upscale,Standard,2026-07-28,2026-08-01,4,3,8798,Cancelled,MakeMyTrip,Couple,0.616,0
DELJUL26-03139,Saket,Midscale,Deluxe,2026-07-27,2026-07-29,2,2,3663,Confirmed,MakeMyTrip,Business,0.804,14650
DELJUL26-03140,Saket,Economy,Standard,2026-07-16,2026-07-21,5,1,4574,Cancelled,Goibibo,Leisure,0.657,0
DELJUL26-03141,Saket,Midscale,Deluxe,2026-07-31,2026-08-05,5,2,4697,Cancelled,Booking.com,Couple,0.813,0
DELJUL26-03142,Saket,Upscale,Deluxe,2026-07-16,2026-07-19,3,3,9833,Completed,Walk-in,Leisure,0.881,88501
DELJUL26-03143,Saket,Upscale,Deluxe,2026-07-22,2026-07-23,1,3,9553,Confirmed,Goibibo,Business,0.777,28658
DELJUL26-03144,Dwarka,Luxury,Deluxe,2026-07-30,2026-08-02,3,3,5663,Cancelled,MakeMyTrip,Family,0.386,0
DELJUL26-03145,Greater Kailash,Midscale,Premium,2026-07-02,2026-07-03,1,1,7854,Confirmed,Booking.com,Couple,0.497,7854
DELJUL26-03146,Dwarka,Economy,Standard,2026-07-29,2026-08-02,4,3,1931,Completed,Agoda,Couple,0.821,23172
DELJUL26-03147,South Delhi,Economy,Standard,2026-07-26,2026-07-30,4,3,5396,Completed,Direct,Leisure,0.362,64749
DELJUL26-03148,Lajpat Nagar,Upscale,Standard,2026-07-31,2026-08-02,2,1,4020,Confirmed,Direct,Business,0.661,8041
DELJUL26-03149,Rohini,Economy,Standard,2026-07-24,2026-07-29,5,2,2132,Cancelled,Goibibo,Group,0.716,0
DELJUL26-03150,Connaught Place,Budget,Standard,2026-07-05,2026-07-09,4,3,2818,Confirmed,MakeMyTrip,Family,0.842,33815
DELJUL26-03151,Greater Kailash,Midscale,Standard,2026-07-10,2026-07-15,5,2,8715,Completed,Booking.com,Couple,0.834,87154
DELJUL26-03152,Karol Bagh,Economy,Deluxe,2026-07-01,2026-07-03,2,2,2784,Completed,MakeMyTrip,Business,0.394,11136
DELJUL26-03153,Connaught Place,Upscale,Standard,2026-07-19,2026-07-20,1,2,12457,Confirmed,Agoda,Group,0.758,24915
DELJUL26-03154,Greater Kailash,Budget,Deluxe,2026-07-14,2026-07-17,3,1,3017,Confirmed,MakeMyTrip,Family,0.824,9052
DELJUL26-03155,Aerocity,Economy,Standard,2026-07-15,2026-07-17,2,3,5634,Completed,Goibibo,Leisure,0.413,33801
DELJUL26-03156,Lajpat Nagar,Economy,Standard,2026-07-23,2026-07-27,4,3,2407,Completed,Direct,Couple,0.641,28885
DELJUL26-03157,Greater Kailash,Midscale,Standard,2026-07-26,2026-07-29,3,1,7855,Confirmed,Agoda,Business,0.74,23566
DELJUL26-03158,Rohini,Upscale,Standard,2026-07-03,2026-07-07,4,1,5209,Confirmed,Direct,Group,0.555,20837
DELJUL26-03159,South Delhi,Economy,Standard,2026-07-29,2026-07-30,1,2,3741,Confirmed,Booking.com,Couple,0.572,7483
DELJUL26-03160,Lajpat Nagar,Economy,Standard,2026-07-12,2026-07-13,1,3,3846,Completed,Booking.com,Leisure,0.412,11539
DELJUL26-03161,Connaught Place,Budget,Deluxe,2026-07-24,2026-07-29,5,1,4528,Confirmed,MakeMyTrip,Leisure,0.815,22641
DELJUL26-03162,Lajpat Nagar,Midscale,Standard,2026-07-19,2026-07-22,3,2,2611,Completed,Booking.com,Leisure,0.492,15665
DELJUL26-03163,Connaught Place,Luxury,Standard,2026-07-14,2026-07-15,1,3,17794,Completed,Agoda,Business,0.611,53381
DELJUL26-03164,Paharganj,Upscale,Standard,2026-07-07,2026-07-12,5,2,2655,Completed,MakeMyTrip,Leisure,0.66,26546
DELJUL26-03165,Connaught Place,Budget,Standard,2026-07-06,2026-07-07,1,1,2918,Completed,Direct,Couple,0.402,2918
DELJUL26-03166,Saket,Midscale,Standard,2026-07-23,2026-07-28,5,1,7607,Confirmed,MakeMyTrip,Leisure,0.609,38035
DELJUL26-03167,Greater Kailash,Economy,Standard,2026-07-10,2026-07-12,2,1,4195,Completed,Direct,Family,0.441,8389
DELJUL26-03168,Karol Bagh,Budget,Deluxe,2026-07-08,2026-07-11,3,3,2954,Completed,Booking.com,Business,0.49,26585
DELJUL26-03169,Lajpat Nagar,Budget,Deluxe,2026-07-01,2026-07-03,2,2,2270,Completed,Goibibo,Couple,0.564,9080
DELJUL26-03170,South Delhi,Budget,Premium,2026-07-27,2026-07-28,1,1,4481,Cancelled,Goibibo,Leisure,0.644,0
DELJUL26-03171,South Delhi,Budget,Premium,2026-07-13,2026-07-16,3,3,4453,Confirmed,Goibibo,Family,0.611,40074
DELJUL26-03172,Rohini,Upscale,Standard,2026-07-11,2026-07-13,2,3,4353,Completed,MakeMyTrip,Group,0.393,26121
DELJUL26-03173,Saket,Economy,Standard,2026-07-12,2026-07-15,3,1,4140,Confirmed,Walk-in,Business,0.56,12421
DELJUL26-03174,Paharganj,Upscale,Premium,2026-07-19,2026-07-22,3,3,3831,Completed,Direct,Group,0.374,34482
DELJUL26-03175,Rohini,Luxury,Standard,2026-07-15,2026-07-19,4,1,5287,Confirmed,MakeMyTrip,Leisure,0.5,21147
DELJUL26-03176,Dwarka,Midscale,Standard,2026-07-17,2026-07-18,1,1,4418,Cancelled,Booking.com,Couple,0.401,0
DELJUL26-03177,South Delhi,Economy,Deluxe,2026-07-09,2026-07-11,2,1,4023,Completed,Direct,Business,0.45,8046
DELJUL26-03178,Karol Bagh,Upscale,Deluxe,2026-07-10,2026-07-15,5,2,4406,Completed,Goibibo,Business,0.651,44057
DELJUL26-03179,Karol Bagh,Budget,Standard,2026-07-27,2026-08-01,5,3,2547,Completed,Direct,Family,0.906,38212
DELJUL26-03180,Connaught Place,Economy,Standard,2026-07-14,2026-07-17,3,3,5540,Confirmed,Goibibo,Couple,0.467,49864
DELJUL26-03181,Karol Bagh,Economy,Standard,2026-07-31,2026-08-02,2,3,3628,Confirmed,Walk-in,Family,0.788,21767
DELJUL26-03182,Connaught Place,Upscale,Standard,2026-07-27,2026-07-30,3,3,9094,Confirmed,Agoda,Family,0.376,81850
DELJUL26-03183,Greater Kailash,Upscale,Standard,2026-07-23,2026-07-27,4,1,5640,Completed,Agoda,Business,0.552,22561
DELJUL26-03184,Aerocity,Upscale,Deluxe,2026-07-17,2026-07-19,2,1,15465,Confirmed,Booking.com,Couple,0.591,30929
DELJUL26-03185,South Delhi,Midscale,Standard,2026-07-26,2026-07-31,5,1,5604,Confirmed,Goibibo,Leisure,0.415,28021
DELJUL26-03186,Rohini,Midscale,Standard,2026-07-02,2026-07-03,1,1,1713,Confirmed,Goibibo,Leisure,0.732,1713
DELJUL26-03187,Greater Kailash,Upscale,Standard,2026-07-16,2026-07-20,4,3,6658,Completed,MakeMyTrip,Leisure,0.437,79901
DELJUL26-03188,Saket,Upscale,Suite,2026-07-23,2026-07-26,3,1,5684,Completed,MakeMyTrip,Group,0.83,17052
DELJUL26-03189,Aerocity,Economy,Standard,2026-07-04,2026-07-07,3,2,8072,Confirmed,Direct,Couple,0.705,48432
DELJUL26-03190,Lajpat Nagar,Luxury,Standard,2026-07-06,2026-07-09,3,3,11822,Completed,Walk-in,Business,0.795,106401
DELJUL26-03191,Aerocity,Upscale,Deluxe,2026-07-03,2026-07-04,1,3,12147,Confirmed,Walk-in,Couple,0.449,36440
DELJUL26-03192,South Delhi,Midscale,Standard,2026-07-16,2026-07-18,2,1,4114,Confirmed,Agoda,Business,0.54,8229
DELJUL26-03193,South Delhi,Budget,Standard,2026-07-17,2026-07-19,2,1,3746,Confirmed,Goibibo,Couple,0.773,7492
DELJUL26-03194,Connaught Place,Budget,Standard,2026-07-15,2026-07-19,4,1,6011,Completed,Direct,Business,0.622,24045
DELJUL26-03195,Greater Kailash,Upscale,Suite,2026-07-02,2026-07-05,3,1,11665,Confirmed,Goibibo,Couple,0.729,34995
DELJUL26-03196,Connaught Place,Budget,Deluxe,2026-07-16,2026-07-19,3,2,3785,Confirmed,Walk-in,Business,0.598,22712
DELJUL26-03197,Karol Bagh,Economy,Deluxe,2026-07-28,2026-07-31,3,1,2183,Completed,Direct,Leisure,0.753,6549
DELJUL26-03198,Lajpat Nagar,Midscale,Premium,2026-07-01,2026-07-04,3,3,4448,Completed,MakeMyTrip,Group,0.735,40032
DELJUL26-03199,Rohini,Upscale,Deluxe,2026-07-25,2026-07-26,1,2,5145,Completed,Walk-in,Couple,0.53,10289
DELJUL26-03200,Karol Bagh,Upscale,Standard,2026-07-09,2026-07-14,5,1,2808,Completed,Walk-in,Couple,0.879,14039
DELJUL26-03201,Rohini,Upscale,Standard,2026-07-03,2026-07-08,5,2,5477,Completed,MakeMyTrip,Couple,0.789,54766
DELJUL26-03202,Rohini,Economy,Standard,2026-07-02,2026-07-04,2,3,1708,Confirmed,Booking.com,Group,0.391,10246
DELJUL26-03203,Greater Kailash,Budget,Standard,2026-07-01,2026-07-05,4,2,2234,Completed,Booking.com,Leisure,0.373,17870
DELJUL26-03204,Connaught Place,Midscale,Deluxe,2026-07-13,2026-07-15,2,1,10358,Confirmed,MakeMyTrip,Group,0.78,20716
DELJUL26-03205,Karol Bagh,Budget,Standard,2026-07-16,2026-07-17,1,2,2115,Confirmed,Booking.com,Family,0.729,4231
DELJUL26-03206,South Delhi,Midscale,Standard,2026-07-20,2026-07-25,5,2,5527,Completed,Goibibo,Family,0.905,55273
DELJUL26-03207,Rohini,Luxury,Standard,2026-07-03,2026-07-05,2,1,7811,Confirmed,Direct,Group,0.755,15621
DELJUL26-03208,Lajpat Nagar,Midscale,Standard,2026-07-21,2026-07-23,2,2,5735,Confirmed,Direct,Group,0.475,22938
DELJUL26-03209,Saket,Midscale,Suite,2026-07-23,2026-07-26,3,1,3570,Confirmed,Direct,Business,0.375,10710
DELJUL26-03210,Karol Bagh,Midscale,Standard,2026-07-03,2026-07-06,3,3,3338,Completed,Agoda,Group,0.669,30039
DELJUL26-03211,Rohini,Upscale,Standard,2026-07-21,2026-07-23,2,3,5399,Completed,Walk-in,Leisure,0.648,32396
DELJUL26-03212,Karol Bagh,Economy,Deluxe,2026-07-04,2026-07-09,5,3,2734,Confirmed,Direct,Leisure,0.912,41004
DELJUL26-03213,Paharganj,Economy,Premium,2026-07-14,2026-07-16,2,3,2763,Confirmed,Walk-in,Business,0.775,16581
DELJUL26-03214,Rohini,Budget,Standard,2026-07-21,2026-07-24,3,1,1936,Completed,Direct,Business,0.89,5809
DELJUL26-03215,Dwarka,Midscale,Standard,2026-07-27,2026-07-31,4,2,2591,Completed,Direct,Couple,0.804,20729
DELJUL26-03216,Karol Bagh,Economy,Deluxe,2026-07-17,2026-07-22,5,2,1944,Confirmed,Booking.com,Family,0.746,19437
DELJUL26-03217,Aerocity,Midscale,Standard,2026-07-14,2026-07-17,3,3,10522,Confirmed,Booking.com,Group,0.688,94702
DELJUL26-03218,Saket,Upscale,Deluxe,2026-07-26,2026-07-29,3,1,12578,Completed,Walk-in,Couple,0.698,37734
DELJUL26-03219,Rohini,Budget,Deluxe,2026-07-07,2026-07-12,5,1,1103,Confirmed,Direct,Couple,0.654,5517
DELJUL26-03220,Saket,Midscale,Premium,2026-07-07,2026-07-10,3,1,4209,Completed,Walk-in,Couple,0.853,12626
DELJUL26-03221,South Delhi,Budget,Premium,2026-07-15,2026-07-17,2,2,4997,Confirmed,Walk-in,Family,0.491,19988
DELJUL26-03222,Karol Bagh,Economy,Premium,2026-07-04,2026-07-05,1,3,1527,Completed,MakeMyTrip,Business,0.899,4581
DELJUL26-03223,Greater Kailash,Budget,Standard,2026-07-01,2026-07-03,2,3,2646,Completed,Agoda,Leisure,0.686,15876
DELJUL26-03224,Greater Kailash,Budget,Premium,2026-07-12,2026-07-13,1,2,4995,Completed,Goibibo,Group,0.612,9990
DELJUL26-03225,South Delhi,Luxury,Deluxe,2026-07-05,2026-07-07,2,1,19058,Completed,Walk-in,Business,0.477,38115
DELJUL26-03226,Greater Kailash,Luxury,Standard,2026-07-20,2026-07-23,3,3,15472,Confirmed,Booking.com,Couple,0.516,139245
DELJUL26-03227,Dwarka,Midscale,Premium,2026-07-18,2026-07-21,3,2,3930,Confirmed,Walk-in,Couple,0.7,23582
DELJUL26-03228,Paharganj,Midscale,Premium,2026-07-16,2026-07-17,1,1,2421,Cancelled,MakeMyTrip,Business,0.441,0
DELJUL26-03229,Greater Kailash,Upscale,Deluxe,2026-07-16,2026-07-19,3,2,12989,Completed,Walk-in,Leisure,0.352,77933
DELJUL26-03230,Lajpat Nagar,Upscale,Standard,2026-07-04,2026-07-07,3,3,5262,Completed,Walk-in,Couple,0.506,47362
DELJUL26-03231,Lajpat Nagar,Midscale,Standard,2026-07-13,2026-07-14,1,3,3243,Confirmed,Walk-in,Business,0.532,9730
DELJUL26-03232,Karol Bagh,Budget,Premium,2026-07-03,2026-07-05,2,3,2605,Completed,Agoda,Group,0.915,15632
DELJUL26-03233,South Delhi,Midscale,Suite,2026-07-12,2026-07-16,4,3,6979,Confirmed,MakeMyTrip,Family,0.699,83749
DELJUL26-03234,Aerocity,Luxury,Standard,2026-07-22,2026-07-23,1,2,26188,Confirmed,Agoda,Business,0.593,52376
DELJUL26-03235,Dwarka,Economy,Standard,2026-07-31,2026-08-02,2,2,2203,Confirmed,Booking.com,Couple,0.94,8813
DELJUL26-03236,Dwarka,Economy,Deluxe,2026-07-10,2026-07-13,3,1,4132,Completed,Booking.com,Business,0.57,12397
DELJUL26-03237,Paharganj,Economy,Standard,2026-07-09,2026-07-10,1,2,2109,Cancelled,Agoda,Couple,0.925,0
DELJUL26-03238,Rohini,Economy,Deluxe,2026-07-21,2026-07-25,4,3,2793,Cancelled,Agoda,Couple,0.915,0
DELJUL26-03239,Lajpat Nagar,Midscale,Suite,2026-07-29,2026-08-02,4,3,4645,Completed,Booking.com,Group,0.764,55741
DELJUL26-03240,Aerocity,Economy,Standard,2026-07-10,2026-07-12,2,3,6951,Confirmed,Walk-in,Family,0.665,41705
DELJUL26-03241,Karol Bagh,Luxury,Deluxe,2026-07-26,2026-07-28,2,1,8568,Confirmed,Agoda,Leisure,0.843,17135
DELJUL26-03242,Karol Bagh,Upscale,Deluxe,2026-07-10,2026-07-14,4,1,5450,Confirmed,Walk-in,Leisure,0.544,21798
DELJUL26-03243,Lajpat Nagar,Budget,Standard,2026-07-20,2026-07-22,2,3,2882,Confirmed,MakeMyTrip,Leisure,0.571,17290
DELJUL26-03244,Dwarka,Upscale,Standard,2026-07-07,2026-07-08,1,3,6820,Confirmed,Goibibo,Group,0.474,20459
DELJUL26-03245,Greater Kailash,Upscale,Deluxe,2026-07-09,2026-07-10,1,2,8723,Confirmed,Goibibo,Business,0.503,17446
DELJUL26-03246,Lajpat Nagar,Midscale,Deluxe,2026-07-31,2026-08-01,1,3,2443,Completed,Direct,Business,0.432,7330
DELJUL26-03247,Greater Kailash,Economy,Deluxe,2026-07-13,2026-07-18,5,3,3722,Completed,Booking.com,Couple,0.86,55837
DELJUL26-03248,Aerocity,Upscale,Premium,2026-07-01,2026-07-06,5,1,18180,Completed,Walk-in,Business,0.351,90899
DELJUL26-03249,Connaught Place,Economy,Standard,2026-07-24,2026-07-27,3,2,8132,Confirmed,Agoda,Group,0.605,48790
DELJUL26-03250,Paharganj,Budget,Suite,2026-07-04,2026-07-09,5,2,1962,Cancelled,Goibibo,Group,0.569,0
DELJUL26-03251,Paharganj,Economy,Deluxe,2026-07-04,2026-07-08,4,3,1091,Confirmed,Direct,Family,0.583,13091
DELJUL26-03252,Greater Kailash,Economy,Standard,2026-07-26,2026-07-29,3,2,4814,Confirmed,Direct,Couple,0.856,28887
DELJUL26-03253,Connaught Place,Midscale,Standard,2026-07-11,2026-07-15,4,1,9430,Completed,Goibibo,Business,0.843,37720
DELJUL26-03254,Paharganj,Budget,Standard,2026-07-05,2026-07-08,3,2,1812,Confirmed,Direct,Family,0.748,10871
DELJUL26-03255,Karol Bagh,Midscale,Standard,2026-07-31,2026-08-05,5,2,2418,Completed,Direct,Family,0.763,24178
DELJUL26-03256,Connaught Place,Economy,Premium,2026-07-09,2026-07-14,5,3,5900,Completed,Goibibo,Business,0.832,88493
DELJUL26-03257,Connaught Place,Upscale,Deluxe,2026-07-20,2026-07-25,5,1,6837,Confirmed,Walk-in,Family,0.581,34185
DELJUL26-03258,Connaught Place,Economy,Standard,2026-07-09,2026-07-12,3,3,5023,Completed,Walk-in,Leisure,0.62,45203
DELJUL26-03259,Dwarka,Upscale,Standard,2026-07-19,2026-07-22,3,1,4186,Confirmed,MakeMyTrip,Couple,0.497,12558
DELJUL26-03260,Saket,Upscale,Standard,2026-07-22,2026-07-23,1,1,4736,Completed,Walk-in,Leisure,0.493,4736
DELJUL26-03261,Saket,Budget,Premium,2026-07-24,2026-07-28,4,2,2015,Completed,Goibibo,Group,0.911,16123
DELJUL26-03262,Saket,Midscale,Deluxe,2026-07-13,2026-07-14,1,2,9247,Confirmed,Walk-in,Group,0.806,18494
DELJUL26-03263,Greater Kailash,Budget,Standard,2026-07-20,2026-07-23,3,3,4102,Confirmed,Booking.com,Business,0.622,36920
DELJUL26-03264,Lajpat Nagar,Upscale,Standard,2026-07-27,2026-07-28,1,2,7172,Confirmed,Goibibo,Leisure,0.373,14344
DELJUL26-03265,Dwarka,Midscale,Standard,2026-07-27,2026-07-30,3,1,3487,Completed,Walk-in,Family,0.796,10461
DELJUL26-03266,South Delhi,Economy,Deluxe,2026-07-24,2026-07-28,4,2,4409,Confirmed,Walk-in,Leisure,0.919,35270
DELJUL26-03267,Greater Kailash,Budget,Standard,2026-07-13,2026-07-15,2,3,2713,Completed,Walk-in,Family,0.906,16280
DELJUL26-03268,South Delhi,Economy,Standard,2026-07-17,2026-07-21,4,3,6132,Confirmed,Direct,Couple,0.778,73588
DELJUL26-03269,Connaught Place,Upscale,Premium,2026-07-30,2026-08-01,2,1,9086,Completed,Goibibo,Business,0.739,18172
DELJUL26-03270,Rohini,Upscale,Standard,2026-07-08,2026-07-10,2,2,4953,Confirmed,Direct,Group,0.423,19812
DELJUL26-03271,Connaught Place,Budget,Suite,2026-07-22,2026-07-23,1,3,6074,Completed,MakeMyTrip,Leisure,0.401,18223
DELJUL26-03272,Saket,Economy,Deluxe,2026-07-25,2026-07-26,1,1,5028,Completed,Direct,Couple,0.509,5028
DELJUL26-03273,South Delhi,Economy,Standard,2026-07-15,2026-07-17,2,2,4212,Confirmed,Agoda,Family,0.688,16847
DELJUL26-03274,Saket,Midscale,Standard,2026-07-27,2026-07-28,1,2,5433,Confirmed,Agoda,Business,0.898,10866
DELJUL26-03275,Karol Bagh,Budget,Deluxe,2026-07-14,2026-07-19,5,1,1535,Cancelled,Direct,Family,0.873,0
DELJUL26-03276,Rohini,Economy,Deluxe,2026-07-26,2026-07-30,4,3,1559,Completed,Walk-in,Business,0.534,18706
DELJUL26-03277,Aerocity,Upscale,Standard,2026-07-20,2026-07-22,2,1,13232,Completed,Walk-in,Couple,0.57,26463
DELJUL26-03278,Karol Bagh,Economy,Premium,2026-07-02,2026-07-07,5,1,3215,Confirmed,Walk-in,Group,0.536,16073
DELJUL26-03279,Rohini,Midscale,Deluxe,2026-07-26,2026-07-28,2,1,3475,Completed,MakeMyTrip,Family,0.668,6950
DELJUL26-03280,Greater Kailash,Economy,Deluxe,2026-07-22,2026-07-25,3,2,3224,Completed,Walk-in,Couple,0.835,19342
DELJUL26-03281,Aerocity,Economy,Standard,2026-07-07,2026-07-11,4,2,8327,Completed,Walk-in,Couple,0.82,66619
DELJUL26-03282,Greater Kailash,Midscale,Standard,2026-07-22,2026-07-26,4,3,9205,Confirmed,Goibibo,Group,0.882,110465
DELJUL26-03283,Rohini,Economy,Standard,2026-07-16,2026-07-17,1,3,2114,Confirmed,MakeMyTrip,Family,0.663,6342
DELJUL26-03284,Aerocity,Budget,Standard,2026-07-30,2026-08-01,2,3,6135,Completed,Agoda,Family,0.745,36811
DELJUL26-03285,Saket,Luxury,Premium,2026-07-10,2026-07-12,2,3,9409,Completed,Direct,Leisure,0.922,56452
DELJUL26-03286,Saket,Upscale,Standard,2026-07-09,2026-07-12,3,3,8285,Completed,MakeMyTrip,Couple,0.755,74567
DELJUL26-03287,Connaught Place,Midscale,Standard,2026-07-02,2026-07-07,5,3,11746,Completed,Direct,Group,0.45,176184
DELJUL26-03288,Karol Bagh,Budget,Deluxe,2026-07-25,2026-07-28,3,1,2340,Confirmed,Agoda,Group,0.546,7021
DELJUL26-03289,Connaught Place,Budget,Deluxe,2026-07-31,2026-08-03,3,3,5345,Completed,Direct,Couple,0.395,48107
DELJUL26-03290,Connaught Place,Budget,Standard,2026-07-22,2026-07-23,1,2,4483,Completed,Agoda,Business,0.416,8966
DELJUL26-03291,Saket,Luxury,Deluxe,2026-07-12,2026-07-15,3,2,16170,Completed,Goibibo,Couple,0.645,97021
DELJUL26-03292,Saket,Upscale,Deluxe,2026-07-28,2026-07-31,3,2,10482,Completed,MakeMyTrip,Business,0.793,62889
DELJUL26-03293,Karol Bagh,Midscale,Standard,2026-07-08,2026-07-12,4,3,2911,Cancelled,Goibibo,Group,0.463,0
DELJUL26-03294,Karol Bagh,Luxury,Standard,2026-07-22,2026-07-27,5,2,4570,Confirmed,Direct,Leisure,0.542,45695
DELJUL26-03295,Connaught Place,Budget,Deluxe,2026-07-19,2026-07-22,3,3,5063,Completed,Agoda,Group,0.552,45563
DELJUL26-03296,Greater Kailash,Midscale,Deluxe,2026-07-27,2026-07-28,1,1,7527,Completed,Booking.com,Couple,0.854,7527
DELJUL26-03297,Karol Bagh,Budget,Standard,2026-07-31,2026-08-05,5,1,1736,Confirmed,Walk-in,Group,0.46,8678
DELJUL26-03298,Rohini,Economy,Standard,2026-07-12,2026-07-15,3,2,3032,Completed,Walk-in,Business,0.37,18194
DELJUL26-03299,Dwarka,Luxury,Deluxe,2026-07-03,2026-07-06,3,3,7116,Confirmed,Goibibo,Family,0.724,64045
DELJUL26-03300,Lajpat Nagar,Upscale,Standard,2026-07-05,2026-07-10,5,2,5598,Confirmed,Goibibo,Business,0.666,55980
DELJUL26-03301,South Delhi,Budget,Suite,2026-07-23,2026-07-26,3,3,3678,Completed,Walk-in,Couple,0.352,33103
DELJUL26-03302,Karol Bagh,Budget,Standard,2026-07-12,2026-07-16,4,3,2184,Completed,MakeMyTrip,Couple,0.809,26210
DELJUL26-03303,South Delhi,Midscale,Deluxe,2026-07-05,2026-07-10,5,2,8007,Completed,MakeMyTrip,Couple,0.604,80070
DELJUL26-03304,Karol Bagh,Budget,Suite,2026-07-26,2026-07-29,3,3,2384,Completed,Walk-in,Couple,0.679,21452
DELJUL26-03305,Connaught Place,Midscale,Standard,2026-07-21,2026-07-26,5,1,8361,Cancelled,MakeMyTrip,Leisure,0.752,0
DELJUL26-03306,Karol Bagh,Midscale,Deluxe,2026-07-05,2026-07-06,1,1,4626,Confirmed,MakeMyTrip,Family,0.381,4626
DELJUL26-03307,Karol Bagh,Economy,Standard,2026-07-23,2026-07-28,5,2,3437,Completed,Direct,Business,0.454,34367
DELJUL26-03308,Connaught Place,Economy,Deluxe,2026-07-20,2026-07-25,5,1,6358,Cancelled,Booking.com,Group,0.628,0
DELJUL26-03309,Aerocity,Budget,Suite,2026-07-31,2026-08-01,1,3,3515,Completed,Booking.com,Family,0.453,10544
DELJUL26-03310,Rohini,Luxury,Suite,2026-07-31,2026-08-01,1,2,6295,Cancelled,Agoda,Leisure,0.42,0
DELJUL26-03311,Dwarka,Economy,Standard,2026-07-31,2026-08-01,1,1,2937,Confirmed,Goibibo,Business,0.545,2937
DELJUL26-03312,Saket,Midscale,Premium,2026-07-28,2026-07-30,2,2,4017,Confirmed,MakeMyTrip,Family,0.606,16070
DELJUL26-03313,Rohini,Economy,Premium,2026-07-25,2026-07-30,5,2,2341,Completed,Walk-in,Business,0.86,23408
DELJUL26-03314,Karol Bagh,Midscale,Standard,2026-07-21,2026-07-22,1,1,4803,Completed,MakeMyTrip,Couple,0.707,4803
DELJUL26-03315,Saket,Budget,Premium,2026-07-17,2026-07-18,1,2,2954,Confirmed,MakeMyTrip,Couple,0.908,5908
DELJUL26-03316,Lajpat Nagar,Budget,Standard,2026-07-25,2026-07-28,3,3,2908,Confirmed,Agoda,Couple,0.624,26169
DELJUL26-03317,South Delhi,Midscale,Suite,2026-07-30,2026-08-01,2,3,5619,Confirmed,Booking.com,Family,0.633,33714
DELJUL26-03318,Paharganj,Midscale,Premium,2026-07-04,2026-07-08,4,3,1994,Completed,MakeMyTrip,Couple,0.537,23933
DELJUL26-03319,Karol Bagh,Economy,Deluxe,2026-07-05,2026-07-09,4,3,2047,Confirmed,Agoda,Business,0.399,24562
DELJUL26-03320,Aerocity,Economy,Standard,2026-07-16,2026-07-21,5,3,7580,Completed,Booking.com,Couple,0.453,113702
DELJUL26-03321,Aerocity,Luxury,Premium,2026-07-10,2026-07-13,3,1,24172,Completed,MakeMyTrip,Leisure,0.391,72517
DELJUL26-03322,Connaught Place,Budget,Standard,2026-07-17,2026-07-20,3,2,5199,Confirmed,Direct,Couple,0.772,31195
DELJUL26-03323,Greater Kailash,Budget,Standard,2026-07-10,2026-07-11,1,2,4204,Completed,Agoda,Business,0.559,8408
DELJUL26-03324,South Delhi,Economy,Standard,2026-07-25,2026-07-30,5,3,3836,Completed,Walk-in,Group,0.369,57546
DELJUL26-03325,Saket,Economy,Standard,2026-07-28,2026-07-30,2,2,3840,Confirmed,Agoda,Business,0.801,15358
DELJUL26-03326,Greater Kailash,Midscale,Standard,2026-07-09,2026-07-12,3,3,4958,Confirmed,Goibibo,Group,0.503,44624
DELJUL26-03327,Connaught Place,Midscale,Standard,2026-07-24,2026-07-29,5,3,8787,Confirmed,Walk-in,Family,0.886,131799
DELJUL26-03328,Karol Bagh,Midscale,Suite,2026-07-04,2026-07-08,4,2,3223,Completed,Walk-in,Group,0.844,25786
DELJUL26-03329,Paharganj,Midscale,Premium,2026-07-25,2026-07-29,4,1,2937,Completed,MakeMyTrip,Business,0.532,11746
DELJUL26-03330,Rohini,Economy,Premium,2026-07-22,2026-07-23,1,1,2346,Completed,Goibibo,Family,0.491,2346
DELJUL26-03331,South Delhi,Upscale,Deluxe,2026-07-23,2026-07-27,4,2,11315,Completed,Walk-in,Couple,0.946,90519
DELJUL26-03332,Lajpat Nagar,Budget,Deluxe,2026-07-16,2026-07-17,1,1,1776,Completed,Booking.com,Couple,0.842,1776
DELJUL26-03333,Karol Bagh,Economy,Deluxe,2026-07-04,2026-07-08,4,2,2656,Confirmed,Agoda,Business,0.906,21248
DELJUL26-03334,Lajpat Nagar,Midscale,Deluxe,2026-07-27,2026-07-30,3,1,4598,Confirmed,MakeMyTrip,Family,0.36,13795
DELJUL26-03335,Aerocity,Economy,Premium,2026-07-04,2026-07-07,3,3,6628,Completed,Direct,Business,0.709,59653
DELJUL26-03336,Karol Bagh,Budget,Standard,2026-07-15,2026-07-19,4,3,1454,Completed,MakeMyTrip,Couple,0.51,17447
DELJUL26-03337,Dwarka,Economy,Suite,2026-07-06,2026-07-10,4,3,3216,Cancelled,Goibibo,Family,0.575,0
DELJUL26-03338,Aerocity,Midscale,Premium,2026-07-27,2026-07-29,2,2,11216,Cancelled,Agoda,Leisure,0.405,0
DELJUL26-03339,Lajpat Nagar,Budget,Standard,2026-07-18,2026-07-20,2,1,2446,Confirmed,Direct,Business,0.799,4892
DELJUL26-03340,Lajpat Nagar,Midscale,Suite,2026-07-16,2026-07-19,3,3,3277,Confirmed,Goibibo,Business,0.665,29490
DELJUL26-03341,Dwarka,Upscale,Premium,2026-07-10,2026-07-11,1,1,4541,Completed,Goibibo,Family,0.825,4541
DELJUL26-03342,Paharganj,Midscale,Standard,2026-07-25,2026-07-27,2,2,2404,Completed,Goibibo,Group,0.42,9614
DELJUL26-03343,Aerocity,Budget,Standard,2026-07-07,2026-07-08,1,3,4642,Completed,Agoda,Group,0.948,13927
DELJUL26-03344,South Delhi,Upscale,Deluxe,2026-07-23,2026-07-26,3,1,8412,Confirmed,Agoda,Couple,0.559,25236
DELJUL26-03345,Dwarka,Budget,Premium,2026-07-31,2026-08-02,2,2,2227,Completed,MakeMyTrip,Group,0.921,8906
DELJUL26-03346,Greater Kailash,Upscale,Standard,2026-07-09,2026-07-11,2,2,10818,Confirmed,Booking.com,Leisure,0.756,43271
DELJUL26-03347,South Delhi,Midscale,Standard,2026-07-22,2026-07-27,5,1,8662,Confirmed,Walk-in,Group,0.415,43311
DELJUL26-03348,Connaught Place,Budget,Deluxe,2026-07-10,2026-07-11,1,1,2958,Completed,Walk-in,Family,0.819,2958
DELJUL26-03349,Connaught Place,Upscale,Standard,2026-07-29,2026-07-30,1,3,7981,Completed,Direct,Business,0.686,23942
DELJUL26-03350,Greater Kailash,Midscale,Standard,2026-07-28,2026-07-30,2,3,8979,Completed,MakeMyTrip,Business,0.463,53875
DELJUL26-03351,Connaught Place,Economy,Standard,2026-07-10,2026-07-11,1,1,7853,Confirmed,Agoda,Business,0.462,7853
DELJUL26-03352,Rohini,Economy,Premium,2026-07-08,2026-07-13,5,1,2575,Confirmed,Goibibo,Group,0.922,12876
DELJUL26-03353,Connaught Place,Midscale,Standard,2026-07-03,2026-07-08,5,2,5080,Completed,Walk-in,Family,0.949,50804
DELJUL26-03354,Greater Kailash,Midscale,Deluxe,2026-07-22,2026-07-27,5,1,5134,Completed,Booking.com,Leisure,0.696,25671
DELJUL26-03355,Rohini,Upscale,Deluxe,2026-07-29,2026-08-02,4,1,2918,Cancelled,Walk-in,Group,0.462,0
DELJUL26-03356,Saket,Economy,Suite,2026-07-05,2026-07-06,1,2,6389,Confirmed,Booking.com,Couple,0.554,12779
DELJUL26-03357,Aerocity,Midscale,Suite,2026-07-26,2026-07-29,3,2,11305,Cancelled,Direct,Business,0.477,0
DELJUL26-03358,Lajpat Nagar,Midscale,Premium,2026-07-24,2026-07-25,1,3,3544,Confirmed,Agoda,Couple,0.714,10632
DELJUL26-03359,Connaught Place,Midscale,Deluxe,2026-07-15,2026-07-17,2,1,8595,Confirmed,Walk-in,Business,0.59,17191
DELJUL26-03360,Dwarka,Economy,Standard,2026-07-07,2026-07-10,3,2,2542,Completed,MakeMyTrip,Family,0.577,15253
DELJUL26-03361,Rohini,Economy,Standard,2026-07-21,2026-07-25,4,1,2254,Confirmed,Direct,Leisure,0.831,9015
DELJUL26-03362,Greater Kailash,Upscale,Standard,2026-07-19,2026-07-21,2,1,6249,Completed,Walk-in,Business,0.928,12498
DELJUL26-03363,Aerocity,Economy,Standard,2026-07-26,2026-07-28,2,3,7932,Completed,Direct,Business,0.468,47594
DELJUL26-03364,Lajpat Nagar,Budget,Standard,2026-07-18,2026-07-23,5,3,2953,Confirmed,Goibibo,Couple,0.599,44289
DELJUL26-03365,Connaught Place,Midscale,Standard,2026-07-02,2026-07-04,2,2,9284,Confirmed,Direct,Couple,0.672,37134
DELJUL26-03366,Greater Kailash,Economy,Standard,2026-07-07,2026-07-10,3,1,3732,Completed,Goibibo,Couple,0.498,11195
DELJUL26-03367,South Delhi,Budget,Deluxe,2026-07-12,2026-07-14,2,3,4670,Cancelled,Direct,Family,0.591,0
DELJUL26-03368,Karol Bagh,Budget,Premium,2026-07-16,2026-07-21,5,2,2000,Completed,MakeMyTrip,Business,0.383,19996
DELJUL26-03369,Saket,Midscale,Standard,2026-07-11,2026-07-14,3,2,4011,Confirmed,MakeMyTrip,Family,0.375,24067
DELJUL26-03370,Connaught Place,Luxury,Standard,2026-07-28,2026-07-29,1,2,12975,Completed,Walk-in,Business,0.822,25949
DELJUL26-03371,Rohini,Economy,Deluxe,2026-07-09,2026-07-10,1,1,2208,Completed,Agoda,Family,0.553,2208
DELJUL26-03372,Karol Bagh,Budget,Standard,2026-07-22,2026-07-27,5,1,1880,Confirmed,Walk-in,Couple,0.774,9398
DELJUL26-03373,Paharganj,Upscale,Premium,2026-07-12,2026-07-17,5,1,2213,Confirmed,Goibibo,Group,0.4,11064
DELJUL26-03374,Dwarka,Economy,Standard,2026-07-31,2026-08-04,4,2,2098,Completed,Booking.com,Business,0.752,16780
DELJUL26-03375,South Delhi,Luxury,Standard,2026-07-29,2026-07-30,1,3,11194,Confirmed,MakeMyTrip,Leisure,0.742,33582
DELJUL26-03376,Dwarka,Midscale,Deluxe,2026-07-25,2026-07-29,4,1,3801,Confirmed,Goibibo,Business,0.843,15206
DELJUL26-03377,Dwarka,Budget,Standard,2026-07-24,2026-07-28,4,2,2477,Completed,Goibibo,Group,0.473,19816
DELJUL26-03378,Dwarka,Economy,Deluxe,2026-07-20,2026-07-25,5,1,2348,Confirmed,Walk-in,Family,0.681,11742
DELJUL26-03379,Lajpat Nagar,Economy,Standard,2026-07-19,2026-07-22,3,3,3626,Completed,Walk-in,Family,0.891,32635
DELJUL26-03380,Paharganj,Upscale,Standard,2026-07-18,2026-07-21,3,2,3248,Completed,Direct,Family,0.482,19489
DELJUL26-03381,Lajpat Nagar,Budget,Standard,2026-07-01,2026-07-05,4,1,1624,Completed,Agoda,Business,0.425,6495
DELJUL26-03382,Greater Kailash,Upscale,Deluxe,2026-07-30,2026-07-31,1,1,6758,Confirmed,Booking.com,Group,0.557,6758
DELJUL26-03383,Rohini,Upscale,Standard,2026-07-31,2026-08-04,4,2,4460,Confirmed,Goibibo,Couple,0.929,35677
DELJUL26-03384,Rohini,Upscale,Standard,2026-07-17,2026-07-20,3,1,5794,Completed,Walk-in,Group,0.444,17383
DELJUL26-03385,Greater Kailash,Upscale,Deluxe,2026-07-27,2026-07-28,1,1,9189,Completed,Walk-in,Leisure,0.422,9189
DELJUL26-03386,Karol Bagh,Budget,Deluxe,2026-07-13,2026-07-18,5,3,1318,Confirmed,MakeMyTrip,Couple,0.949,19777
DELJUL26-03387,Greater Kailash,Midscale,Standard,2026-07-04,2026-07-06,2,3,5989,Confirmed,Direct,Leisure,0.586,35936
DELJUL26-03388,Greater Kailash,Upscale,Suite,2026-07-26,2026-07-31,5,3,5669,Cancelled,Walk-in,Leisure,0.44,0
DELJUL26-03389,Karol Bagh,Economy,Deluxe,2026-07-16,2026-07-18,2,1,3885,Confirmed,Walk-in,Group,0.685,7771
DELJUL26-03390,South Delhi,Budget,Premium,2026-07-30,2026-08-02,3,3,2162,Completed,MakeMyTrip,Business,0.358,19462
DELJUL26-03391,Karol Bagh,Economy,Standard,2026-07-07,2026-07-10,3,1,3511,Completed,Direct,Business,0.605,10532
DELJUL26-03392,Dwarka,Budget,Deluxe,2026-07-15,2026-07-19,4,3,2266,Confirmed,Goibibo,Leisure,0.372,27195
DELJUL26-03393,Greater Kailash,Upscale,Standard,2026-07-21,2026-07-22,1,1,8472,Completed,Agoda,Leisure,0.689,8472
DELJUL26-03394,Connaught Place,Economy,Standard,2026-07-05,2026-07-07,2,2,7917,Completed,MakeMyTrip,Couple,0.725,31667
DELJUL26-03395,Paharganj,Midscale,Standard,2026-07-31,2026-08-01,1,3,1798,Completed,Direct,Family,0.352,5393
DELJUL26-03396,Greater Kailash,Luxury,Standard,2026-07-19,2026-07-21,2,2,17326,Completed,MakeMyTrip,Family,0.658,69303
DELJUL26-03397,Saket,Economy,Premium,2026-07-06,2026-07-09,3,3,2768,Confirmed,Goibibo,Leisure,0.917,24909
DELJUL26-03398,Rohini,Upscale,Premium,2026-07-23,2026-07-26,3,2,4457,Completed,Walk-in,Group,0.589,26743
DELJUL26-03399,Aerocity,Budget,Standard,2026-07-28,2026-08-02,5,1,4845,Confirmed,Agoda,Leisure,0.923,24223
DELJUL26-03400,Greater Kailash,Budget,Standard,2026-07-12,2026-07-15,3,3,2362,Confirmed,Agoda,Family,0.928,21254
DELJUL26-03401,Lajpat Nagar,Budget,Standard,2026-07-19,2026-07-22,3,2,2451,Cancelled,MakeMyTrip,Family,0.494,0
DELJUL26-03402,Rohini,Economy,Deluxe,2026-07-24,2026-07-25,1,2,1319,Confirmed,Walk-in,Leisure,0.696,2638
DELJUL26-03403,Connaught Place,Economy,Standard,2026-07-05,2026-07-06,1,1,4463,Completed,Booking.com,Family,0.848,4463
DELJUL26-03404,Rohini,Economy,Deluxe,2026-07-17,2026-07-21,4,3,3025,Confirmed,Booking.com,Family,0.775,36304
DELJUL26-03405,Paharganj,Budget,Standard,2026-07-18,2026-07-22,4,2,1582,Confirmed,Walk-in,Family,0.806,12655
DELJUL26-03406,Paharganj,Budget,Deluxe,2026-07-10,2026-07-13,3,2,1655,Completed,Walk-in,Business,0.507,9929
DELJUL26-03407,Paharganj,Midscale,Premium,2026-07-10,2026-07-13,3,2,3059,Confirmed,Agoda,Group,0.901,18355
DELJUL26-03408,South Delhi,Budget,Standard,2026-07-20,2026-07-23,3,1,3678,Confirmed,Agoda,Leisure,0.491,11033
DELJUL26-03409,South Delhi,Upscale,Premium,2026-07-24,2026-07-29,5,2,7288,Confirmed,Walk-in,Couple,0.737,72877
DELJUL26-03410,Saket,Upscale,Premium,2026-07-13,2026-07-14,1,3,5506,Completed,Direct,Business,0.881,16517
DELJUL26-03411,Aerocity,Midscale,Deluxe,2026-07-05,2026-07-08,3,1,14464,Completed,Agoda,Business,0.566,43391
DELJUL26-03412,Rohini,Midscale,Standard,2026-07-25,2026-07-27,2,1,2112,Cancelled,MakeMyTrip,Business,0.681,0
DELJUL26-03413,Karol Bagh,Midscale,Deluxe,2026-07-06,2026-07-07,1,1,3425,Completed,Goibibo,Couple,0.764,3425
DELJUL26-03414,Aerocity,Midscale,Standard,2026-07-01,2026-07-05,4,3,9005,Completed,Booking.com,Leisure,0.907,108064
DELJUL26-03415,Dwarka,Luxury,Premium,2026-07-10,2026-07-14,4,2,6796,Confirmed,MakeMyTrip,Business,0.619,54369
DELJUL26-03416,Saket,Luxury,Deluxe,2026-07-26,2026-07-31,5,2,11234,Confirmed,Booking.com,Family,0.712,112337
DELJUL26-03417,South Delhi,Economy,Premium,2026-07-24,2026-07-25,1,1,6888,Cancelled,Goibibo,Leisure,0.435,0
DELJUL26-03418,Lajpat Nagar,Midscale,Deluxe,2026-07-10,2026-07-11,1,3,4421,Confirmed,Walk-in,Group,0.389,13264
DELJUL26-03419,Aerocity,Upscale,Standard,2026-07-17,2026-07-20,3,2,14772,Completed,Direct,Business,0.363,88629
DELJUL26-03420,Karol Bagh,Budget,Deluxe,2026-07-30,2026-08-04,5,2,1860,Confirmed,Walk-in,Group,0.636,18598
DELJUL26-03421,Dwarka,Midscale,Premium,2026-07-23,2026-07-28,5,3,3060,Completed,Goibibo,Couple,0.677,45895
DELJUL26-03422,Greater Kailash,Midscale,Standard,2026-07-24,2026-07-28,4,1,4339,Confirmed,Direct,Business,0.402,17357
DELJUL26-03423,South Delhi,Midscale,Standard,2026-07-03,2026-07-08,5,3,7104,Completed,Goibibo,Couple,0.459,106556
DELJUL26-03424,Paharganj,Economy,Suite,2026-07-08,2026-07-13,5,3,1759,Completed,Direct,Family,0.51,26385
DELJUL26-03425,South Delhi,Economy,Standard,2026-07-04,2026-07-06,2,1,5509,Confirmed,Agoda,Family,0.885,11018
DELJUL26-03426,Rohini,Budget,Premium,2026-07-31,2026-08-03,3,1,1325,Confirmed,Booking.com,Group,0.41,3975
DELJUL26-03427,Saket,Midscale,Standard,2026-07-11,2026-07-15,4,2,8332,Completed,Direct,Couple,0.644,66658
DELJUL26-03428,Lajpat Nagar,Upscale,Premium,2026-07-16,2026-07-18,2,2,7056,Confirmed,Walk-in,Group,0.823,28225
DELJUL26-03429,Greater Kailash,Upscale,Deluxe,2026-07-18,2026-07-23,5,3,10917,Confirmed,Goibibo,Group,0.872,163756
DELJUL26-03430,Paharganj,Economy,Standard,2026-07-17,2026-07-21,4,1,1148,Completed,Goibibo,Group,0.766,4592
DELJUL26-03431,Karol Bagh,Economy,Standard,2026-07-02,2026-07-05,3,1,3886,Confirmed,Agoda,Family,0.509,11658
DELJUL26-03432,Greater Kailash,Upscale,Standard,2026-07-29,2026-08-01,3,3,7066,Confirmed,Goibibo,Family,0.423,63595
DELJUL26-03433,Karol Bagh,Midscale,Deluxe,2026-07-12,2026-07-16,4,3,2678,Confirmed,Agoda,Group,0.445,32138
DELJUL26-03434,Paharganj,Midscale,Standard,2026-07-29,2026-07-31,2,3,2442,Confirmed,Goibibo,Group,0.812,14653
DELJUL26-03435,Karol Bagh,Economy,Standard,2026-07-24,2026-07-26,2,1,2089,Completed,Direct,Business,0.528,4177
DELJUL26-03436,South Delhi,Budget,Deluxe,2026-07-22,2026-07-25,3,1,3294,Confirmed,Walk-in,Couple,0.553,9881
DELJUL26-03437,Karol Bagh,Upscale,Suite,2026-07-22,2026-07-23,1,3,4344,Confirmed,Walk-in,Family,0.455,13031
DELJUL26-03438,South Delhi,Midscale,Standard,2026-07-31,2026-08-03,3,3,6308,Completed,Booking.com,Leisure,0.611,56774
DELJUL26-03439,Rohini,Economy,Deluxe,2026-07-10,2026-07-13,3,3,2602,Completed,Goibibo,Leisure,0.551,23416
DELJUL26-03440,Lajpat Nagar,Upscale,Premium,2026-07-11,2026-07-14,3,3,6056,Confirmed,Direct,Leisure,0.564,54508
DELJUL26-03441,Rohini,Midscale,Deluxe,2026-07-21,2026-07-24,3,1,3229,Completed,Booking.com,Business,0.37,9687
DELJUL26-03442,Aerocity,Upscale,Suite,2026-07-08,2026-07-13,5,1,14885,Completed,Goibibo,Group,0.628,74424
DELJUL26-03443,Saket,Economy,Deluxe,2026-07-25,2026-07-27,2,1,2941,Confirmed,MakeMyTrip,Business,0.417,5883
DELJUL26-03444,Karol Bagh,Economy,Deluxe,2026-07-01,2026-07-04,3,3,3567,Confirmed,Walk-in,Group,0.671,32105
DELJUL26-03445,Rohini,Luxury,Premium,2026-07-28,2026-08-01,4,2,3463,Completed,Direct,Family,0.752,27706
DELJUL26-03446,Greater Kailash,Luxury,Standard,2026-07-11,2026-07-13,2,1,9713,Confirmed,Agoda,Family,0.678,19427
DELJUL26-03447,Paharganj,Luxury,Deluxe,2026-07-01,2026-07-05,4,3,2945,Confirmed,Goibibo,Business,0.438,35345
DELJUL26-03448,Dwarka,Upscale,Deluxe,2026-07-19,2026-07-24,5,3,5302,Completed,Walk-in,Couple,0.72,79529
DELJUL26-03449,South Delhi,Economy,Standard,2026-07-09,2026-07-11,2,1,4176,Confirmed,Agoda,Family,0.598,8352
DELJUL26-03450,Saket,Budget,Standard,2026-07-10,2026-07-12,2,2,4013,Confirmed,Walk-in,Business,0.566,16052
DELJUL26-03451,Saket,Economy,Deluxe,2026-07-15,2026-07-16,1,3,4008,Confirmed,Agoda,Couple,0.439,12025
DELJUL26-03452,Aerocity,Luxury,Standard,2026-07-18,2026-07-19,1,3,17587,Completed,Booking.com,Couple,0.947,52762
DELJUL26-03453,Saket,Economy,Standard,2026-07-05,2026-07-07,2,2,4431,Completed,MakeMyTrip,Couple,0.586,17724
DELJUL26-03454,Paharganj,Upscale,Standard,2026-07-02,2026-07-07,5,2,2106,Confirmed,Agoda,Family,0.624,21063
DELJUL26-03455,Lajpat Nagar,Upscale,Standard,2026-07-15,2026-07-17,2,3,5003,Confirmed,Walk-in,Couple,0.407,30018
DELJUL26-03456,Lajpat Nagar,Luxury,Deluxe,2026-07-11,2026-07-16,5,2,9877,Completed,Walk-in,Business,0.755,98767
DELJUL26-03457,Greater Kailash,Luxury,Standard,2026-07-19,2026-07-24,5,2,14346,Completed,Goibibo,Group,0.52,143459
DELJUL26-03458,Aerocity,Midscale,Standard,2026-07-24,2026-07-28,4,3,7789,Completed,Direct,Family,0.794,93474
DELJUL26-03459,Lajpat Nagar,Economy,Standard,2026-07-20,2026-07-25,5,2,3157,Confirmed,MakeMyTrip,Business,0.39,31567
DELJUL26-03460,Paharganj,Luxury,Premium,2026-07-04,2026-07-07,3,3,4046,Confirmed,Goibibo,Family,0.528,36410
DELJUL26-03461,Saket,Budget,Premium,2026-07-31,2026-08-05,5,3,2114,Confirmed,Agoda,Group,0.797,31707
DELJUL26-03462,Rohini,Budget,Standard,2026-07-23,2026-07-26,3,2,1202,Completed,Booking.com,Group,0.588,7214
DELJUL26-03463,Lajpat Nagar,Luxury,Standard,2026-07-02,2026-07-03,1,2,8279,Completed,MakeMyTrip,Business,0.371,16559
DELJUL26-03464,Aerocity,Midscale,Standard,2026-07-24,2026-07-29,5,2,10126,Confirmed,Agoda,Group,0.824,101256
DELJUL26-03465,Paharganj,Midscale,Standard,2026-07-28,2026-08-02,5,2,2985,Completed,Walk-in,Business,0.929,29853
DELJUL26-03466,Greater Kailash,Budget,Deluxe,2026-07-18,2026-07-23,5,3,3120,Completed,Booking.com,Leisure,0.576,46800
DELJUL26-03467,Dwarka,Midscale,Deluxe,2026-07-26,2026-07-29,3,1,4598,Completed,Booking.com,Business,0.723,13795
DELJUL26-03468,Karol Bagh,Luxury,Deluxe,2026-07-28,2026-07-29,1,1,5527,Confirmed,MakeMyTrip,Business,0.574,5527
DELJUL26-03469,Dwarka,Midscale,Premium,2026-07-30,2026-08-02,3,2,3518,Confirmed,Goibibo,Business,0.683,21106
DELJUL26-03470,Lajpat Nagar,Economy,Premium,2026-07-30,2026-08-04,5,1,3801,Completed,Agoda,Business,0.793,19005
DELJUL26-03471,Karol Bagh,Midscale,Standard,2026-07-07,2026-07-12,5,3,3080,Confirmed,Agoda,Business,0.73,46207
DELJUL26-03472,Greater Kailash,Upscale,Deluxe,2026-07-02,2026-07-06,4,1,6051,Confirmed,Goibibo,Leisure,0.539,24205
DELJUL26-03473,Greater Kailash,Upscale,Standard,2026-07-21,2026-07-25,4,2,9557,Confirmed,Walk-in,Business,0.467,76457
DELJUL26-03474,Lajpat Nagar,Economy,Deluxe,2026-07-22,2026-07-23,1,1,4060,Cancelled,Direct,Family,0.677,0
DELJUL26-03475,Karol Bagh,Midscale,Standard,2026-07-18,2026-07-22,4,3,4967,Confirmed,Goibibo,Family,0.746,59602
DELJUL26-03476,Karol Bagh,Economy,Standard,2026-07-08,2026-07-09,1,3,2194,Completed,Booking.com,Family,0.695,6583
DELJUL26-03477,Dwarka,Economy,Standard,2026-07-30,2026-08-03,4,1,3319,Completed,Goibibo,Business,0.427,13275
DELJUL26-03478,Dwarka,Budget,Standard,2026-07-13,2026-07-14,1,2,1981,Cancelled,Walk-in,Leisure,0.563,0
DELJUL26-03479,Saket,Midscale,Standard,2026-07-23,2026-07-26,3,3,3754,Completed,Walk-in,Group,0.797,33787
DELJUL26-03480,Greater Kailash,Midscale,Deluxe,2026-07-20,2026-07-25,5,2,8385,Completed,Walk-in,Group,0.438,83846
DELJUL26-03481,Greater Kailash,Economy,Standard,2026-07-28,2026-07-29,1,3,4195,Completed,MakeMyTrip,Family,0.88,12586
DELJUL26-03482,Karol Bagh,Economy,Suite,2026-07-23,2026-07-26,3,1,2539,Completed,Agoda,Couple,0.63,7616
DELJUL26-03483,Greater Kailash,Budget,Standard,2026-07-20,2026-07-21,1,2,4755,Completed,MakeMyTrip,Leisure,0.825,9510
DELJUL26-03484,Karol Bagh,Budget,Premium,2026-07-27,2026-07-31,4,3,1513,Cancelled,Direct,Leisure,0.554,0
DELJUL26-03485,Saket,Midscale,Standard,2026-07-02,2026-07-07,5,1,6348,Confirmed,Booking.com,Family,0.566,31739
DELJUL26-03486,Aerocity,Budget,Standard,2026-07-22,2026-07-23,1,1,4533,Completed,Agoda,Couple,0.93,4533
DELJUL26-03487,Paharganj,Budget,Standard,2026-07-19,2026-07-22,3,3,994,Cancelled,Direct,Couple,0.69,0
DELJUL26-03488,Rohini,Luxury,Standard,2026-07-25,2026-07-29,4,1,5388,Completed,Goibibo,Business,0.411,21552
DELJUL26-03489,Saket,Economy,Standard,2026-07-07,2026-07-08,1,1,5379,Confirmed,MakeMyTrip,Group,0.925,5379
DELJUL26-03490,Greater Kailash,Upscale,Deluxe,2026-07-19,2026-07-22,3,3,8558,Confirmed,MakeMyTrip,Couple,0.575,77026
DELJUL26-03491,Connaught Place,Midscale,Standard,2026-07-09,2026-07-10,1,3,4748,Completed,Agoda,Business,0.776,14245
DELJUL26-03492,South Delhi,Midscale,Standard,2026-07-04,2026-07-09,5,1,8875,Completed,Booking.com,Family,0.427,44375
DELJUL26-03493,Paharganj,Midscale,Standard,2026-07-18,2026-07-21,3,2,3282,Confirmed,Booking.com,Business,0.863,19692
DELJUL26-03494,Greater Kailash,Budget,Deluxe,2026-07-01,2026-07-04,3,3,4835,Completed,Direct,Leisure,0.925,43515
DELJUL26-03495,Rohini,Upscale,Standard,2026-07-03,2026-07-08,5,2,4106,Cancelled,Direct,Leisure,0.58,0
DELJUL26-03496,Dwarka,Upscale,Standard,2026-07-17,2026-07-21,4,2,4599,Confirmed,Direct,Family,0.437,36794
DELJUL26-03497,Connaught Place,Economy,Standard,2026-07-28,2026-07-30,2,2,7056,Completed,Direct,Leisure,0.685,28223
DELJUL26-03498,Saket,Upscale,Deluxe,2026-07-23,2026-07-27,4,3,9745,Confirmed,Goibibo,Group,0.447,116944
DELJUL26-03499,Connaught Place,Midscale,Deluxe,2026-07-01,2026-07-03,2,1,10852,Cancelled,Booking.com,Group,0.615,0
DELJUL26-03500,Saket,Upscale,Standard,2026-07-04,2026-07-07,3,1,10091,Confirmed,MakeMyTrip,Couple,0.724,30272
DELJUL26-03501,Aerocity,Upscale,Deluxe,2026-07-14,2026-07-19,5,1,13773,Confirmed,Agoda,Couple,0.434,68865
DELJUL26-03502,South Delhi,Budget,Standard,2026-07-14,2026-07-19,5,2,2456,Completed,Goibibo,Couple,0.919,24564
DELJUL26-03503,Paharganj,Upscale,Standard,2026-07-02,2026-07-07,5,1,3535,Confirmed,Direct,Couple,0.773,17676
DELJUL26-03504,Karol Bagh,Luxury,Deluxe,2026-07-08,2026-07-11,3,2,4617,Completed,Goibibo,Group,0.567,27702
DELJUL26-03505,Aerocity,Midscale,Deluxe,2026-07-04,2026-07-09,5,1,6486,Completed,Goibibo,Family,0.599,32429
DELJUL26-03506,Lajpat Nagar,Budget,Standard,2026-07-18,2026-07-23,5,2,2501,Confirmed,Goibibo,Group,0.859,25007
DELJUL26-03507,Lajpat Nagar,Upscale,Deluxe,2026-07-21,2026-07-24,3,1,6551,Completed,Walk-in,Business,0.636,19653
DELJUL26-03508,Lajpat Nagar,Midscale,Standard,2026-07-13,2026-07-14,1,3,4675,Confirmed,Goibibo,Group,0.942,14025
DELJUL26-03509,Aerocity,Economy,Deluxe,2026-07-18,2026-07-19,1,1,8849,Cancelled,Agoda,Couple,0.387,0
DELJUL26-03510,Paharganj,Upscale,Deluxe,2026-07-07,2026-07-11,4,1,5008,Completed,Goibibo,Leisure,0.513,20034
DELJUL26-03511,Rohini,Midscale,Deluxe,2026-07-27,2026-08-01,5,3,3319,Completed,Goibibo,Leisure,0.661,49778
DELJUL26-03512,Dwarka,Upscale,Standard,2026-07-01,2026-07-06,5,2,5713,Confirmed,Direct,Leisure,0.432,57134
DELJUL26-03513,Connaught Place,Midscale,Standard,2026-07-16,2026-07-18,2,1,4865,Completed,Walk-in,Business,0.564,9730
DELJUL26-03514,Connaught Place,Economy,Standard,2026-07-10,2026-07-15,5,1,5902,Completed,Direct,Couple,0.662,29509
DELJUL26-03515,Karol Bagh,Luxury,Standard,2026-07-14,2026-07-19,5,1,5115,Confirmed,Walk-in,Group,0.507,25574
DELJUL26-03516,Rohini,Midscale,Standard,2026-07-17,2026-07-20,3,3,1761,Completed,Goibibo,Group,0.449,15852
DELJUL26-03517,Connaught Place,Midscale,Deluxe,2026-07-21,2026-07-23,2,2,4694,Confirmed,MakeMyTrip,Leisure,0.511,18777
DELJUL26-03518,Rohini,Economy,Deluxe,2026-07-29,2026-08-01,3,3,2863,Confirmed,MakeMyTrip,Family,0.4,25767
DELJUL26-03519,South Delhi,Budget,Deluxe,2026-07-18,2026-07-22,4,1,4727,Confirmed,Direct,Group,0.468,18907
DELJUL26-03520,Rohini,Midscale,Deluxe,2026-07-08,2026-07-13,5,1,4465,Confirmed,MakeMyTrip,Group,0.387,22327
DELJUL26-03521,Lajpat Nagar,Economy,Standard,2026-07-17,2026-07-18,1,2,3687,Completed,Direct,Leisure,0.922,7375
DELJUL26-03522,Paharganj,Luxury,Standard,2026-07-16,2026-07-18,2,1,7643,Confirmed,MakeMyTrip,Couple,0.447,15286
DELJUL26-03523,Lajpat Nagar,Luxury,Standard,2026-07-27,2026-07-28,1,1,6577,Confirmed,Direct,Leisure,0.351,6577
DELJUL26-03524,Connaught Place,Upscale,Deluxe,2026-07-18,2026-07-23,5,3,14381,Confirmed,Direct,Leisure,0.924,215709
DELJUL26-03525,Karol Bagh,Budget,Standard,2026-07-27,2026-07-30,3,2,2849,Confirmed,Agoda,Group,0.805,17094
DELJUL26-03526,Karol Bagh,Midscale,Standard,2026-07-21,2026-07-23,2,3,5327,Completed,Booking.com,Group,0.51,31963
DELJUL26-03527,Connaught Place,Budget,Standard,2026-07-18,2026-07-20,2,2,3290,Cancelled,MakeMyTrip,Leisure,0.877,0
DELJUL26-03528,Aerocity,Upscale,Deluxe,2026-07-11,2026-07-12,1,2,11953,Confirmed,Goibibo,Group,0.873,23906
DELJUL26-03529,Connaught Place,Economy,Premium,2026-07-08,2026-07-11,3,3,8176,Confirmed,Goibibo,Group,0.795,73584
DELJUL26-03530,Connaught Place,Luxury,Premium,2026-07-04,2026-07-08,4,2,11250,Confirmed,Goibibo,Family,0.705,89998
DELJUL26-03531,Paharganj,Economy,Standard,2026-07-17,2026-07-19,2,1,2035,Completed,MakeMyTrip,Leisure,0.701,4070
DELJUL26-03532,Aerocity,Economy,Deluxe,2026-07-29,2026-08-01,3,3,8027,Confirmed,Goibibo,Couple,0.931,72242
DELJUL26-03533,Aerocity,Luxury,Standard,2026-07-01,2026-07-05,4,3,13681,Completed,Goibibo,Family,0.629,164173
DELJUL26-03534,Rohini,Midscale,Premium,2026-07-30,2026-08-01,2,1,1736,Completed,Direct,Business,0.835,3472
DELJUL26-03535,Aerocity,Upscale,Standard,2026-07-27,2026-07-31,4,3,16245,Confirmed,Walk-in,Group,0.417,194944
DELJUL26-03536,Aerocity,Upscale,Standard,2026-07-14,2026-07-16,2,3,18315,Confirmed,Agoda,Couple,0.77,109889
DELJUL26-03537,Aerocity,Midscale,Standard,2026-07-10,2026-07-13,3,1,11476,Confirmed,MakeMyTrip,Business,0.944,34427
DELJUL26-03538,Connaught Place,Economy,Standard,2026-07-18,2026-07-23,5,3,4482,Confirmed,MakeMyTrip,Family,0.356,67234
DELJUL26-03539,Dwarka,Midscale,Premium,2026-07-27,2026-08-01,5,1,2876,Confirmed,Agoda,Business,0.505,14382
DELJUL26-03540,Lajpat Nagar,Upscale,Standard,2026-07-01,2026-07-04,3,3,4451,Completed,Goibibo,Family,0.821,40061
DELJUL26-03541,Greater Kailash,Luxury,Premium,2026-07-14,2026-07-16,2,3,14267,Confirmed,Agoda,Business,0.79,85604
DELJUL26-03542,Dwarka,Economy,Standard,2026-07-02,2026-07-07,5,3,1658,Confirmed,MakeMyTrip,Couple,0.791,24872
DELJUL26-03543,Aerocity,Midscale,Standard,2026-07-20,2026-07-23,3,2,10591,Completed,MakeMyTrip,Family,0.939,63547
DELJUL26-03544,Greater Kailash,Economy,Deluxe,2026-07-03,2026-07-05,2,3,6274,Completed,MakeMyTrip,Leisure,0.408,37646
DELJUL26-03545,Aerocity,Midscale,Deluxe,2026-07-10,2026-07-13,3,2,11082,Confirmed,Booking.com,Leisure,0.755,66491
DELJUL26-03546,South Delhi,Upscale,Premium,2026-07-23,2026-07-26,3,1,8616,Cancelled,Agoda,Leisure,0.735,0
DELJUL26-03547,Saket,Upscale,Deluxe,2026-07-24,2026-07-29,5,3,7298,Confirmed,Agoda,Leisure,0.473,109467
DELJUL26-03548,Lajpat Nagar,Economy,Deluxe,2026-07-08,2026-07-10,2,3,1986,Completed,Direct,Leisure,0.478,11913
DELJUL26-03549,Paharganj,Economy,Standard,2026-07-16,2026-07-17,1,1,1836,Completed,Direct,Couple,0.74,1836
DELJUL26-03550,South Delhi,Economy,Premium,2026-07-06,2026-07-09,3,1,5486,Confirmed,Direct,Family,0.743,16458
DELJUL26-03551,Saket,Budget,Deluxe,2026-07-19,2026-07-24,5,2,3316,Confirmed,Booking.com,Leisure,0.71,33162
DELJUL26-03552,Dwarka,Economy,Deluxe,2026-07-01,2026-07-02,1,2,2830,Confirmed,Direct,Family,0.627,5659
DELJUL26-03553,Rohini,Upscale,Premium,2026-07-26,2026-07-31,5,2,5666,Completed,Goibibo,Business,0.762,56665
DELJUL26-03554,Greater Kailash,Economy,Standard,2026-07-01,2026-07-02,1,2,4087,Confirmed,Walk-in,Family,0.543,8174
DELJUL26-03555,Saket,Economy,Premium,2026-07-19,2026-07-22,3,1,2666,Cancelled,Agoda,Family,0.491,0
DELJUL26-03556,Saket,Midscale,Deluxe,2026-07-13,2026-07-16,3,1,4201,Confirmed,Walk-in,Family,0.707,12603
DELJUL26-03557,Greater Kailash,Budget,Premium,2026-07-07,2026-07-08,1,2,2874,Completed,Direct,Business,0.72,5748
DELJUL26-03558,Paharganj,Economy,Deluxe,2026-07-17,2026-07-21,4,2,2295,Confirmed,Agoda,Leisure,0.837,18364
DELJUL26-03559,Connaught Place,Luxury,Standard,2026-07-05,2026-07-06,1,1,21069,Completed,Agoda,Couple,0.6,21069
DELJUL26-03560,Saket,Budget,Deluxe,2026-07-18,2026-07-21,3,2,4264,Confirmed,MakeMyTrip,Couple,0.808,25582
DELJUL26-03561,Aerocity,Economy,Deluxe,2026-07-20,2026-07-23,3,3,8126,Confirmed,Agoda,Group,0.901,73133
DELJUL26-03562,Connaught Place,Midscale,Standard,2026-07-15,2026-07-18,3,1,6462,Confirmed,Direct,Couple,0.605,19385
DELJUL26-03563,Saket,Budget,Deluxe,2026-07-12,2026-07-13,1,1,2417,Cancelled,Goibibo,Business,0.676,0
DELJUL26-03564,Greater Kailash,Economy,Deluxe,2026-07-15,2026-07-18,3,2,4329,Confirmed,Agoda,Couple,0.896,25977
DELJUL26-03565,Greater Kailash,Budget,Premium,2026-07-30,2026-08-03,4,3,2972,Confirmed,MakeMyTrip,Group,0.53,35659
DELJUL26-03566,Karol Bagh,Economy,Premium,2026-07-24,2026-07-27,3,2,3945,Confirmed,Booking.com,Leisure,0.784,23668
DELJUL26-03567,Saket,Upscale,Standard,2026-07-01,2026-07-05,4,3,7205,Confirmed,Direct,Family,0.696,86458
DELJUL26-03568,Connaught Place,Economy,Standard,2026-07-09,2026-07-13,4,3,4921,Completed,Booking.com,Couple,0.598,59052
DELJUL26-03569,Greater Kailash,Economy,Standard,2026-07-01,2026-07-02,1,3,3815,Confirmed,Agoda,Group,0.869,11446
DELJUL26-03570,Karol Bagh,Economy,Deluxe,2026-07-08,2026-07-13,5,2,1663,Completed,Walk-in,Family,0.444,16627
DELJUL26-03571,Greater Kailash,Luxury,Premium,2026-07-25,2026-07-30,5,1,14817,Completed,Goibibo,Group,0.371,74083
DELJUL26-03572,Lajpat Nagar,Budget,Deluxe,2026-07-27,2026-08-01,5,3,1427,Completed,Booking.com,Couple,0.474,21406
DELJUL26-03573,South Delhi,Upscale,Premium,2026-07-15,2026-07-20,5,1,5420,Confirmed,Booking.com,Couple,0.876,27102
DELJUL26-03574,Paharganj,Economy,Deluxe,2026-07-22,2026-07-24,2,3,1421,Completed,Walk-in,Leisure,0.556,8526
DELJUL26-03575,Rohini,Luxury,Deluxe,2026-07-12,2026-07-16,4,1,7531,Completed,Goibibo,Family,0.76,30123
DELJUL26-03576,South Delhi,Economy,Suite,2026-07-15,2026-07-18,3,3,5137,Confirmed,Agoda,Couple,0.489,46230
DELJUL26-03577,South Delhi,Budget,Standard,2026-07-26,2026-07-31,5,2,3570,Confirmed,MakeMyTrip,Leisure,0.645,35702
DELJUL26-03578,Lajpat Nagar,Midscale,Standard,2026-07-09,2026-07-14,5,1,3410,Confirmed,Walk-in,Group,0.664,17052
DELJUL26-03579,Lajpat Nagar,Budget,Standard,2026-07-10,2026-07-11,1,2,1311,Confirmed,MakeMyTrip,Couple,0.497,2621
DELJUL26-03580,Aerocity,Upscale,Standard,2026-07-05,2026-07-10,5,2,14236,Confirmed,Agoda,Group,0.582,142364
DELJUL26-03581,Lajpat Nagar,Midscale,Deluxe,2026-07-07,2026-07-11,4,3,2807,Confirmed,Walk-in,Couple,0.507,33678
DELJUL26-03582,Greater Kailash,Midscale,Standard,2026-07-02,2026-07-05,3,2,4416,Completed,MakeMyTrip,Group,0.41,26496
DELJUL26-03583,Karol Bagh,Budget,Standard,2026-07-26,2026-07-29,3,1,2215,Confirmed,Agoda,Group,0.609,6645
DELJUL26-03584,Paharganj,Midscale,Standard,2026-07-27,2026-07-30,3,1,1977,Confirmed,Goibibo,Leisure,0.688,5930
DELJUL26-03585,Greater Kailash,Economy,Standard,2026-07-14,2026-07-18,4,2,3618,Completed,MakeMyTrip,Group,0.404,28940
DELJUL26-03586,Karol Bagh,Luxury,Standard,2026-07-19,2026-07-23,4,3,8977,Confirmed,Agoda,Family,0.565,107720
DELJUL26-03587,Saket,Midscale,Premium,2026-07-08,2026-07-11,3,2,5623,Confirmed,MakeMyTrip,Family,0.628,33739
DELJUL26-03588,South Delhi,Midscale,Deluxe,2026-07-02,2026-07-07,5,1,4538,Confirmed,Agoda,Business,0.91,22692
DELJUL26-03589,South Delhi,Upscale,Premium,2026-07-16,2026-07-18,2,1,8341,Confirmed,Direct,Family,0.716,16682
DELJUL26-03590,Rohini,Midscale,Standard,2026-07-05,2026-07-08,3,3,3190,Cancelled,Walk-in,Family,0.915,0
DELJUL26-03591,Connaught Place,Midscale,Standard,2026-07-27,2026-07-30,3,3,4562,Confirmed,Walk-in,Family,0.665,41054
DELJUL26-03592,Karol Bagh,Budget,Deluxe,2026-07-09,2026-07-10,1,1,1587,Completed,Walk-in,Couple,0.832,1587
DELJUL26-03593,Rohini,Midscale,Standard,2026-07-23,2026-07-26,3,1,2847,Completed,Walk-in,Couple,0.408,8542
DELJUL26-03594,Dwarka,Economy,Standard,2026-07-09,2026-07-14,5,3,2593,Confirmed,Agoda,Couple,0.689,38890
DELJUL26-03595,Karol Bagh,Budget,Deluxe,2026-07-04,2026-07-08,4,2,3073,Completed,Agoda,Family,0.562,24581
DELJUL26-03596,Karol Bagh,Upscale,Deluxe,2026-07-18,2026-07-22,4,1,4131,Completed,Walk-in,Group,0.787,16522
DELJUL26-03597,Paharganj,Budget,Premium,2026-07-06,2026-07-07,1,3,928,Completed,Agoda,Group,0.877,2784
DELJUL26-03598,Dwarka,Midscale,Standard,2026-07-13,2026-07-14,1,3,3333,Confirmed,Booking.com,Group,0.777,10000
DELJUL26-03599,Karol Bagh,Budget,Deluxe,2026-07-10,2026-07-13,3,3,2130,Completed,Direct,Couple,0.403,19169
DELJUL26-03600,South Delhi,Economy,Standard,2026-07-28,2026-07-30,2,3,4082,Confirmed,Walk-in,Business,0.723,24495
DELJUL26-03601,Saket,Upscale,Deluxe,2026-07-16,2026-07-17,1,2,8949,Confirmed,Direct,Group,0.796,17898
DELJUL26-03602,South Delhi,Budget,Premium,2026-07-23,2026-07-26,3,1,2776,Completed,Walk-in,Group,0.368,8329
DELJUL26-03603,Connaught Place,Midscale,Deluxe,2026-07-19,2026-07-23,4,2,9414,Confirmed,Walk-in,Business,0.452,75310
DELJUL26-03604,South Delhi,Midscale,Standard,2026-07-29,2026-08-02,4,1,8248,Confirmed,Direct,Group,0.758,32992
DELJUL26-03605,Rohini,Upscale,Premium,2026-07-14,2026-07-15,1,2,3830,Confirmed,Agoda,Family,0.539,7659
DELJUL26-03606,Connaught Place,Budget,Deluxe,2026-07-27,2026-07-31,4,2,5494,Completed,Goibibo,Couple,0.387,43954
DELJUL26-03607,Paharganj,Upscale,Premium,2026-07-28,2026-07-30,2,2,4541,Confirmed,MakeMyTrip,Business,0.884,18162
DELJUL26-03608,South Delhi,Economy,Deluxe,2026-07-29,2026-07-30,1,1,3741,Confirmed,Goibibo,Business,0.921,3741
DELJUL26-03609,South Delhi,Economy,Premium,2026-07-22,2026-07-25,3,2,5017,Completed,MakeMyTrip,Family,0.574,30105
DELJUL26-03610,South Delhi,Economy,Standard,2026-07-31,2026-08-02,2,1,6136,Confirmed,Agoda,Leisure,0.946,12272
DELJUL26-03611,Dwarka,Economy,Deluxe,2026-07-24,2026-07-28,4,1,2029,Confirmed,MakeMyTrip,Leisure,0.864,8118
DELJUL26-03612,South Delhi,Midscale,Standard,2026-07-10,2026-07-14,4,3,6161,Completed,Direct,Family,0.684,73928
DELJUL26-03613,South Delhi,Budget,Deluxe,2026-07-05,2026-07-09,4,3,3249,Completed,MakeMyTrip,Group,0.798,38990
DELJUL26-03614,Aerocity,Economy,Premium,2026-07-07,2026-07-08,1,2,10754,Completed,Goibibo,Leisure,0.912,21507
DELJUL26-03615,Greater Kailash,Midscale,Deluxe,2026-07-18,2026-07-20,2,2,5192,Confirmed,MakeMyTrip,Business,0.786,20767
DELJUL26-03616,Saket,Economy,Deluxe,2026-07-06,2026-07-09,3,1,5340,Confirmed,Goibibo,Business,0.552,16021
DELJUL26-03617,Aerocity,Budget,Standard,2026-07-08,2026-07-13,5,2,4671,Completed,Walk-in,Business,0.466,46711
DELJUL26-03618,Saket,Economy,Standard,2026-07-20,2026-07-23,3,2,3584,Confirmed,MakeMyTrip,Leisure,0.609,21505
DELJUL26-03619,Saket,Economy,Deluxe,2026-07-11,2026-07-15,4,3,6617,Completed,Agoda,Leisure,0.462,79407
DELJUL26-03620,Aerocity,Midscale,Standard,2026-07-22,2026-07-24,2,1,7637,Confirmed,Walk-in,Family,0.363,15275
DELJUL26-03621,Rohini,Upscale,Standard,2026-07-31,2026-08-02,2,3,2437,Completed,Agoda,Family,0.624,14623
DELJUL26-03622,Karol Bagh,Midscale,Deluxe,2026-07-03,2026-07-07,4,3,3657,Confirmed,Goibibo,Couple,0.548,43885
DELJUL26-03623,Paharganj,Midscale,Deluxe,2026-07-20,2026-07-25,5,2,2672,Completed,Walk-in,Group,0.407,26718
DELJUL26-03624,Saket,Budget,Standard,2026-07-26,2026-07-27,1,1,2597,Confirmed,MakeMyTrip,Leisure,0.873,2597
DELJUL26-03625,Lajpat Nagar,Luxury,Standard,2026-07-05,2026-07-08,3,2,5587,Completed,Booking.com,Business,0.424,33523
DELJUL26-03626,Greater Kailash,Economy,Standard,2026-07-25,2026-07-29,4,2,4560,Confirmed,Walk-in,Group,0.728,36483
DELJUL26-03627,Greater Kailash,Economy,Deluxe,2026-07-16,2026-07-17,1,3,4370,Cancelled,Walk-in,Business,0.692,0
DELJUL26-03628,Karol Bagh,Budget,Premium,2026-07-20,2026-07-24,4,1,1145,Confirmed,Direct,Leisure,0.937,4582
DELJUL26-03629,Lajpat Nagar,Budget,Standard,2026-07-02,2026-07-05,3,1,2183,Confirmed,Booking.com,Business,0.502,6550
DELJUL26-03630,Lajpat Nagar,Upscale,Standard,2026-07-14,2026-07-17,3,3,3795,Confirmed,Booking.com,Business,0.491,34157
DELJUL26-03631,Saket,Budget,Premium,2026-07-12,2026-07-15,3,1,2330,Confirmed,Agoda,Business,0.726,6991
DELJUL26-03632,Dwarka,Economy,Standard,2026-07-05,2026-07-10,5,1,3430,Completed,Booking.com,Family,0.685,17152
DELJUL26-03633,Aerocity,Budget,Deluxe,2026-07-24,2026-07-25,1,3,5939,Completed,Goibibo,Business,0.837,17818
DELJUL26-03634,Greater Kailash,Luxury,Standard,2026-07-16,2026-07-18,2,3,9675,Completed,Walk-in,Family,0.454,58051
DELJUL26-03635,Rohini,Upscale,Premium,2026-07-28,2026-07-30,2,1,3315,Confirmed,Walk-in,Group,0.53,6630
DELJUL26-03636,Saket,Upscale,Deluxe,2026-07-05,2026-07-10,5,2,6795,Confirmed,Walk-in,Business,0.353,67954
DELJUL26-03637,Dwarka,Upscale,Standard,2026-07-23,2026-07-26,3,3,7607,Confirmed,Goibibo,Family,0.783,68464
DELJUL26-03638,Saket,Upscale,Standard,2026-07-19,2026-07-20,1,3,5498,Confirmed,Goibibo,Couple,0.545,16493
DELJUL26-03639,Aerocity,Economy,Standard,2026-07-21,2026-07-22,1,2,5478,Cancelled,Agoda,Leisure,0.492,0
DELJUL26-03640,South Delhi,Budget,Standard,2026-07-10,2026-07-15,5,1,4018,Completed,Booking.com,Business,0.713,20092
DELJUL26-03641,Greater Kailash,Economy,Standard,2026-07-22,2026-07-23,1,1,3767,Confirmed,Goibibo,Couple,0.501,3767
DELJUL26-03642,Rohini,Economy,Deluxe,2026-07-08,2026-07-09,1,3,1544,Confirmed,MakeMyTrip,Business,0.384,4631
DELJUL26-03643,Rohini,Midscale,Premium,2026-07-24,2026-07-27,3,3,1830,Confirmed,Agoda,Family,0.492,16466
DELJUL26-03644,Saket,Budget,Standard,2026-07-14,2026-07-17,3,3,4233,Confirmed,Goibibo,Family,0.86,38097
DELJUL26-03645,Rohini,Budget,Standard,2026-07-15,2026-07-17,2,3,1844,Confirmed,MakeMyTrip,Group,0.707,11067
DELJUL26-03646,Dwarka,Midscale,Premium,2026-07-19,2026-07-20,1,1,3799,Confirmed,Goibibo,Leisure,0.633,3799
DELJUL26-03647,South Delhi,Budget,Standard,2026-07-03,2026-07-04,1,1,3983,Confirmed,Booking.com,Couple,0.645,3983
DELJUL26-03648,South Delhi,Budget,Deluxe,2026-07-12,2026-07-15,3,1,2900,Confirmed,Booking.com,Group,0.948,8699
DELJUL26-03649,Rohini,Budget,Deluxe,2026-07-07,2026-07-12,5,2,1942,Completed,Agoda,Group,0.369,19423
DELJUL26-03650,Greater Kailash,Midscale,Deluxe,2026-07-30,2026-07-31,1,3,6772,Completed,Direct,Family,0.447,20315
DELJUL26-03651,Connaught Place,Budget,Deluxe,2026-07-14,2026-07-17,3,3,4918,Confirmed,Agoda,Business,0.869,44260
DELJUL26-03652,Aerocity,Budget,Suite,2026-07-01,2026-07-02,1,2,5513,Confirmed,Walk-in,Leisure,0.671,11026
DELJUL26-03653,Saket,Budget,Standard,2026-07-01,2026-07-05,4,3,2804,Confirmed,Agoda,Business,0.947,33648
DELJUL26-03654,Dwarka,Upscale,Standard,2026-07-29,2026-07-30,1,3,4099,Completed,Goibibo,Couple,0.76,12298
DELJUL26-03655,South Delhi,Budget,Standard,2026-07-05,2026-07-07,2,2,3431,Cancelled,Agoda,Leisure,0.784,0
DELJUL26-03656,Saket,Budget,Standard,2026-07-01,2026-07-02,1,3,2408,Completed,Direct,Couple,0.698,7225
DELJUL26-03657,Dwarka,Upscale,Standard,2026-07-07,2026-07-11,4,1,4444,Cancelled,Direct,Group,0.36,0
DELJUL26-03658,Rohini,Upscale,Standard,2026-07-07,2026-07-11,4,1,2855,Completed,Walk-in,Family,0.895,11421
DELJUL26-03659,Paharganj,Budget,Deluxe,2026-07-03,2026-07-04,1,1,993,Confirmed,MakeMyTrip,Group,0.664,993
DELJUL26-03660,Saket,Economy,Standard,2026-07-31,2026-08-03,3,1,6962,Confirmed,MakeMyTrip,Group,0.355,20886
DELJUL26-03661,Dwarka,Budget,Premium,2026-07-02,2026-07-04,2,1,2123,Confirmed,Direct,Couple,0.476,4245
DELJUL26-03662,Saket,Midscale,Standard,2026-07-23,2026-07-24,1,2,5828,Cancelled,Agoda,Family,0.56,0
DELJUL26-03663,Rohini,Economy,Deluxe,2026-07-26,2026-07-27,1,3,1984,Confirmed,Direct,Family,0.522,5952
DELJUL26-03664,Rohini,Luxury,Standard,2026-07-20,2026-07-25,5,2,5452,Completed,Booking.com,Business,0.367,54521
DELJUL26-03665,Dwarka,Upscale,Standard,2026-07-05,2026-07-09,4,2,5763,Completed,Booking.com,Leisure,0.518,46102
DELJUL26-03666,Saket,Midscale,Deluxe,2026-07-23,2026-07-27,4,2,5897,Completed,Walk-in,Couple,0.888,47177
DELJUL26-03667,Dwarka,Budget,Standard,2026-07-11,2026-07-13,2,1,2274,Completed,Walk-in,Family,0.703,4549
DELJUL26-03668,Connaught Place,Upscale,Deluxe,2026-07-13,2026-07-15,2,3,11038,Cancelled,Direct,Group,0.546,0
DELJUL26-03669,Saket,Midscale,Deluxe,2026-07-08,2026-07-12,4,3,4850,Completed,Direct,Couple,0.403,58203
DELJUL26-03670,Karol Bagh,Upscale,Deluxe,2026-07-25,2026-07-28,3,2,6340,Completed,Walk-in,Business,0.801,38041
DELJUL26-03671,Connaught Place,Budget,Deluxe,2026-07-18,2026-07-19,1,3,6506,Confirmed,Goibibo,Group,0.781,19518
DELJUL26-03672,Aerocity,Midscale,Premium,2026-07-05,2026-07-08,3,3,8338,Completed,Agoda,Leisure,0.351,75043
DELJUL26-03673,Dwarka,Upscale,Standard,2026-07-13,2026-07-16,3,3,4432,Completed,Goibibo,Leisure,0.946,39885
DELJUL26-03674,Aerocity,Luxury,Premium,2026-07-25,2026-07-28,3,1,16657,Completed,Booking.com,Couple,0.509,49972
DELJUL26-03675,South Delhi,Midscale,Standard,2026-07-30,2026-08-02,3,1,7130,Completed,Agoda,Couple,0.507,21391
DELJUL26-03676,Saket,Midscale,Standard,2026-07-30,2026-08-04,5,2,9069,Confirmed,Booking.com,Couple,0.531,90689
DELJUL26-03677,Paharganj,Economy,Premium,2026-07-05,2026-07-07,2,1,2499,Completed,Direct,Couple,0.927,4997
DELJUL26-03678,Greater Kailash,Midscale,Standard,2026-07-27,2026-07-30,3,1,6114,Confirmed,Walk-in,Business,0.855,18341
DELJUL26-03679,Dwarka,Upscale,Premium,2026-07-18,2026-07-23,5,1,4186,Completed,MakeMyTrip,Leisure,0.732,20931
DELJUL26-03680,Greater Kailash,Midscale,Deluxe,2026-07-23,2026-07-28,5,1,6954,Completed,Direct,Group,0.647,34772
DELJUL26-03681,Greater Kailash,Budget,Premium,2026-07-12,2026-07-17,5,1,2593,Cancelled,MakeMyTrip,Business,0.546,0
DELJUL26-03682,Aerocity,Budget,Standard,2026-07-21,2026-07-25,4,1,5994,Confirmed,Direct,Leisure,0.551,23974
DELJUL26-03683,Karol Bagh,Midscale,Deluxe,2026-07-09,2026-07-10,1,3,4430,Completed,MakeMyTrip,Leisure,0.545,13291
DELJUL26-03684,Dwarka,Upscale,Standard,2026-07-17,2026-07-22,5,3,4878,Confirmed,Agoda,Group,0.868,73174
DELJUL26-03685,Rohini,Budget,Standard,2026-07-07,2026-07-08,1,1,1056,Confirmed,MakeMyTrip,Group,0.759,1056
DELJUL26-03686,Connaught Place,Economy,Deluxe,2026-07-13,2026-07-16,3,2,6172,Confirmed,Direct,Group,0.594,37035
DELJUL26-03687,Connaught Place,Luxury,Deluxe,2026-07-13,2026-07-16,3,2,18880,Completed,Walk-in,Group,0.946,113281
DELJUL26-03688,Rohini,Midscale,Deluxe,2026-07-27,2026-07-31,4,1,2590,Confirmed,Goibibo,Leisure,0.456,10361
DELJUL26-03689,Rohini,Budget,Deluxe,2026-07-20,2026-07-24,4,1,1978,Confirmed,Direct,Leisure,0.396,7913
DELJUL26-03690,Connaught Place,Economy,Premium,2026-07-21,2026-07-25,4,3,5735,Completed,Goibibo,Family,0.571,68815
DELJUL26-03691,Saket,Economy,Standard,2026-07-09,2026-07-11,2,2,5385,Confirmed,Walk-in,Family,0.939,21541
DELJUL26-03692,South Delhi,Budget,Standard,2026-07-14,2026-07-18,4,3,2262,Completed,Direct,Leisure,0.364,27147
DELJUL26-03693,Connaught Place,Midscale,Deluxe,2026-07-15,2026-07-19,4,1,6612,Cancelled,Agoda,Group,0.399,0
DELJUL26-03694,Paharganj,Midscale,Deluxe,2026-07-25,2026-07-26,1,2,2894,Confirmed,MakeMyTrip,Couple,0.555,5788
DELJUL26-03695,Paharganj,Midscale,Standard,2026-07-06,2026-07-10,4,1,1687,Completed,Agoda,Couple,0.942,6749
DELJUL26-03696,South Delhi,Midscale,Standard,2026-07-02,2026-07-03,1,1,6428,Confirmed,Direct,Family,0.556,6428
DELJUL26-03697,Paharganj,Budget,Standard,2026-07-16,2026-07-19,3,2,1868,Completed,Walk-in,Group,0.757,11208
DELJUL26-03698,Saket,Budget,Deluxe,2026-07-26,2026-07-28,2,1,2162,Confirmed,Walk-in,Couple,0.868,4324
DELJUL26-03699,Karol Bagh,Budget,Standard,2026-07-23,2026-07-25,2,3,1737,Completed,Goibibo,Family,0.752,10424
DELJUL26-03700,Greater Kailash,Budget,Deluxe,2026-07-26,2026-07-28,2,1,4622,Cancelled,Booking.com,Family,0.404,0
DELJUL26-03701,Connaught Place,Midscale,Deluxe,2026-07-13,2026-07-18,5,3,7198,Completed,Direct,Group,0.439,107965
DELJUL26-03702,Karol Bagh,Budget,Suite,2026-07-08,2026-07-13,5,2,2012,Confirmed,Agoda,Business,0.505,20115
DELJUL26-03703,Karol Bagh,Midscale,Standard,2026-07-21,2026-07-25,4,2,3548,Completed,Agoda,Group,0.828,28384
DELJUL26-03704,Rohini,Budget,Premium,2026-07-02,2026-07-06,4,1,1299,Confirmed,Agoda,Leisure,0.831,5194
DELJUL26-03705,Rohini,Budget,Deluxe,2026-07-28,2026-07-30,2,3,1192,Completed,MakeMyTrip,Leisure,0.452,7151
DELJUL26-03706,Dwarka,Budget,Standard,2026-07-23,2026-07-24,1,2,2350,Confirmed,Agoda,Leisure,0.577,4700
DELJUL26-03707,Connaught Place,Midscale,Standard,2026-07-16,2026-07-19,3,3,8030,Confirmed,Agoda,Business,0.434,72270
DELJUL26-03708,Greater Kailash,Midscale,Standard,2026-07-07,2026-07-10,3,3,5159,Completed,MakeMyTrip,Family,0.634,46433
DELJUL26-03709,Saket,Upscale,Standard,2026-07-08,2026-07-10,2,3,5137,Confirmed,Agoda,Group,0.569,30823
DELJUL26-03710,Lajpat Nagar,Budget,Standard,2026-07-31,2026-08-02,2,1,2355,Completed,Booking.com,Group,0.945,4711
DELJUL26-03711,Paharganj,Midscale,Standard,2026-07-01,2026-07-02,1,1,1790,Completed,Agoda,Leisure,0.583,1790
DELJUL26-03712,Rohini,Upscale,Premium,2026-07-01,2026-07-06,5,1,4661,Confirmed,Goibibo,Couple,0.38,23305
DELJUL26-03713,Lajpat Nagar,Economy,Standard,2026-07-11,2026-07-13,2,2,2495,Completed,Agoda,Business,0.662,9981
DELJUL26-03714,Karol Bagh,Budget,Standard,2026-07-08,2026-07-13,5,3,1813,Confirmed,Agoda,Business,0.894,27197
DELJUL26-03715,Greater Kailash,Budget,Deluxe,2026-07-21,2026-07-25,4,3,3060,Completed,Direct,Group,0.572,36720
DELJUL26-03716,Karol Bagh,Budget,Premium,2026-07-02,2026-07-03,1,2,1520,Confirmed,Agoda,Group,0.841,3040
DELJUL26-03717,Paharganj,Upscale,Premium,2026-07-25,2026-07-26,1,2,3930,Confirmed,Agoda,Couple,0.6,7860
DELJUL26-03718,Karol Bagh,Economy,Premium,2026-07-25,2026-07-28,3,3,3052,Completed,Direct,Leisure,0.691,27472
DELJUL26-03719,South Delhi,Midscale,Premium,2026-07-08,2026-07-09,1,2,5287,Completed,Booking.com,Leisure,0.651,10575
DELJUL26-03720,Karol Bagh,Upscale,Standard,2026-07-18,2026-07-23,5,3,4718,Completed,Agoda,Group,0.874,70774
DELJUL26-03721,South Delhi,Economy,Deluxe,2026-07-21,2026-07-26,5,2,4456,Completed,MakeMyTrip,Business,0.691,44555
DELJUL26-03722,Dwarka,Midscale,Standard,2026-07-27,2026-07-31,4,2,2864,Confirmed,Direct,Business,0.577,22912
DELJUL26-03723,Greater Kailash,Budget,Premium,2026-07-23,2026-07-25,2,3,3770,Confirmed,Walk-in,Family,0.81,22622
DELJUL26-03724,Rohini,Economy,Standard,2026-07-30,2026-08-04,5,3,1745,Confirmed,Goibibo,Leisure,0.38,26179
DELJUL26-03725,Aerocity,Budget,Deluxe,2026-07-04,2026-07-08,4,2,5422,Completed,MakeMyTrip,Couple,0.514,43374
DELJUL26-03726,Rohini,Budget,Standard,2026-07-19,2026-07-21,2,2,1106,Confirmed,Goibibo,Group,0.522,4423
DELJUL26-03727,Connaught Place,Economy,Premium,2026-07-24,2026-07-29,5,2,6576,Completed,MakeMyTrip,Business,0.691,65765
DELJUL26-03728,Dwarka,Midscale,Standard,2026-07-08,2026-07-10,2,3,3506,Confirmed,Direct,Family,0.851,21035
DELJUL26-03729,Paharganj,Midscale,Premium,2026-07-07,2026-07-10,3,1,2394,Confirmed,Goibibo,Group,0.682,7183
DELJUL26-03730,South Delhi,Midscale,Premium,2026-07-03,2026-07-07,4,3,7172,Completed,Walk-in,Group,0.625,86059
DELJUL26-03731,Greater Kailash,Budget,Standard,2026-07-31,2026-08-05,5,3,4187,Confirmed,Walk-in,Leisure,0.389,62800
DELJUL26-03732,Lajpat Nagar,Luxury,Deluxe,2026-07-27,2026-07-28,1,1,8781,Confirmed,Goibibo,Couple,0.932,8781
DELJUL26-03733,Saket,Budget,Standard,2026-07-04,2026-07-06,2,2,3779,Cancelled,Direct,Leisure,0.527,0
DELJUL26-03734,Rohini,Upscale,Standard,2026-07-08,2026-07-13,5,2,3031,Completed,Booking.com,Leisure,0.428,30310
DELJUL26-03735,Paharganj,Midscale,Standard,2026-07-15,2026-07-18,3,2,2719,Confirmed,Booking.com,Couple,0.85,16316
DELJUL26-03736,Karol Bagh,Midscale,Deluxe,2026-07-28,2026-08-01,4,1,2119,Confirmed,Direct,Leisure,0.884,8476
DELJUL26-03737,Paharganj,Economy,Standard,2026-07-26,2026-07-30,4,3,2087,Confirmed,Direct,Leisure,0.529,25048
DELJUL26-03738,Dwarka,Upscale,Deluxe,2026-07-28,2026-07-30,2,2,5669,Cancelled,Agoda,Family,0.679,0
DELJUL26-03739,South Delhi,Midscale,Deluxe,2026-07-26,2026-07-28,2,3,7605,Confirmed,MakeMyTrip,Family,0.82,45631
DELJUL26-03740,Lajpat Nagar,Budget,Standard,2026-07-20,2026-07-23,3,1,2622,Completed,Walk-in,Family,0.363,7867
DELJUL26-03741,Karol Bagh,Upscale,Standard,2026-07-10,2026-07-11,1,3,5469,Confirmed,Direct,Group,0.942,16407
DELJUL26-03742,Paharganj,Budget,Standard,2026-07-19,2026-07-23,4,2,1219,Completed,Direct,Family,0.544,9756
DELJUL26-03743,Rohini,Midscale,Standard,2026-07-16,2026-07-17,1,2,2090,Completed,Agoda,Business,0.638,4180
DELJUL26-03744,Saket,Midscale,Suite,2026-07-30,2026-08-04,5,2,6372,Completed,Booking.com,Business,0.38,63724
DELJUL26-03745,Karol Bagh,Upscale,Standard,2026-07-14,2026-07-18,4,3,3347,Cancelled,Booking.com,Group,0.378,0
DELJUL26-03746,Rohini,Economy,Deluxe,2026-07-24,2026-07-26,2,2,1427,Confirmed,Goibibo,Business,0.417,5708
DELJUL26-03747,Saket,Budget,Premium,2026-07-06,2026-07-07,1,2,4550,Confirmed,Walk-in,Leisure,0.543,9101
DELJUL26-03748,Rohini,Economy,Standard,2026-07-22,2026-07-26,4,2,2562,Cancelled,MakeMyTrip,Family,0.903,0
DELJUL26-03749,Rohini,Economy,Deluxe,2026-07-15,2026-07-18,3,1,2288,Confirmed,Agoda,Couple,0.659,6864
DELJUL26-03750,Rohini,Midscale,Premium,2026-07-14,2026-07-15,1,1,2882,Confirmed,MakeMyTrip,Leisure,0.545,2882
DELJUL26-03751,Dwarka,Economy,Deluxe,2026-07-24,2026-07-27,3,3,3179,Confirmed,Walk-in,Couple,0.621,28613
DELJUL26-03752,Greater Kailash,Upscale,Standard,2026-07-16,2026-07-21,5,1,7191,Confirmed,MakeMyTrip,Family,0.509,35957
DELJUL26-03753,Rohini,Budget,Deluxe,2026-07-02,2026-07-06,4,1,1492,Confirmed,Direct,Couple,0.724,5966
DELJUL26-03754,Karol Bagh,Budget,Premium,2026-07-13,2026-07-17,4,2,1533,Cancelled,Goibibo,Leisure,0.654,0
DELJUL26-03755,Aerocity,Economy,Deluxe,2026-07-30,2026-08-02,3,1,8451,Completed,Booking.com,Group,0.577,25354
DELJUL26-03756,Paharganj,Budget,Deluxe,2026-07-30,2026-07-31,1,2,1778,Confirmed,Booking.com,Group,0.762,3557
DELJUL26-03757,South Delhi,Budget,Deluxe,2026-07-20,2026-07-25,5,2,4319,Completed,Booking.com,Couple,0.585,43187
DELJUL26-03758,Dwarka,Economy,Deluxe,2026-07-20,2026-07-24,4,3,1664,Confirmed,MakeMyTrip,Couple,0.834,19969
DELJUL26-03759,Aerocity,Economy,Standard,2026-07-09,2026-07-12,3,2,8139,Completed,Direct,Couple,0.709,48834
DELJUL26-03760,Dwarka,Economy,Premium,2026-07-25,2026-07-29,4,2,2405,Cancelled,Direct,Leisure,0.471,0
DELJUL26-03761,Connaught Place,Midscale,Standard,2026-07-19,2026-07-21,2,2,8960,Confirmed,Goibibo,Group,0.448,35842
DELJUL26-03762,Dwarka,Upscale,Premium,2026-07-02,2026-07-06,4,2,3942,Completed,Direct,Couple,0.504,31534
DELJUL26-03763,Dwarka,Midscale,Standard,2026-07-30,2026-08-04,5,3,2688,Confirmed,Agoda,Couple,0.901,40326
DELJUL26-03764,South Delhi,Economy,Deluxe,2026-07-27,2026-07-29,2,3,5097,Confirmed,Walk-in,Family,0.844,30582
DELJUL26-03765,Saket,Budget,Premium,2026-07-03,2026-07-04,1,1,3600,Confirmed,Booking.com,Leisure,0.933,3600
DELJUL26-03766,Saket,Budget,Premium,2026-07-13,2026-07-17,4,3,3951,Completed,Direct,Family,0.797,47407
DELJUL26-03767,South Delhi,Midscale,Standard,2026-07-24,2026-07-29,5,3,4628,Completed,Booking.com,Family,0.899,69427
DELJUL26-03768,Greater Kailash,Midscale,Deluxe,2026-07-23,2026-07-28,5,1,7224,Cancelled,Direct,Business,0.563,0
DELJUL26-03769,Lajpat Nagar,Budget,Standard,2026-07-06,2026-07-11,5,2,1573,Completed,Booking.com,Group,0.722,15734
DELJUL26-03770,Paharganj,Budget,Standard,2026-07-02,2026-07-04,2,2,1008,Confirmed,Walk-in,Business,0.585,4031
DELJUL26-03771,Saket,Economy,Deluxe,2026-07-31,2026-08-05,5,2,4980,Cancelled,Agoda,Group,0.869,0
DELJUL26-03772,Paharganj,Economy,Suite,2026-07-28,2026-07-30,2,3,1796,Confirmed,Walk-in,Group,0.948,10778
DELJUL26-03773,Dwarka,Luxury,Suite,2026-07-23,2026-07-26,3,1,6949,Confirmed,Agoda,Leisure,0.797,20847
DELJUL26-03774,Connaught Place,Budget,Deluxe,2026-07-21,2026-07-26,5,2,2689,Completed,Walk-in,Leisure,0.819,26890
DELJUL26-03775,Saket,Budget,Deluxe,2026-07-22,2026-07-27,5,2,1885,Completed,Goibibo,Business,0.879,18846
DELJUL26-03776,Connaught Place,Economy,Standard,2026-07-15,2026-07-19,4,1,6143,Completed,Direct,Couple,0.407,24570
DELJUL26-03777,Dwarka,Budget,Standard,2026-07-22,2026-07-25,3,3,1393,Completed,Agoda,Leisure,0.639,12535
DELJUL26-03778,Lajpat Nagar,Budget,Deluxe,2026-07-10,2026-07-13,3,2,2780,Confirmed,Goibibo,Business,0.789,16680
DELJUL26-03779,Rohini,Economy,Premium,2026-07-03,2026-07-08,5,1,2730,Completed,Walk-in,Group,0.713,13650
DELJUL26-03780,Saket,Economy,Deluxe,2026-07-10,2026-07-15,5,1,2463,Confirmed,Agoda,Family,0.674,12317
DELJUL26-03781,Aerocity,Budget,Standard,2026-07-10,2026-07-12,2,1,7318,Completed,Goibibo,Family,0.581,14637
DELJUL26-03782,Karol Bagh,Midscale,Standard,2026-07-10,2026-07-11,1,2,3224,Confirmed,Agoda,Family,0.482,6448
DELJUL26-03783,Connaught Place,Midscale,Standard,2026-07-15,2026-07-20,5,3,6629,Completed,Goibibo,Group,0.903,99442
DELJUL26-03784,Greater Kailash,Budget,Premium,2026-07-05,2026-07-10,5,3,2417,Completed,Direct,Leisure,0.79,36254
DELJUL26-03785,Rohini,Upscale,Standard,2026-07-13,2026-07-14,1,2,5255,Confirmed,Goibibo,Family,0.718,10510
DELJUL26-03786,Dwarka,Economy,Standard,2026-07-15,2026-07-18,3,3,3065,Confirmed,MakeMyTrip,Leisure,0.401,27589
DELJUL26-03787,Connaught Place,Luxury,Deluxe,2026-07-06,2026-07-09,3,3,15388,Confirmed,Direct,Leisure,0.417,138495
DELJUL26-03788,Aerocity,Luxury,Standard,2026-07-15,2026-07-16,1,2,25718,Confirmed,Booking.com,Family,0.609,51436
DELJUL26-03789,Rohini,Economy,Standard,2026-07-21,2026-07-25,4,2,1641,Completed,Walk-in,Group,0.425,13130
DELJUL26-03790,Paharganj,Budget,Deluxe,2026-07-13,2026-07-18,5,3,1958,Confirmed,Goibibo,Family,0.439,29373
DELJUL26-03791,Connaught Place,Upscale,Standard,2026-07-01,2026-07-03,2,2,11796,Confirmed,Direct,Couple,0.399,47186
DELJUL26-03792,Connaught Place,Economy,Deluxe,2026-07-22,2026-07-26,4,3,7392,Confirmed,MakeMyTrip,Group,0.526,88705
DELJUL26-03793,Karol Bagh,Budget,Suite,2026-07-18,2026-07-19,1,1,2428,Confirmed,Agoda,Leisure,0.357,2428
DELJUL26-03794,South Delhi,Midscale,Standard,2026-07-14,2026-07-16,2,3,9873,Confirmed,Goibibo,Couple,0.789,59238
DELJUL26-03795,Lajpat Nagar,Economy,Standard,2026-07-01,2026-07-04,3,2,2125,Completed,Agoda,Group,0.71,12751
DELJUL26-03796,Karol Bagh,Upscale,Deluxe,2026-07-03,2026-07-08,5,3,5846,Completed,Goibibo,Group,0.655,87688
DELJUL26-03797,South Delhi,Midscale,Deluxe,2026-07-03,2026-07-08,5,2,7563,Completed,Direct,Couple,0.942,75633
DELJUL26-03798,Aerocity,Upscale,Suite,2026-07-27,2026-08-01,5,3,16702,Confirmed,Walk-in,Group,0.639,250530
DELJUL26-03799,Aerocity,Midscale,Standard,2026-07-10,2026-07-15,5,3,7955,Confirmed,Goibibo,Couple,0.872,119323
DELJUL26-03800,Aerocity,Midscale,Premium,2026-07-14,2026-07-19,5,1,12431,Confirmed,Walk-in,Leisure,0.464,62153
DELJUL26-03801,Rohini,Midscale,Standard,2026-07-22,2026-07-24,2,1,2041,Cancelled,Booking.com,Group,0.509,0
DELJUL26-03802,Dwarka,Luxury,Standard,2026-07-21,2026-07-22,1,1,7848,Confirmed,Agoda,Group,0.547,7848
DELJUL26-03803,Lajpat Nagar,Luxury,Deluxe,2026-07-02,2026-07-07,5,2,7973,Confirmed,Direct,Leisure,0.944,79732
DELJUL26-03804,Aerocity,Upscale,Standard,2026-07-29,2026-07-30,1,1,10482,Completed,Direct,Group,0.895,10482
DELJUL26-03805,Aerocity,Upscale,Standard,2026-07-09,2026-07-12,3,2,17024,Confirmed,Walk-in,Couple,0.619,102147
DELJUL26-03806,Lajpat Nagar,Midscale,Standard,2026-07-24,2026-07-28,4,2,2982,Cancelled,Walk-in,Family,0.857,0
DELJUL26-03807,Connaught Place,Economy,Standard,2026-07-26,2026-07-27,1,3,6794,Completed,Walk-in,Group,0.49,20382
DELJUL26-03808,Connaught Place,Upscale,Deluxe,2026-07-17,2026-07-22,5,3,13394,Completed,Booking.com,Couple,0.706,200913
DELJUL26-03809,Dwarka,Budget,Standard,2026-07-06,2026-07-08,2,3,2033,Confirmed,Walk-in,Couple,0.447,12198
DELJUL26-03810,South Delhi,Budget,Standard,2026-07-17,2026-07-19,2,3,4941,Completed,Direct,Business,0.695,29647
DELJUL26-03811,Karol Bagh,Economy,Standard,2026-07-08,2026-07-10,2,2,2101,Confirmed,MakeMyTrip,Business,0.483,8403
DELJUL26-03812,Saket,Midscale,Deluxe,2026-07-27,2026-07-30,3,3,8333,Confirmed,MakeMyTrip,Leisure,0.701,74997
DELJUL26-03813,South Delhi,Midscale,Suite,2026-07-24,2026-07-27,3,3,10342,Confirmed,Agoda,Group,0.607,93078
DELJUL26-03814,Saket,Budget,Standard,2026-07-26,2026-07-27,1,3,2672,Confirmed,Agoda,Business,0.685,8015
DELJUL26-03815,Paharganj,Budget,Suite,2026-07-26,2026-07-27,1,2,1502,Confirmed,MakeMyTrip,Leisure,0.447,3004
DELJUL26-03816,Aerocity,Budget,Deluxe,2026-07-06,2026-07-09,3,2,6343,Completed,Direct,Leisure,0.654,38056
DELJUL26-03817,Saket,Economy,Premium,2026-07-01,2026-07-03,2,3,4899,Completed,MakeMyTrip,Business,0.54,29396
DELJUL26-03818,Lajpat Nagar,Budget,Deluxe,2026-07-20,2026-07-24,4,2,2611,Confirmed,Booking.com,Family,0.436,20891
DELJUL26-03819,South Delhi,Midscale,Standard,2026-07-20,2026-07-25,5,2,6514,Confirmed,Agoda,Group,0.65,65138
DELJUL26-03820,Lajpat Nagar,Budget,Premium,2026-07-27,2026-07-28,1,2,2249,Confirmed,Direct,Couple,0.433,4499
DELJUL26-03821,Connaught Place,Economy,Deluxe,2026-07-20,2026-07-21,1,1,4911,Completed,MakeMyTrip,Group,0.606,4911
DELJUL26-03822,Aerocity,Economy,Premium,2026-07-25,2026-07-29,4,1,7275,Confirmed,Goibibo,Leisure,0.544,29102
DELJUL26-03823,Dwarka,Midscale,Premium,2026-07-11,2026-07-12,1,3,4365,Confirmed,Goibibo,Leisure,0.676,13095
DELJUL26-03824,Connaught Place,Upscale,Deluxe,2026-07-04,2026-07-08,4,3,7272,Confirmed,Agoda,Business,0.64,87258
DELJUL26-03825,Dwarka,Budget,Deluxe,2026-07-02,2026-07-05,3,2,1960,Completed,Booking.com,Business,0.431,11758
DELJUL26-03826,Rohini,Economy,Standard,2026-07-14,2026-07-17,3,2,1653,Confirmed,Goibibo,Leisure,0.517,9915
DELJUL26-03827,Paharganj,Midscale,Deluxe,2026-07-01,2026-07-05,4,1,3549,Confirmed,Direct,Group,0.684,14196
DELJUL26-03828,Dwarka,Budget,Deluxe,2026-07-17,2026-07-22,5,1,2254,Confirmed,MakeMyTrip,Group,0.85,11268
DELJUL26-03829,South Delhi,Upscale,Deluxe,2026-07-13,2026-07-14,1,3,7499,Completed,Walk-in,Family,0.386,22498
DELJUL26-03830,Connaught Place,Luxury,Standard,2026-07-08,2026-07-09,1,2,10762,Confirmed,Walk-in,Group,0.405,21524
DELJUL26-03831,Lajpat Nagar,Midscale,Suite,2026-07-19,2026-07-23,4,1,3535,Completed,Goibibo,Leisure,0.828,14139
DELJUL26-03832,Karol Bagh,Luxury,Standard,2026-07-22,2026-07-23,1,2,10076,Completed,MakeMyTrip,Leisure,0.554,20152
DELJUL26-03833,Lajpat Nagar,Economy,Standard,2026-07-02,2026-07-05,3,1,3412,Cancelled,Walk-in,Group,0.504,0
DELJUL26-03834,South Delhi,Economy,Standard,2026-07-15,2026-07-18,3,3,5350,Completed,MakeMyTrip,Group,0.488,48150
DELJUL26-03835,Connaught Place,Budget,Standard,2026-07-30,2026-08-01,2,1,5522,Completed,Agoda,Couple,0.932,11044
DELJUL26-03836,Greater Kailash,Budget,Standard,2026-07-10,2026-07-13,3,3,3077,Confirmed,Goibibo,Group,0.656,27695
DELJUL26-03837,Connaught Place,Budget,Standard,2026-07-25,2026-07-26,1,1,3537,Completed,Direct,Couple,0.447,3537
DELJUL26-03838,Dwarka,Economy,Standard,2026-07-11,2026-07-13,2,1,2691,Cancelled,Agoda,Group,0.594,0
DELJUL26-03839,Rohini,Midscale,Standard,2026-07-09,2026-07-10,1,3,2133,Cancelled,Walk-in,Group,0.506,0
DELJUL26-03840,Rohini,Budget,Standard,2026-07-27,2026-08-01,5,3,1632,Cancelled,Agoda,Group,0.451,0
DELJUL26-03841,Lajpat Nagar,Midscale,Suite,2026-07-12,2026-07-17,5,2,5173,Completed,Goibibo,Group,0.937,51728
DELJUL26-03842,Saket,Budget,Deluxe,2026-07-27,2026-07-29,2,1,4648,Completed,Direct,Family,0.617,9295
DELJUL26-03843,Dwarka,Economy,Standard,2026-07-21,2026-07-22,1,1,3436,Confirmed,Direct,Group,0.765,3436
DELJUL26-03844,Paharganj,Budget,Deluxe,2026-07-26,2026-07-28,2,2,1217,Completed,Walk-in,Business,0.889,4866
DELJUL26-03845,Rohini,Midscale,Deluxe,2026-07-26,2026-07-31,5,2,2513,Completed,MakeMyTrip,Business,0.473,25134
DELJUL26-03846,Saket,Midscale,Deluxe,2026-07-29,2026-08-03,5,2,5767,Completed,MakeMyTrip,Group,0.427,57666
DELJUL26-03847,Greater Kailash,Midscale,Standard,2026-07-18,2026-07-22,4,3,8597,Confirmed,Goibibo,Business,0.506,103160
DELJUL26-03848,Paharganj,Budget,Deluxe,2026-07-30,2026-08-04,5,3,1931,Confirmed,Walk-in,Group,0.778,28968
DELJUL26-03849,Greater Kailash,Economy,Standard,2026-07-02,2026-07-03,1,1,5582,Confirmed,MakeMyTrip,Family,0.579,5582
DELJUL26-03850,Karol Bagh,Luxury,Standard,2026-07-16,2026-07-19,3,3,7936,Confirmed,Goibibo,Business,0.643,71424
DELJUL26-03851,Greater Kailash,Budget,Suite,2026-07-13,2026-07-17,4,2,3702,Confirmed,Goibibo,Family,0.362,29615
DELJUL26-03852,Aerocity,Economy,Standard,2026-07-03,2026-07-04,1,1,9367,Confirmed,MakeMyTrip,Family,0.353,9367
DELJUL26-03853,Connaught Place,Budget,Standard,2026-07-28,2026-07-31,3,3,4854,Confirmed,Goibibo,Leisure,0.594,43688
DELJUL26-03854,Paharganj,Budget,Standard,2026-07-25,2026-07-27,2,3,1570,Completed,Booking.com,Family,0.44,9418
DELJUL26-03855,Saket,Economy,Deluxe,2026-07-24,2026-07-25,1,2,3883,Confirmed,MakeMyTrip,Leisure,0.825,7765
DELJUL26-03856,Greater Kailash,Budget,Standard,2026-07-20,2026-07-22,2,3,3472,Confirmed,MakeMyTrip,Family,0.921,20832
DELJUL26-03857,Paharganj,Midscale,Standard,2026-07-19,2026-07-24,5,3,2505,Completed,Goibibo,Business,0.905,37568
DELJUL26-03858,Aerocity,Upscale,Standard,2026-07-12,2026-07-15,3,3,16272,Confirmed,MakeMyTrip,Couple,0.629,146452
DELJUL26-03859,Paharganj,Budget,Standard,2026-07-22,2026-07-23,1,3,1504,Completed,MakeMyTrip,Group,0.522,4513
DELJUL26-03860,Saket,Budget,Standard,2026-07-31,2026-08-04,4,1,3632,Completed,Walk-in,Leisure,0.64,14528
DELJUL26-03861,Dwarka,Upscale,Standard,2026-07-08,2026-07-11,3,2,3986,Confirmed,Agoda,Leisure,0.412,23917
DELJUL26-03862,South Delhi,Economy,Standard,2026-07-11,2026-07-13,2,1,5321,Confirmed,Walk-in,Family,0.916,10643
DELJUL26-03863,Karol Bagh,Upscale,Standard,2026-07-04,2026-07-06,2,3,5507,Confirmed,Goibibo,Couple,0.753,33041
DELJUL26-03864,South Delhi,Economy,Suite,2026-07-29,2026-08-01,3,2,3492,Confirmed,MakeMyTrip,Business,0.522,20952
DELJUL26-03865,South Delhi,Midscale,Deluxe,2026-07-17,2026-07-22,5,3,8301,Completed,MakeMyTrip,Couple,0.806,124514
DELJUL26-03866,Greater Kailash,Upscale,Standard,2026-07-19,2026-07-23,4,3,6737,Confirmed,Walk-in,Leisure,0.497,80849
DELJUL26-03867,Dwarka,Budget,Standard,2026-07-09,2026-07-12,3,1,1877,Confirmed,Goibibo,Business,0.801,5631
DELJUL26-03868,Lajpat Nagar,Upscale,Deluxe,2026-07-02,2026-07-04,2,1,4209,Cancelled,Walk-in,Family,0.591,0
DELJUL26-03869,Karol Bagh,Midscale,Deluxe,2026-07-25,2026-07-26,1,1,3644,Confirmed,Walk-in,Couple,0.868,3644
DELJUL26-03870,Greater Kailash,Upscale,Standard,2026-07-27,2026-07-28,1,2,9462,Confirmed,Walk-in,Business,0.944,18924
DELJUL26-03871,Aerocity,Budget,Standard,2026-07-11,2026-07-12,1,2,6493,Cancelled,Goibibo,Group,0.542,0
DELJUL26-03872,Connaught Place,Economy,Deluxe,2026-07-24,2026-07-29,5,3,3782,Confirmed,MakeMyTrip,Family,0.681,56723
DELJUL26-03873,Lajpat Nagar,Budget,Standard,2026-07-18,2026-07-21,3,3,3331,Completed,Walk-in,Couple,0.493,29978
DELJUL26-03874,Saket,Luxury,Standard,2026-07-20,2026-07-21,1,2,14669,Completed,Booking.com,Leisure,0.83,29337
DELJUL26-03875,South Delhi,Budget,Standard,2026-07-06,2026-07-11,5,2,3194,Completed,Booking.com,Group,0.645,31942
DELJUL26-03876,South Delhi,Budget,Deluxe,2026-07-20,2026-07-21,1,2,3086,Confirmed,Walk-in,Family,0.94,6173
DELJUL26-03877,South Delhi,Upscale,Standard,2026-07-05,2026-07-09,4,3,6835,Confirmed,Agoda,Family,0.882,82022
DELJUL26-03878,Karol Bagh,Economy,Standard,2026-07-07,2026-07-08,1,3,3281,Completed,Goibibo,Business,0.514,9842
DELJUL26-03879,Connaught Place,Midscale,Standard,2026-07-12,2026-07-15,3,2,5532,Completed,Goibibo,Couple,0.422,33192
DELJUL26-03880,Aerocity,Economy,Deluxe,2026-07-07,2026-07-10,3,2,7002,Completed,MakeMyTrip,Leisure,0.722,42012
DELJUL26-03881,Lajpat Nagar,Midscale,Deluxe,2026-07-29,2026-08-03,5,3,5308,Cancelled,Walk-in,Family,0.541,0
DELJUL26-03882,Karol Bagh,Budget,Deluxe,2026-07-01,2026-07-05,4,1,2422,Confirmed,MakeMyTrip,Couple,0.502,9689
DELJUL26-03883,Dwarka,Economy,Deluxe,2026-07-29,2026-08-01,3,1,3470,Confirmed,MakeMyTrip,Couple,0.677,10409
DELJUL26-03884,Saket,Midscale,Standard,2026-07-05,2026-07-08,3,1,6363,Completed,Direct,Couple,0.673,19088
DELJUL26-03885,Connaught Place,Economy,Standard,2026-07-27,2026-07-31,4,1,4169,Completed,Direct,Business,0.673,16676
DELJUL26-03886,Saket,Economy,Suite,2026-07-11,2026-07-14,3,2,5652,Completed,Booking.com,Family,0.527,33910
DELJUL26-03887,Aerocity,Budget,Premium,2026-07-29,2026-08-02,4,3,4334,Completed,Booking.com,Leisure,0.443,52005
DELJUL26-03888,Connaught Place,Midscale,Standard,2026-07-17,2026-07-20,3,1,5130,Completed,Booking.com,Couple,0.46,15391
DELJUL26-03889,Connaught Place,Budget,Deluxe,2026-07-16,2026-07-21,5,1,6236,Cancelled,Agoda,Business,0.782,0
DELJUL26-03890,Lajpat Nagar,Economy,Standard,2026-07-05,2026-07-06,1,1,2322,Completed,Goibibo,Business,0.631,2322
DELJUL26-03891,Dwarka,Economy,Standard,2026-07-14,2026-07-18,4,3,2160,Completed,Direct,Couple,0.632,25916
DELJUL26-03892,Rohini,Economy,Standard,2026-07-18,2026-07-23,5,1,2672,Completed,Goibibo,Leisure,0.936,13362
DELJUL26-03893,Saket,Midscale,Deluxe,2026-07-31,2026-08-04,4,2,5067,Completed,Direct,Business,0.901,40533
DELJUL26-03894,Karol Bagh,Economy,Premium,2026-07-09,2026-07-14,5,2,2209,Cancelled,Goibibo,Business,0.389,0
DELJUL26-03895,South Delhi,Upscale,Deluxe,2026-07-03,2026-07-06,3,1,8597,Completed,Direct,Group,0.829,25791
DELJUL26-03896,Rohini,Midscale,Deluxe,2026-07-08,2026-07-11,3,3,3237,Cancelled,Direct,Couple,0.499,0
DELJUL26-03897,Dwarka,Upscale,Standard,2026-07-08,2026-07-09,1,1,6028,Completed,Agoda,Business,0.783,6028
DELJUL26-03898,Aerocity,Midscale,Premium,2026-07-30,2026-08-01,2,2,8130,Completed,Direct,Couple,0.454,32520
DELJUL26-03899,Paharganj,Budget,Standard,2026-07-05,2026-07-06,1,2,1575,Completed,Walk-in,Business,0.437,3150
DELJUL26-03900,Rohini,Luxury,Premium,2026-07-31,2026-08-04,4,3,7327,Confirmed,MakeMyTrip,Couple,0.914,87919
DELJUL26-03901,Dwarka,Upscale,Standard,2026-07-04,2026-07-08,4,1,4053,Completed,Agoda,Business,0.685,16212
DELJUL26-03902,Rohini,Midscale,Standard,2026-07-26,2026-07-27,1,3,2106,Completed,Booking.com,Group,0.56,6319
DELJUL26-03903,Dwarka,Budget,Deluxe,2026-07-13,2026-07-18,5,3,1329,Completed,MakeMyTrip,Group,0.885,19941
DELJUL26-03904,Aerocity,Budget,Standard,2026-07-02,2026-07-04,2,3,5678,Confirmed,Walk-in,Business,0.524,34070
DELJUL26-03905,Lajpat Nagar,Midscale,Standard,2026-07-20,2026-07-24,4,2,3075,Completed,Direct,Family,0.388,24602
DELJUL26-03906,Greater Kailash,Economy,Deluxe,2026-07-23,2026-07-28,5,2,5372,Completed,MakeMyTrip,Group,0.587,53719
DELJUL26-03907,Greater Kailash,Midscale,Deluxe,2026-07-26,2026-07-31,5,1,8293,Confirmed,Direct,Leisure,0.774,41466
DELJUL26-03908,Rohini,Economy,Standard,2026-07-06,2026-07-07,1,1,1638,Completed,MakeMyTrip,Couple,0.747,1638
DELJUL26-03909,Connaught Place,Midscale,Deluxe,2026-07-20,2026-07-21,1,3,9408,Completed,Walk-in,Family,0.634,28225
DELJUL26-03910,Rohini,Budget,Deluxe,2026-07-18,2026-07-19,1,2,1238,Completed,Goibibo,Family,0.656,2475
DELJUL26-03911,Karol Bagh,Budget,Standard,2026-07-14,2026-07-19,5,2,1109,Confirmed,MakeMyTrip,Family,0.668,11092
DELJUL26-03912,Rohini,Budget,Standard,2026-07-28,2026-07-31,3,1,2057,Confirmed,Goibibo,Family,0.575,6170
DELJUL26-03913,Connaught Place,Upscale,Deluxe,2026-07-14,2026-07-15,1,2,10368,Completed,Booking.com,Business,0.4,20736
DELJUL26-03914,Dwarka,Midscale,Premium,2026-07-12,2026-07-15,3,2,5720,Completed,Direct,Family,0.445,34318
DELJUL26-03915,Greater Kailash,Luxury,Standard,2026-07-17,2026-07-20,3,3,13461,Confirmed,Goibibo,Group,0.785,121145
DELJUL26-03916,Aerocity,Midscale,Deluxe,2026-07-29,2026-08-01,3,3,8313,Completed,Agoda,Leisure,0.836,74817
DELJUL26-03917,Aerocity,Upscale,Deluxe,2026-07-27,2026-07-31,4,3,13012,Confirmed,Booking.com,Leisure,0.587,156144
DELJUL26-03918,Lajpat Nagar,Midscale,Deluxe,2026-07-22,2026-07-23,1,1,3277,Confirmed,Direct,Leisure,0.548,3277
DELJUL26-03919,Aerocity,Upscale,Premium,2026-07-03,2026-07-05,2,1,16245,Completed,Goibibo,Couple,0.715,32489
DELJUL26-03920,South Delhi,Luxury,Deluxe,2026-07-10,2026-07-14,4,1,13905,Confirmed,MakeMyTrip,Business,0.363,55620
DELJUL26-03921,Rohini,Midscale,Standard,2026-07-01,2026-07-06,5,2,2923,Confirmed,Walk-in,Leisure,0.692,29231
DELJUL26-03922,South Delhi,Budget,Premium,2026-07-03,2026-07-05,2,3,4048,Completed,MakeMyTrip,Business,0.631,24286
DELJUL26-03923,Saket,Midscale,Deluxe,2026-07-26,2026-07-29,3,1,7071,Cancelled,MakeMyTrip,Business,0.615,0
DELJUL26-03924,Saket,Budget,Deluxe,2026-07-26,2026-07-31,5,3,4055,Confirmed,Goibibo,Leisure,0.351,60827
DELJUL26-03925,South Delhi,Budget,Deluxe,2026-07-04,2026-07-08,4,2,2597,Cancelled,Walk-in,Couple,0.916,0
DELJUL26-03926,Dwarka,Midscale,Standard,2026-07-15,2026-07-17,2,3,2014,Completed,Agoda,Leisure,0.454,12082
DELJUL26-03927,Dwarka,Upscale,Standard,2026-07-09,2026-07-12,3,1,3254,Completed,Goibibo,Group,0.418,9763
DELJUL26-03928,Connaught Place,Budget,Deluxe,2026-07-03,2026-07-04,1,1,3449,Confirmed,Agoda,Group,0.582,3449
DELJUL26-03929,South Delhi,Budget,Standard,2026-07-12,2026-07-15,3,2,3207,Confirmed,Agoda,Group,0.817,19239
DELJUL26-03930,Greater Kailash,Upscale,Standard,2026-07-04,2026-07-07,3,2,5413,Cancelled,Goibibo,Business,0.809,0
DELJUL26-03931,Greater Kailash,Budget,Deluxe,2026-07-23,2026-07-24,1,2,3586,Completed,Booking.com,Business,0.657,7173
DELJUL26-03932,Aerocity,Budget,Standard,2026-07-30,2026-08-01,2,2,4873,Completed,Direct,Group,0.68,19493
DELJUL26-03933,Greater Kailash,Midscale,Deluxe,2026-07-14,2026-07-19,5,2,4998,Confirmed,Goibibo,Couple,0.623,49982
DELJUL26-03934,Greater Kailash,Upscale,Standard,2026-07-08,2026-07-12,4,2,12993,Completed,Agoda,Family,0.365,103947
DELJUL26-03935,Connaught Place,Midscale,Deluxe,2026-07-16,2026-07-19,3,1,7560,Completed,MakeMyTrip,Group,0.517,22679
DELJUL26-03936,Lajpat Nagar,Midscale,Standard,2026-07-30,2026-08-01,2,3,3895,Confirmed,MakeMyTrip,Leisure,0.583,23372
DELJUL26-03937,Dwarka,Economy,Deluxe,2026-07-05,2026-07-06,1,1,2757,Confirmed,MakeMyTrip,Family,0.683,2757
DELJUL26-03938,Saket,Budget,Deluxe,2026-07-22,2026-07-25,3,3,3140,Completed,Goibibo,Leisure,0.745,28256
DELJUL26-03939,Greater Kailash,Upscale,Standard,2026-07-03,2026-07-06,3,2,11115,Completed,Agoda,Couple,0.943,66687
DELJUL26-03940,Dwarka,Upscale,Suite,2026-07-10,2026-07-11,1,1,5106,Confirmed,MakeMyTrip,Business,0.654,5106
DELJUL26-03941,Dwarka,Economy,Standard,2026-07-14,2026-07-19,5,1,2593,Confirmed,Goibibo,Leisure,0.753,12966
DELJUL26-03942,Paharganj,Economy,Standard,2026-07-12,2026-07-15,3,3,3030,Completed,MakeMyTrip,Business,0.926,27272
DELJUL26-03943,Rohini,Economy,Deluxe,2026-07-06,2026-07-07,1,3,2508,Completed,Booking.com,Family,0.517,7525
DELJUL26-03944,Rohini,Budget,Deluxe,2026-07-25,2026-07-26,1,1,2168,Confirmed,Agoda,Business,0.622,2168
DELJUL26-03945,Connaught Place,Economy,Deluxe,2026-07-21,2026-07-26,5,2,4064,Confirmed,Goibibo,Group,0.783,40643
DELJUL26-03946,Greater Kailash,Budget,Suite,2026-07-14,2026-07-16,2,1,2734,Confirmed,Goibibo,Group,0.689,5468
DELJUL26-03947,Aerocity,Upscale,Deluxe,2026-07-13,2026-07-15,2,3,14819,Completed,Booking.com,Group,0.886,88914
DELJUL26-03948,Paharganj,Economy,Standard,2026-07-03,2026-07-04,1,3,1739,Completed,Walk-in,Business,0.69,5218
DELJUL26-03949,Rohini,Midscale,Standard,2026-07-21,2026-07-26,5,3,2933,Confirmed,Agoda,Business,0.903,44001
DELJUL26-03950,Connaught Place,Midscale,Premium,2026-07-08,2026-07-13,5,2,8825,Completed,Agoda,Family,0.439,88250
DELJUL26-03951,Paharganj,Upscale,Standard,2026-07-10,2026-07-12,2,1,3280,Cancelled,Agoda,Group,0.832,0
DELJUL26-03952,Karol Bagh,Luxury,Deluxe,2026-07-27,2026-07-31,4,2,6406,Completed,MakeMyTrip,Family,0.478,51246
DELJUL26-03953,Greater Kailash,Economy,Premium,2026-07-20,2026-07-23,3,2,4412,Confirmed,Goibibo,Business,0.379,26474
DELJUL26-03954,Saket,Budget,Deluxe,2026-07-22,2026-07-23,1,1,2658,Confirmed,Booking.com,Couple,0.417,2658
DELJUL26-03955,Dwarka,Midscale,Standard,2026-07-09,2026-07-13,4,2,3694,Confirmed,Agoda,Leisure,0.698,29551
DELJUL26-03956,Rohini,Budget,Deluxe,2026-07-16,2026-07-17,1,1,2016,Confirmed,Direct,Group,0.525,2016
DELJUL26-03957,Dwarka,Budget,Standard,2026-07-01,2026-07-06,5,2,2164,Completed,Goibibo,Couple,0.436,21639
DELJUL26-03958,Greater Kailash,Budget,Premium,2026-07-08,2026-07-09,1,1,4685,Cancelled,Booking.com,Family,0.727,0
DELJUL26-03959,Aerocity,Upscale,Deluxe,2026-07-25,2026-07-27,2,3,15157,Confirmed,Goibibo,Leisure,0.643,90940
DELJUL26-03960,Karol Bagh,Budget,Deluxe,2026-07-15,2026-07-17,2,3,2196,Completed,Booking.com,Business,0.578,13174
DELJUL26-03961,Rohini,Economy,Standard,2026-07-20,2026-07-22,2,2,1594,Cancelled,Walk-in,Family,0.671,0
DELJUL26-03962,Lajpat Nagar,Economy,Standard,2026-07-25,2026-07-28,3,1,3958,Cancelled,Direct,Group,0.867,0
DELJUL26-03963,South Delhi,Midscale,Standard,2026-07-30,2026-08-03,4,3,7091,Confirmed,Agoda,Family,0.785,85088
DELJUL26-03964,Paharganj,Economy,Deluxe,2026-07-03,2026-07-05,2,3,1423,Completed,Agoda,Group,0.647,8539
DELJUL26-03965,Connaught Place,Upscale,Deluxe,2026-07-19,2026-07-22,3,2,10343,Completed,Walk-in,Family,0.844,62059
DELJUL26-03966,Lajpat Nagar,Midscale,Premium,2026-07-31,2026-08-05,5,3,5462,Completed,Booking.com,Couple,0.868,81923
DELJUL26-03967,Greater Kailash,Economy,Standard,2026-07-07,2026-07-10,3,3,4165,Completed,Agoda,Leisure,0.576,37485
DELJUL26-03968,Karol Bagh,Economy,Standard,2026-07-27,2026-07-31,4,3,3662,Cancelled,Direct,Couple,0.44,0
DELJUL26-03969,Dwarka,Upscale,Deluxe,2026-07-18,2026-07-20,2,1,6546,Confirmed,Agoda,Business,0.419,13091
DELJUL26-03970,South Delhi,Upscale,Deluxe,2026-07-10,2026-07-11,1,3,11036,Completed,MakeMyTrip,Family,0.733,33109
DELJUL26-03971,Saket,Economy,Deluxe,2026-07-25,2026-07-27,2,3,3980,Confirmed,Agoda,Business,0.912,23879
DELJUL26-03972,Rohini,Economy,Standard,2026-07-27,2026-07-28,1,3,2551,Completed,Agoda,Family,0.373,7653
DELJUL26-03973,Connaught Place,Budget,Standard,2026-07-05,2026-07-10,5,1,5505,Confirmed,MakeMyTrip,Couple,0.648,27523
DELJUL26-03974,Karol Bagh,Budget,Deluxe,2026-07-22,2026-07-23,1,2,2366,Confirmed,MakeMyTrip,Business,0.467,4731
DELJUL26-03975,Aerocity,Budget,Premium,2026-07-30,2026-08-04,5,3,4246,Cancelled,Agoda,Leisure,0.669,0
DELJUL26-03976,South Delhi,Budget,Premium,2026-07-21,2026-07-22,1,3,2536,Cancelled,Walk-in,Couple,0.864,0
DELJUL26-03977,South Delhi,Budget,Deluxe,2026-07-17,2026-07-18,1,1,5041,Completed,MakeMyTrip,Family,0.822,5041
DELJUL26-03978,Rohini,Upscale,Deluxe,2026-07-05,2026-07-08,3,2,3665,Completed,Walk-in,Group,0.933,21988
DELJUL26-03979,Dwarka,Upscale,Deluxe,2026-07-14,2026-07-15,1,2,4257,Completed,MakeMyTrip,Couple,0.641,8514
DELJUL26-03980,Connaught Place,Upscale,Deluxe,2026-07-29,2026-07-30,1,1,8755,Completed,Walk-in,Business,0.748,8755
DELJUL26-03981,Saket,Midscale,Standard,2026-07-25,2026-07-29,4,1,7967,Confirmed,Goibibo,Leisure,0.889,31866
DELJUL26-03982,Aerocity,Midscale,Standard,2026-07-14,2026-07-15,1,2,10743,Cancelled,Agoda,Family,0.769,0
DELJUL26-03983,South Delhi,Budget,Premium,2026-07-10,2026-07-13,3,2,4923,Completed,Agoda,Couple,0.929,29539
DELJUL26-03984,South Delhi,Midscale,Premium,2026-07-25,2026-07-26,1,1,7362,Confirmed,Agoda,Couple,0.497,7362
DELJUL26-03985,Lajpat Nagar,Economy,Deluxe,2026-07-30,2026-07-31,1,2,4640,Confirmed,Walk-in,Business,0.431,9280
DELJUL26-03986,Paharganj,Midscale,Standard,2026-07-10,2026-07-14,4,2,4031,Confirmed,MakeMyTrip,Business,0.439,32251
DELJUL26-03987,Paharganj,Luxury,Premium,2026-07-26,2026-07-28,2,3,4475,Completed,Agoda,Leisure,0.861,26852
DELJUL26-03988,Aerocity,Upscale,Standard,2026-07-10,2026-07-11,1,3,16935,Completed,Agoda,Couple,0.382,50805
DELJUL26-03989,Saket,Budget,Standard,2026-07-26,2026-07-30,4,1,1983,Confirmed,Goibibo,Business,0.836,7933
DELJUL26-03990,Saket,Midscale,Deluxe,2026-07-30,2026-08-04,5,3,8140,Confirmed,Booking.com,Couple,0.628,122095
DELJUL26-03991,Greater Kailash,Budget,Deluxe,2026-07-21,2026-07-24,3,2,2883,Confirmed,MakeMyTrip,Family,0.765,17299
DELJUL26-03992,Greater Kailash,Budget,Standard,2026-07-16,2026-07-18,2,1,3479,Cancelled,Booking.com,Leisure,0.797,0
DELJUL26-03993,Connaught Place,Budget,Deluxe,2026-07-10,2026-07-15,5,2,5592,Confirmed,Direct,Couple,0.605,55919
DELJUL26-03994,Karol Bagh,Budget,Deluxe,2026-07-02,2026-07-04,2,1,1530,Completed,Walk-in,Business,0.438,3060
DELJUL26-03995,Dwarka,Midscale,Standard,2026-07-02,2026-07-06,4,1,4188,Completed,Agoda,Group,0.72,16752
DELJUL26-03996,Paharganj,Economy,Standard,2026-07-26,2026-07-29,3,2,1131,Completed,Goibibo,Leisure,0.924,6784
DELJUL26-03997,Aerocity,Budget,Deluxe,2026-07-21,2026-07-25,4,1,5661,Completed,MakeMyTrip,Business,0.365,22643
DELJUL26-03998,Lajpat Nagar,Luxury,Premium,2026-07-08,2026-07-11,3,1,8522,Completed,Direct,Leisure,0.486,25566
DELJUL26-03999,Greater Kailash,Midscale,Premium,2026-07-18,2026-07-21,3,1,6726,Completed,MakeMyTrip,Couple,0.875,20178
DELJUL26-04000,Dwarka,Economy,Standard,2026-07-28,2026-07-31,3,2,2750,Completed,Booking.com,Family,0.392,16497
DELJUL26-04001,Paharganj,Midscale,Deluxe,2026-07-21,2026-07-23,2,1,3983,Completed,Goibibo,Family,0.356,7965
DELJUL26-04002,Lajpat Nagar,Midscale,Premium,2026-07-29,2026-08-01,3,3,3139,Completed,MakeMyTrip,Couple,0.877,28247
DELJUL26-04003,Aerocity,Economy,Standard,2026-07-04,2026-07-05,1,1,6987,Confirmed,Walk-in,Group,0.811,6987
DELJUL26-04004,Saket,Midscale,Deluxe,2026-07-03,2026-07-05,2,2,8430,Confirmed,Walk-in,Business,0.502,33719
DELJUL26-04005,Lajpat Nagar,Upscale,Standard,2026-07-21,2026-07-22,1,1,6400,Completed,Goibibo,Family,0.93,6400
DELJUL26-04006,Rohini,Economy,Deluxe,2026-07-19,2026-07-21,2,2,1542,Completed,Walk-in,Couple,0.777,6169
DELJUL26-04007,Karol Bagh,Economy,Standard,2026-07-22,2026-07-24,2,1,3393,Completed,Booking.com,Group,0.421,6786
DELJUL26-04008,South Delhi,Budget,Standard,2026-07-31,2026-08-01,1,2,2140,Confirmed,Direct,Leisure,0.626,4279
DELJUL26-04009,Connaught Place,Upscale,Standard,2026-07-04,2026-07-06,2,2,11406,Completed,Goibibo,Family,0.869,45624
DELJUL26-04010,Connaught Place,Economy,Standard,2026-07-29,2026-08-02,4,1,5467,Completed,Direct,Group,0.751,21867
DELJUL26-04011,Paharganj,Economy,Standard,2026-07-02,2026-07-07,5,1,2332,Completed,Walk-in,Business,0.701,11659
DELJUL26-04012,Lajpat Nagar,Luxury,Standard,2026-07-17,2026-07-21,4,2,5301,Cancelled,Direct,Business,0.6,0
DELJUL26-04013,South Delhi,Midscale,Deluxe,2026-07-26,2026-07-30,4,2,4717,Confirmed,Walk-in,Family,0.499,37739
DELJUL26-04014,Saket,Budget,Standard,2026-07-22,2026-07-26,4,2,4311,Confirmed,Agoda,Couple,0.718,34491
DELJUL26-04015,Karol Bagh,Economy,Standard,2026-07-07,2026-07-12,5,1,1741,Completed,Booking.com,Couple,0.442,8703
DELJUL26-04016,Connaught Place,Economy,Standard,2026-07-19,2026-07-24,5,1,5854,Confirmed,Goibibo,Leisure,0.836,29268
DELJUL26-04017,Karol Bagh,Luxury,Suite,2026-07-28,2026-07-29,1,1,8713,Completed,Goibibo,Business,0.476,8713
DELJUL26-04018,Connaught Place,Economy,Standard,2026-07-07,2026-07-10,3,2,6625,Confirmed,Agoda,Group,0.422,39748
DELJUL26-04019,Connaught Place,Budget,Deluxe,2026-07-30,2026-08-04,5,1,3213,Completed,MakeMyTrip,Couple,0.393,16063
DELJUL26-04020,South Delhi,Midscale,Standard,2026-07-21,2026-07-26,5,2,5951,Confirmed,Goibibo,Family,0.839,59506
DELJUL26-04021,Connaught Place,Economy,Standard,2026-07-03,2026-07-06,3,1,8954,Completed,MakeMyTrip,Family,0.631,26861
DELJUL26-04022,Aerocity,Budget,Premium,2026-07-11,2026-07-14,3,1,4790,Completed,Direct,Group,0.589,14370
DELJUL26-04023,Dwarka,Upscale,Deluxe,2026-07-27,2026-07-28,1,3,3447,Completed,Agoda,Group,0.663,10341
DELJUL26-04024,Karol Bagh,Budget,Deluxe,2026-07-11,2026-07-14,3,2,1344,Completed,Booking.com,Family,0.702,8067
DELJUL26-04025,Saket,Upscale,Standard,2026-07-30,2026-08-02,3,2,6999,Confirmed,Booking.com,Business,0.878,41992
DELJUL26-04026,Connaught Place,Upscale,Standard,2026-07-14,2026-07-18,4,1,14897,Confirmed,Booking.com,Group,0.556,59586
DELJUL26-04027,Karol Bagh,Budget,Standard,2026-07-11,2026-07-14,3,1,1524,Confirmed,Goibibo,Business,0.462,4572
DELJUL26-04028,Saket,Midscale,Standard,2026-07-27,2026-07-29,2,3,3185,Completed,Agoda,Family,0.871,19109
DELJUL26-04029,South Delhi,Upscale,Premium,2026-07-25,2026-07-30,5,3,8034,Completed,Agoda,Group,0.638,120512
DELJUL26-04030,Saket,Midscale,Standard,2026-07-08,2026-07-10,2,1,3374,Confirmed,Goibibo,Leisure,0.698,6748
DELJUL26-04031,Dwarka,Midscale,Standard,2026-07-25,2026-07-27,2,3,3089,Completed,MakeMyTrip,Couple,0.445,18534
DELJUL26-04032,Dwarka,Budget,Standard,2026-07-08,2026-07-11,3,3,2553,Confirmed,Walk-in,Couple,0.867,22978
DELJUL26-04033,Karol Bagh,Budget,Standard,2026-07-28,2026-07-30,2,3,2508,Confirmed,MakeMyTrip,Business,0.913,15046
DELJUL26-04034,Karol Bagh,Midscale,Standard,2026-07-01,2026-07-02,1,2,2622,Confirmed,Direct,Leisure,0.619,5244
DELJUL26-04035,Saket,Budget,Standard,2026-07-21,2026-07-25,4,3,2962,Completed,Agoda,Group,0.362,35546
DELJUL26-04036,Aerocity,Budget,Suite,2026-07-05,2026-07-07,2,1,3972,Confirmed,Walk-in,Couple,0.366,7944
DELJUL26-04037,South Delhi,Economy,Deluxe,2026-07-21,2026-07-26,5,2,3412,Completed,Booking.com,Group,0.531,34120
DELJUL26-04038,South Delhi,Budget,Standard,2026-07-31,2026-08-04,4,1,4431,Completed,Booking.com,Business,0.645,17724
DELJUL26-04039,Paharganj,Upscale,Standard,2026-07-21,2026-07-24,3,3,3552,Completed,MakeMyTrip,Group,0.61,31966
DELJUL26-04040,Paharganj,Upscale,Deluxe,2026-07-14,2026-07-17,3,3,3853,Confirmed,MakeMyTrip,Couple,0.691,34679
DELJUL26-04041,Paharganj,Upscale,Standard,2026-07-26,2026-07-31,5,1,5510,Completed,Booking.com,Business,0.504,27548
DELJUL26-04042,South Delhi,Budget,Premium,2026-07-07,2026-07-08,1,2,2946,Completed,Direct,Family,0.476,5892
DELJUL26-04043,Greater Kailash,Economy,Deluxe,2026-07-17,2026-07-19,2,2,6156,Cancelled,Booking.com,Business,0.934,0
DELJUL26-04044,Connaught Place,Upscale,Standard,2026-07-30,2026-07-31,1,3,11874,Confirmed,Booking.com,Family,0.518,35623
DELJUL26-04045,Saket,Economy,Deluxe,2026-07-12,2026-07-13,1,2,4057,Confirmed,Booking.com,Leisure,0.918,8113
DELJUL26-04046,Aerocity,Midscale,Standard,2026-07-01,2026-07-06,5,3,12063,Confirmed,Booking.com,Couple,0.693,180947
DELJUL26-04047,Saket,Midscale,Standard,2026-07-14,2026-07-15,1,2,3464,Confirmed,Walk-in,Family,0.392,6929
DELJUL26-04048,Karol Bagh,Economy,Deluxe,2026-07-16,2026-07-21,5,1,2810,Completed,Booking.com,Couple,0.707,14051
DELJUL26-04049,Paharganj,Economy,Standard,2026-07-26,2026-07-30,4,3,2189,Confirmed,Agoda,Couple,0.941,26272
DELJUL26-04050,Saket,Midscale,Standard,2026-07-25,2026-07-29,4,2,4868,Completed,Goibibo,Couple,0.854,38943
DELJUL26-04051,Paharganj,Budget,Premium,2026-07-11,2026-07-15,4,1,1769,Confirmed,MakeMyTrip,Couple,0.532,7074
DELJUL26-04052,Paharganj,Upscale,Premium,2026-07-24,2026-07-25,1,2,2979,Completed,Agoda,Couple,0.407,5958
DELJUL26-04053,Greater Kailash,Midscale,Standard,2026-07-05,2026-07-06,1,1,8839,Completed,Direct,Family,0.626,8839
DELJUL26-04054,Lajpat Nagar,Budget,Premium,2026-07-06,2026-07-08,2,3,1716,Confirmed,Agoda,Family,0.409,10299
DELJUL26-04055,Aerocity,Midscale,Standard,2026-07-19,2026-07-23,4,3,8778,Confirmed,MakeMyTrip,Couple,0.529,105331
DELJUL26-04056,Paharganj,Economy,Premium,2026-07-22,2026-07-24,2,2,1602,Cancelled,Agoda,Group,0.901,0
DELJUL26-04057,Lajpat Nagar,Budget,Standard,2026-07-26,2026-07-27,1,3,2543,Cancelled,Walk-in,Family,0.742,0
DELJUL26-04058,Dwarka,Luxury,Deluxe,2026-07-20,2026-07-24,4,3,5318,Completed,Agoda,Business,0.82,63811
DELJUL26-04059,Karol Bagh,Midscale,Deluxe,2026-07-04,2026-07-08,4,3,4313,Completed,Direct,Business,0.674,51756
DELJUL26-04060,Dwarka,Midscale,Standard,2026-07-21,2026-07-24,3,2,2468,Completed,Walk-in,Leisure,0.451,14810
DELJUL26-04061,Connaught Place,Upscale,Premium,2026-07-14,2026-07-17,3,3,10814,Completed,Agoda,Couple,0.44,97323
DELJUL26-04062,Aerocity,Midscale,Standard,2026-07-09,2026-07-13,4,3,8727,Confirmed,Direct,Couple,0.809,104729
DELJUL26-04063,South Delhi,Economy,Premium,2026-07-11,2026-07-15,4,2,3033,Confirmed,Booking.com,Business,0.608,24267
DELJUL26-04064,Dwarka,Budget,Standard,2026-07-26,2026-07-28,2,1,2775,Confirmed,Walk-in,Family,0.65,5551
DELJUL26-04065,Greater Kailash,Budget,Standard,2026-07-06,2026-07-07,1,2,3892,Completed,Walk-in,Business,0.457,7785
DELJUL26-04066,Paharganj,Economy,Standard,2026-07-18,2026-07-23,5,2,2464,Confirmed,MakeMyTrip,Group,0.567,24643
DELJUL26-04067,Lajpat Nagar,Economy,Standard,2026-07-03,2026-07-04,1,2,2845,Confirmed,Walk-in,Group,0.429,5690
DELJUL26-04068,Saket,Midscale,Deluxe,2026-07-23,2026-07-26,3,1,6034,Completed,MakeMyTrip,Group,0.473,18103
DELJUL26-04069,Greater Kailash,Economy,Deluxe,2026-07-05,2026-07-10,5,3,5952,Confirmed,Walk-in,Group,0.883,89286
DELJUL26-04070,Connaught Place,Midscale,Premium,2026-07-30,2026-08-02,3,3,8957,Confirmed,Goibibo,Group,0.78,80609
DELJUL26-04071,Aerocity,Upscale,Deluxe,2026-07-28,2026-08-02,5,2,15740,Confirmed,Goibibo,Family,0.861,157397
DELJUL26-04072,Greater Kailash,Luxury,Deluxe,2026-07-27,2026-07-30,3,1,14209,Confirmed,Direct,Family,0.875,42628
DELJUL26-04073,Lajpat Nagar,Economy,Standard,2026-07-11,2026-07-15,4,1,3530,Confirmed,Walk-in,Business,0.704,14121
DELJUL26-04074,Rohini,Upscale,Deluxe,2026-07-25,2026-07-28,3,3,3787,Confirmed,Booking.com,Couple,0.533,34083
DELJUL26-04075,Paharganj,Upscale,Premium,2026-07-05,2026-07-07,2,1,3867,Confirmed,Booking.com,Business,0.646,7735
DELJUL26-04076,Aerocity,Budget,Standard,2026-07-09,2026-07-14,5,1,5597,Completed,MakeMyTrip,Business,0.361,27983
DELJUL26-04077,Rohini,Economy,Standard,2026-07-05,2026-07-08,3,1,1802,Confirmed,Agoda,Group,0.84,5406
DELJUL26-04078,South Delhi,Budget,Standard,2026-07-02,2026-07-05,3,1,3930,Completed,Agoda,Leisure,0.832,11790
DELJUL26-04079,Karol Bagh,Midscale,Standard,2026-07-12,2026-07-16,4,2,4850,Completed,Goibibo,Leisure,0.655,38803
DELJUL26-04080,Greater Kailash,Midscale,Deluxe,2026-07-18,2026-07-23,5,1,7585,Completed,Walk-in,Couple,0.577,37925
DELJUL26-04081,Rohini,Economy,Standard,2026-07-27,2026-08-01,5,1,2931,Completed,Agoda,Couple,0.454,14655
DELJUL26-04082,Karol Bagh,Upscale,Premium,2026-07-02,2026-07-04,2,3,5820,Cancelled,Direct,Couple,0.395,0
DELJUL26-04083,Greater Kailash,Economy,Standard,2026-07-13,2026-07-15,2,3,4962,Confirmed,Agoda,Family,0.545,29771
DELJUL26-04084,Greater Kailash,Economy,Standard,2026-07-23,2026-07-25,2,1,4009,Confirmed,Booking.com,Leisure,0.912,8018
DELJUL26-04085,Dwarka,Upscale,Standard,2026-07-07,2026-07-09,2,2,5619,Confirmed,Goibibo,Business,0.391,22475
DELJUL26-04086,South Delhi,Luxury,Standard,2026-07-23,2026-07-25,2,3,9304,Completed,Goibibo,Group,0.919,55827
DELJUL26-04087,Karol Bagh,Upscale,Deluxe,2026-07-18,2026-07-21,3,3,3185,Completed,MakeMyTrip,Couple,0.667,28661
DELJUL26-04088,Rohini,Budget,Premium,2026-07-18,2026-07-19,1,3,2483,Confirmed,MakeMyTrip,Group,0.615,7449
DELJUL26-04089,Rohini,Budget,Standard,2026-07-04,2026-07-07,3,2,2217,Confirmed,Booking.com,Leisure,0.424,13300
DELJUL26-04090,Rohini,Budget,Standard,2026-07-06,2026-07-11,5,3,1614,Completed,Booking.com,Business,0.393,24212
DELJUL26-04091,Greater Kailash,Economy,Deluxe,2026-07-28,2026-07-31,3,3,4409,Cancelled,Walk-in,Couple,0.677,0
DELJUL26-04092,Aerocity,Budget,Deluxe,2026-07-28,2026-07-29,1,3,6520,Confirmed,MakeMyTrip,Leisure,0.709,19559
DELJUL26-04093,Paharganj,Upscale,Deluxe,2026-07-15,2026-07-17,2,1,3236,Completed,MakeMyTrip,Family,0.61,6473
DELJUL26-04094,Saket,Midscale,Standard,2026-07-19,2026-07-21,2,2,6895,Completed,Agoda,Group,0.522,27580
DELJUL26-04095,Rohini,Economy,Deluxe,2026-07-17,2026-07-20,3,1,3010,Confirmed,Booking.com,Leisure,0.358,9031
DELJUL26-04096,Dwarka,Economy,Standard,2026-07-16,2026-07-18,2,2,2343,Confirmed,Booking.com,Leisure,0.51,9371
DELJUL26-04097,Dwarka,Economy,Standard,2026-07-23,2026-07-25,2,2,2087,Completed,Booking.com,Couple,0.779,8349
DELJUL26-04098,Connaught Place,Economy,Premium,2026-07-18,2026-07-22,4,1,4226,Confirmed,Direct,Business,0.714,16906
DELJUL26-04099,Greater Kailash,Midscale,Standard,2026-07-04,2026-07-05,1,2,4929,Completed,MakeMyTrip,Leisure,0.445,9859
DELJUL26-04100,Paharganj,Budget,Standard,2026-07-03,2026-07-08,5,2,1440,Completed,Direct,Family,0.826,14402
DELJUL26-04101,Aerocity,Upscale,Standard,2026-07-27,2026-07-29,2,1,9106,Completed,MakeMyTrip,Couple,0.439,18212
DELJUL26-04102,Rohini,Budget,Standard,2026-07-23,2026-07-28,5,3,1040,Completed,Goibibo,Group,0.827,15594
DELJUL26-04103,Connaught Place,Economy,Premium,2026-07-07,2026-07-08,1,3,4175,Completed,Booking.com,Leisure,0.658,12526
DELJUL26-04104,Aerocity,Luxury,Standard,2026-07-02,2026-07-04,2,1,14068,Confirmed,Booking.com,Couple,0.78,28136
DELJUL26-04105,Aerocity,Budget,Standard,2026-07-07,2026-07-09,2,1,6502,Confirmed,Goibibo,Couple,0.4,13004
DELJUL26-04106,Saket,Budget,Premium,2026-07-18,2026-07-21,3,1,1955,Completed,Goibibo,Couple,0.795,5866
DELJUL26-04107,Connaught Place,Midscale,Standard,2026-07-19,2026-07-20,1,2,11527,Confirmed,Agoda,Business,0.783,23055
DELJUL26-04108,Lajpat Nagar,Economy,Standard,2026-07-06,2026-07-08,2,2,2215,Completed,Walk-in,Group,0.455,8861
DELJUL26-04109,Dwarka,Budget,Standard,2026-07-06,2026-07-11,5,1,1192,Cancelled,Booking.com,Leisure,0.433,0
DELJUL26-04110,Paharganj,Budget,Standard,2026-07-07,2026-07-12,5,3,987,Confirmed,Booking.com,Couple,0.799,14810
DELJUL26-04111,Aerocity,Budget,Standard,2026-07-14,2026-07-17,3,1,5963,Confirmed,Goibibo,Leisure,0.6,17890
DELJUL26-04112,Saket,Midscale,Deluxe,2026-07-08,2026-07-09,1,1,4558,Completed,Booking.com,Couple,0.739,4558
DELJUL26-04113,Connaught Place,Budget,Standard,2026-07-15,2026-07-17,2,2,3805,Confirmed,Agoda,Family,0.355,15220
DELJUL26-04114,Rohini,Upscale,Deluxe,2026-07-01,2026-07-06,5,3,2894,Confirmed,Direct,Leisure,0.46,43416
DELJUL26-04115,Karol Bagh,Upscale,Premium,2026-07-30,2026-08-04,5,1,6411,Confirmed,MakeMyTrip,Leisure,0.798,32054
DELJUL26-04116,Saket,Budget,Standard,2026-07-28,2026-08-02,5,2,2490,Confirmed,Walk-in,Family,0.469,24897
DELJUL26-04117,Aerocity,Economy,Standard,2026-07-11,2026-07-16,5,2,7382,Completed,Agoda,Business,0.398,73820
DELJUL26-04118,Connaught Place,Budget,Standard,2026-07-25,2026-07-29,4,2,6149,Completed,Goibibo,Family,0.455,49190
DELJUL26-04119,Karol Bagh,Economy,Standard,2026-07-17,2026-07-21,4,2,2244,Completed,Direct,Family,0.849,17951
DELJUL26-04120,Aerocity,Budget,Standard,2026-07-01,2026-07-05,4,3,5127,Completed,Agoda,Leisure,0.558,61529
DELJUL26-04121,Greater Kailash,Upscale,Standard,2026-07-09,2026-07-13,4,1,11498,Confirmed,MakeMyTrip,Family,0.668,45990
DELJUL26-04122,Rohini,Economy,Standard,2026-07-02,2026-07-04,2,2,1781,Completed,Walk-in,Family,0.696,7123
DELJUL26-04123,Rohini,Economy,Standard,2026-07-22,2026-07-26,4,1,1431,Completed,Agoda,Business,0.574,5726
DELJUL26-04124,Karol Bagh,Midscale,Standard,2026-07-25,2026-07-27,2,2,3565,Completed,Walk-in,Business,0.406,14260
DELJUL26-04125,Greater Kailash,Upscale,Deluxe,2026-07-20,2026-07-24,4,3,4673,Confirmed,Direct,Leisure,0.504,56075
DELJUL26-04126,Dwarka,Economy,Standard,2026-07-01,2026-07-03,2,3,3917,Confirmed,Walk-in,Leisure,0.445,23504
DELJUL26-04127,Aerocity,Budget,Deluxe,2026-07-08,2026-07-11,3,2,5542,Confirmed,Agoda,Couple,0.896,33253
DELJUL26-04128,Aerocity,Luxury,Deluxe,2026-07-15,2026-07-16,1,1,21260,Confirmed,Booking.com,Family,0.794,21260
DELJUL26-04129,Dwarka,Economy,Standard,2026-07-05,2026-07-10,5,3,1858,Confirmed,Walk-in,Group,0.844,27874
DELJUL26-04130,Saket,Midscale,Deluxe,2026-07-04,2026-07-08,4,1,5998,Completed,Goibibo,Business,0.837,23992
DELJUL26-04131,Aerocity,Midscale,Standard,2026-07-10,2026-07-11,1,1,9454,Confirmed,Goibibo,Family,0.351,9454
DELJUL26-04132,Rohini,Midscale,Deluxe,2026-07-19,2026-07-22,3,3,1735,Confirmed,Walk-in,Leisure,0.799,15613
DELJUL26-04133,Greater Kailash,Budget,Standard,2026-07-03,2026-07-06,3,3,3957,Completed,Goibibo,Group,0.639,35609
DELJUL26-04134,Dwarka,Budget,Deluxe,2026-07-31,2026-08-05,5,2,1927,Completed,Goibibo,Couple,0.815,19272
DELJUL26-04135,Rohini,Economy,Deluxe,2026-07-15,2026-07-19,4,1,2705,Confirmed,Walk-in,Leisure,0.926,10819
DELJUL26-04136,Rohini,Midscale,Deluxe,2026-07-06,2026-07-11,5,3,2307,Confirmed,Agoda,Group,0.565,34609
DELJUL26-04137,Rohini,Upscale,Deluxe,2026-07-01,2026-07-04,3,3,3195,Completed,Goibibo,Group,0.713,28757
DELJUL26-04138,Karol Bagh,Midscale,Standard,2026-07-30,2026-07-31,1,3,4553,Completed,Walk-in,Couple,0.533,13658
DELJUL26-04139,Lajpat Nagar,Upscale,Standard,2026-07-19,2026-07-23,4,3,5892,Completed,Walk-in,Group,0.886,70703
DELJUL26-04140,Dwarka,Luxury,Standard,2026-07-27,2026-07-29,2,2,6549,Confirmed,Goibibo,Leisure,0.502,26194
DELJUL26-04141,Greater Kailash,Midscale,Standard,2026-07-25,2026-07-29,4,2,4033,Completed,Direct,Business,0.561,32265
DELJUL26-04142,Lajpat Nagar,Budget,Standard,2026-07-31,2026-08-03,3,2,2612,Completed,Agoda,Couple,0.883,15674
DELJUL26-04143,Connaught Place,Economy,Deluxe,2026-07-28,2026-07-30,2,2,4374,Confirmed,Booking.com,Family,0.411,17496
DELJUL26-04144,Saket,Midscale,Deluxe,2026-07-24,2026-07-25,1,2,5460,Confirmed,Goibibo,Couple,0.646,10920
DELJUL26-04145,Connaught Place,Midscale,Premium,2026-07-27,2026-08-01,5,3,8946,Completed,MakeMyTrip,Group,0.699,134194
DELJUL26-04146,Karol Bagh,Budget,Deluxe,2026-07-27,2026-07-31,4,1,1305,Completed,MakeMyTrip,Business,0.697,5222
DELJUL26-04147,Saket,Midscale,Deluxe,2026-07-08,2026-07-10,2,1,4097,Confirmed,Walk-in,Group,0.422,8195
DELJUL26-04148,Lajpat Nagar,Economy,Premium,2026-07-19,2026-07-23,4,2,1811,Completed,Booking.com,Leisure,0.374,14486
DELJUL26-04149,Lajpat Nagar,Economy,Standard,2026-07-31,2026-08-05,5,1,4334,Completed,Direct,Family,0.6,21669
DELJUL26-04150,Paharganj,Upscale,Deluxe,2026-07-27,2026-07-31,4,3,3515,Confirmed,Goibibo,Family,0.622,42175
DELJUL26-04151,Paharganj,Economy,Standard,2026-07-04,2026-07-09,5,3,2149,Confirmed,Goibibo,Group,0.916,32236
DELJUL26-04152,Dwarka,Midscale,Standard,2026-07-04,2026-07-07,3,3,5609,Confirmed,Walk-in,Family,0.803,50482
DELJUL26-04153,Rohini,Midscale,Suite,2026-07-07,2026-07-09,2,2,3581,Completed,Direct,Group,0.709,14322
DELJUL26-04154,Rohini,Midscale,Standard,2026-07-23,2026-07-28,5,3,2947,Confirmed,Walk-in,Leisure,0.476,44205
DELJUL26-04155,Karol Bagh,Budget,Premium,2026-07-13,2026-07-17,4,1,1763,Completed,Walk-in,Group,0.891,7053
DELJUL26-04156,Connaught Place,Midscale,Premium,2026-07-20,2026-07-24,4,3,7547,Cancelled,Booking.com,Leisure,0.466,0
DELJUL26-04157,Greater Kailash,Economy,Premium,2026-07-05,2026-07-09,4,1,5103,Completed,Agoda,Family,0.918,20414
DELJUL26-04158,Paharganj,Midscale,Deluxe,2026-07-02,2026-07-07,5,1,3384,Completed,Walk-in,Family,0.918,16922
DELJUL26-04159,Connaught Place,Budget,Deluxe,2026-07-24,2026-07-28,4,3,5493,Completed,Direct,Leisure,0.937,65920
DELJUL26-04160,Aerocity,Luxury,Standard,2026-07-10,2026-07-15,5,2,18730,Completed,Direct,Family,0.52,187296
DELJUL26-04161,Saket,Upscale,Standard,2026-07-02,2026-07-03,1,2,6107,Confirmed,Goibibo,Group,0.432,12213
DELJUL26-04162,Paharganj,Economy,Premium,2026-07-07,2026-07-11,4,1,3043,Confirmed,Goibibo,Family,0.727,12174
DELJUL26-04163,Dwarka,Economy,Standard,2026-07-11,2026-07-13,2,2,1806,Confirmed,Walk-in,Couple,0.604,7223
DELJUL26-04164,Karol Bagh,Economy,Standard,2026-07-13,2026-07-14,1,2,3445,Completed,Walk-in,Group,0.583,6891
DELJUL26-04165,Greater Kailash,Midscale,Suite,2026-07-28,2026-07-30,2,1,5540,Confirmed,Direct,Business,0.684,11080
DELJUL26-04166,South Delhi,Midscale,Standard,2026-07-07,2026-07-12,5,3,7020,Confirmed,Walk-in,Leisure,0.764,105294
DELJUL26-04167,Saket,Midscale,Premium,2026-07-19,2026-07-24,5,3,8072,Confirmed,Walk-in,Couple,0.549,121080
DELJUL26-04168,Connaught Place,Upscale,Standard,2026-07-09,2026-07-11,2,3,10717,Completed,Goibibo,Couple,0.551,64303
DELJUL26-04169,Dwarka,Economy,Standard,2026-07-16,2026-07-17,1,1,2079,Confirmed,MakeMyTrip,Leisure,0.716,2079
DELJUL26-04170,South Delhi,Midscale,Deluxe,2026-07-10,2026-07-13,3,3,8720,Confirmed,Goibibo,Business,0.393,78477
DELJUL26-04171,Paharganj,Economy,Standard,2026-07-11,2026-07-13,2,3,2053,Completed,Goibibo,Business,0.77,12317
DELJUL26-04172,Karol Bagh,Midscale,Premium,2026-07-19,2026-07-22,3,2,3480,Cancelled,MakeMyTrip,Couple,0.829,0
DELJUL26-04173,Dwarka,Economy,Standard,2026-07-19,2026-07-23,4,2,2472,Completed,Direct,Group,0.878,19775
DELJUL26-04174,Paharganj,Upscale,Standard,2026-07-05,2026-07-07,2,2,3316,Completed,Agoda,Couple,0.802,13265
DELJUL26-04175,Saket,Budget,Premium,2026-07-05,2026-07-06,1,3,3823,Completed,Booking.com,Business,0.654,11468
DELJUL26-04176,Paharganj,Budget,Standard,2026-07-08,2026-07-09,1,1,1178,Confirmed,Booking.com,Couple,0.874,1178
DELJUL26-04177,Paharganj,Economy,Deluxe,2026-07-28,2026-08-01,4,3,2101,Confirmed,MakeMyTrip,Business,0.645,25213
DELJUL26-04178,Greater Kailash,Luxury,Standard,2026-07-10,2026-07-11,1,2,16341,Completed,Direct,Couple,0.822,32682
DELJUL26-04179,Saket,Midscale,Premium,2026-07-18,2026-07-20,2,1,4107,Confirmed,MakeMyTrip,Group,0.388,8213
DELJUL26-04180,Saket,Economy,Premium,2026-07-14,2026-07-19,5,1,4181,Completed,Walk-in,Couple,0.775,20907
DELJUL26-04181,South Delhi,Economy,Deluxe,2026-07-11,2026-07-12,1,1,5332,Completed,Agoda,Couple,0.4,5332
DELJUL26-04182,Paharganj,Economy,Standard,2026-07-02,2026-07-06,4,3,2753,Confirmed,Direct,Couple,0.367,33031
DELJUL26-04183,Connaught Place,Upscale,Suite,2026-07-14,2026-07-15,1,2,10798,Completed,Booking.com,Family,0.651,21595
DELJUL26-04184,Lajpat Nagar,Luxury,Premium,2026-07-31,2026-08-05,5,2,10312,Confirmed,Goibibo,Leisure,0.422,103122
DELJUL26-04185,Aerocity,Upscale,Deluxe,2026-07-30,2026-08-03,4,2,10949,Confirmed,Walk-in,Group,0.545,87591
DELJUL26-04186,Dwarka,Upscale,Deluxe,2026-07-10,2026-07-15,5,3,4789,Confirmed,MakeMyTrip,Business,0.815,71838
DELJUL26-04187,Karol Bagh,Budget,Standard,2026-07-17,2026-07-21,4,3,3024,Completed,Walk-in,Group,0.68,36283
DELJUL26-04188,Karol Bagh,Economy,Standard,2026-07-09,2026-07-12,3,3,3269,Completed,Direct,Group,0.79,29418
DELJUL26-04189,Aerocity,Midscale,Deluxe,2026-07-29,2026-08-03,5,3,10379,Confirmed,Walk-in,Couple,0.82,155682
DELJUL26-04190,Rohini,Midscale,Deluxe,2026-07-18,2026-07-22,4,1,3038,Completed,Direct,Family,0.638,12151
DELJUL26-04191,Saket,Budget,Deluxe,2026-07-29,2026-07-30,1,2,2841,Confirmed,Agoda,Business,0.941,5682
DELJUL26-04192,Paharganj,Midscale,Premium,2026-07-27,2026-07-30,3,2,1883,Confirmed,Direct,Leisure,0.471,11297
DELJUL26-04193,Greater Kailash,Budget,Standard,2026-07-11,2026-07-14,3,1,4770,Completed,Walk-in,Group,0.401,14310
DELJUL26-04194,Aerocity,Economy,Premium,2026-07-15,2026-07-17,2,3,7993,Completed,Booking.com,Group,0.541,47959
DELJUL26-04195,Dwarka,Economy,Standard,2026-07-18,2026-07-21,3,3,2972,Completed,MakeMyTrip,Couple,0.808,26750
DELJUL26-04196,Saket,Upscale,Suite,2026-07-08,2026-07-13,5,3,6466,Completed,Goibibo,Group,0.408,96988
DELJUL26-04197,Dwarka,Midscale,Standard,2026-07-26,2026-07-27,1,3,2916,Confirmed,Direct,Business,0.63,8747
DELJUL26-04198,Connaught Place,Midscale,Standard,2026-07-18,2026-07-23,5,1,4816,Cancelled,Goibibo,Family,0.693,0
DELJUL26-04199,Rohini,Upscale,Deluxe,2026-07-07,2026-07-11,4,1,4965,Confirmed,Booking.com,Leisure,0.835,19862
DELJUL26-04200,Karol Bagh,Upscale,Standard,2026-07-15,2026-07-16,1,3,5737,Completed,MakeMyTrip,Family,0.858,17212
DELJUL26-04201,South Delhi,Economy,Standard,2026-07-26,2026-07-28,2,3,3821,Confirmed,Booking.com,Group,0.493,22925
DELJUL26-04202,Greater Kailash,Upscale,Deluxe,2026-07-14,2026-07-19,5,2,8392,Confirmed,Walk-in,Business,0.514,83916
DELJUL26-04203,Paharganj,Budget,Standard,2026-07-23,2026-07-27,4,1,1818,Completed,MakeMyTrip,Family,0.76,7270
DELJUL26-04204,Connaught Place,Midscale,Premium,2026-07-31,2026-08-01,1,1,5541,Confirmed,Agoda,Family,0.866,5541
DELJUL26-04205,Karol Bagh,Budget,Standard,2026-07-11,2026-07-12,1,1,1842,Completed,Direct,Family,0.451,1842
DELJUL26-04206,Lajpat Nagar,Economy,Standard,2026-07-31,2026-08-05,5,1,2921,Completed,Agoda,Group,0.784,14603
DELJUL26-04207,Rohini,Midscale,Standard,2026-07-13,2026-07-14,1,1,2061,Confirmed,MakeMyTrip,Family,0.493,2061
DELJUL26-04208,Rohini,Budget,Standard,2026-07-18,2026-07-22,4,2,1616,Cancelled,Goibibo,Business,0.458,0
DELJUL26-04209,Karol Bagh,Economy,Standard,2026-07-24,2026-07-29,5,2,3048,Completed,Walk-in,Business,0.553,30484
DELJUL26-04210,South Delhi,Midscale,Standard,2026-07-03,2026-07-04,1,2,4925,Completed,Agoda,Business,0.827,9851
DELJUL26-04211,Connaught Place,Midscale,Standard,2026-07-22,2026-07-23,1,2,4951,Confirmed,MakeMyTrip,Business,0.796,9902
DELJUL26-04212,Greater Kailash,Budget,Standard,2026-07-18,2026-07-23,5,3,4543,Completed,Booking.com,Group,0.637,68146
DELJUL26-04213,Saket,Budget,Deluxe,2026-07-21,2026-07-26,5,1,2748,Cancelled,Walk-in,Family,0.779,0
DELJUL26-04214,Greater Kailash,Economy,Standard,2026-07-30,2026-08-02,3,1,5437,Completed,Booking.com,Business,0.594,16312
DELJUL26-04215,South Delhi,Upscale,Standard,2026-07-16,2026-07-18,2,1,8880,Completed,Direct,Leisure,0.476,17759
DELJUL26-04216,Rohini,Upscale,Standard,2026-07-29,2026-07-30,1,1,4411,Confirmed,Booking.com,Group,0.856,4411
DELJUL26-04217,Saket,Economy,Premium,2026-07-18,2026-07-23,5,1,5449,Completed,Direct,Leisure,0.382,27243
DELJUL26-04218,Paharganj,Midscale,Standard,2026-07-07,2026-07-11,4,3,3217,Confirmed,Agoda,Business,0.891,38603
DELJUL26-04219,Dwarka,Midscale,Premium,2026-07-21,2026-07-26,5,3,4233,Completed,Walk-in,Couple,0.823,63501
DELJUL26-04220,Connaught Place,Luxury,Standard,2026-07-06,2026-07-10,4,1,14276,Completed,MakeMyTrip,Leisure,0.784,57105
DELJUL26-04221,Connaught Place,Budget,Suite,2026-07-28,2026-07-31,3,3,3557,Completed,Goibibo,Business,0.691,32011
DELJUL26-04222,Dwarka,Midscale,Standard,2026-07-05,2026-07-08,3,1,3494,Confirmed,Walk-in,Group,0.836,10481
DELJUL26-04223,Lajpat Nagar,Midscale,Deluxe,2026-07-16,2026-07-18,2,1,3636,Confirmed,Walk-in,Leisure,0.367,7271
DELJUL26-04224,Dwarka,Economy,Standard,2026-07-26,2026-07-30,4,1,1742,Confirmed,Direct,Business,0.705,6966
DELJUL26-04225,Greater Kailash,Budget,Premium,2026-07-01,2026-07-02,1,3,3678,Confirmed,Direct,Leisure,0.507,11033
DELJUL26-04226,Connaught Place,Budget,Standard,2026-07-16,2026-07-17,1,2,3788,Confirmed,MakeMyTrip,Couple,0.734,7576
DELJUL26-04227,Saket,Economy,Deluxe,2026-07-16,2026-07-21,5,3,3098,Completed,Booking.com,Leisure,0.755,46465
DELJUL26-04228,South Delhi,Midscale,Standard,2026-07-11,2026-07-13,2,2,5006,Confirmed,Direct,Leisure,0.479,20024
DELJUL26-04229,Paharganj,Midscale,Deluxe,2026-07-21,2026-07-22,1,2,3622,Completed,Direct,Family,0.443,7243
DELJUL26-04230,Aerocity,Budget,Deluxe,2026-07-11,2026-07-15,4,3,6303,Confirmed,Agoda,Couple,0.702,75634
DELJUL26-04231,Aerocity,Upscale,Standard,2026-07-12,2026-07-14,2,3,14081,Confirmed,Booking.com,Group,0.914,84487
DELJUL26-04232,Rohini,Economy,Deluxe,2026-07-09,2026-07-11,2,2,2267,Completed,MakeMyTrip,Business,0.748,9067
DELJUL26-04233,South Delhi,Luxury,Deluxe,2026-07-20,2026-07-23,3,3,18197,Confirmed,Direct,Family,0.64,163772
DELJUL26-04234,Karol Bagh,Budget,Deluxe,2026-07-28,2026-07-31,3,1,2433,Completed,Goibibo,Group,0.911,7298
DELJUL26-04235,Karol Bagh,Upscale,Standard,2026-07-06,2026-07-10,4,3,3232,Completed,Agoda,Couple,0.841,38778
DELJUL26-04236,Aerocity,Upscale,Standard,2026-07-13,2026-07-18,5,1,19676,Completed,Goibibo,Group,0.79,98379
DELJUL26-04237,Rohini,Upscale,Deluxe,2026-07-08,2026-07-13,5,1,2623,Completed,Booking.com,Leisure,0.612,13114
DELJUL26-04238,Connaught Place,Upscale,Standard,2026-07-08,2026-07-13,5,3,12893,Completed,Direct,Leisure,0.645,193399
DELJUL26-04239,Greater Kailash,Economy,Deluxe,2026-07-31,2026-08-03,3,2,6592,Completed,MakeMyTrip,Couple,0.509,39553
DELJUL26-04240,Karol Bagh,Midscale,Standard,2026-07-23,2026-07-26,3,1,3427,Confirmed,Agoda,Business,0.84,10281
DELJUL26-04241,Paharganj,Midscale,Premium,2026-07-30,2026-07-31,1,1,3114,Cancelled,Direct,Couple,0.521,0
DELJUL26-04242,Karol Bagh,Economy,Deluxe,2026-07-20,2026-07-23,3,1,2516,Completed,Agoda,Couple,0.772,7548
DELJUL26-04243,Lajpat Nagar,Luxury,Standard,2026-07-21,2026-07-25,4,3,5986,Confirmed,Walk-in,Family,0.875,71834
DELJUL26-04244,Aerocity,Economy,Premium,2026-07-23,2026-07-28,5,1,5468,Cancelled,Goibibo,Group,0.681,0
DELJUL26-04245,Paharganj,Economy,Premium,2026-07-21,2026-07-22,1,3,1184,Completed,Walk-in,Group,0.444,3551
DELJUL26-04246,Karol Bagh,Upscale,Standard,2026-07-26,2026-07-31,5,3,3425,Confirmed,Booking.com,Business,0.365,51371
DELJUL26-04247,Karol Bagh,Economy,Standard,2026-07-11,2026-07-14,3,1,2583,Confirmed,Goibibo,Leisure,0.754,7750
DELJUL26-04248,Connaught Place,Budget,Standard,2026-07-04,2026-07-05,1,3,4942,Completed,Agoda,Group,0.485,14826
DELJUL26-04249,Rohini,Economy,Standard,2026-07-16,2026-07-21,5,2,2194,Confirmed,Agoda,Group,0.373,21940
DELJUL26-04250,Paharganj,Upscale,Standard,2026-07-01,2026-07-04,3,2,4285,Confirmed,Agoda,Group,0.556,25712
DELJUL26-04251,Saket,Upscale,Standard,2026-07-02,2026-07-05,3,2,4400,Completed,Booking.com,Leisure,0.699,26400
DELJUL26-04252,Paharganj,Budget,Standard,2026-07-02,2026-07-03,1,1,1214,Completed,Walk-in,Couple,0.681,1214
DELJUL26-04253,Rohini,Midscale,Standard,2026-07-03,2026-07-04,1,3,3344,Completed,Agoda,Group,0.45,10033
DELJUL26-04254,Paharganj,Midscale,Standard,2026-07-22,2026-07-23,1,3,3791,Confirmed,Direct,Business,0.712,11374
DELJUL26-04255,Paharganj,Midscale,Standard,2026-07-19,2026-07-21,2,1,2645,Confirmed,Goibibo,Couple,0.596,5289
DELJUL26-04256,Paharganj,Midscale,Deluxe,2026-07-29,2026-07-31,2,1,1779,Completed,Walk-in,Family,0.637,3558
DELJUL26-04257,Paharganj,Luxury,Standard,2026-07-09,2026-07-12,3,2,6216,Confirmed,Direct,Family,0.875,37298
DELJUL26-04258,Aerocity,Economy,Standard,2026-07-11,2026-07-15,4,2,9305,Completed,Walk-in,Couple,0.397,74437
DELJUL26-04259,South Delhi,Economy,Premium,2026-07-16,2026-07-21,5,3,4652,Completed,Booking.com,Family,0.667,69784
DELJUL26-04260,Aerocity,Midscale,Deluxe,2026-07-25,2026-07-29,4,3,9352,Confirmed,Booking.com,Couple,0.454,112220
DELJUL26-04261,Karol Bagh,Economy,Premium,2026-07-29,2026-08-01,3,1,1948,Completed,MakeMyTrip,Business,0.46,5845
DELJUL26-04262,Karol Bagh,Economy,Suite,2026-07-23,2026-07-28,5,1,3116,Completed,Agoda,Business,0.716,15581
DELJUL26-04263,Karol Bagh,Budget,Deluxe,2026-07-16,2026-07-19,3,2,2470,Completed,Direct,Couple,0.752,14819
DELJUL26-04264,Greater Kailash,Budget,Premium,2026-07-31,2026-08-03,3,2,3501,Completed,Booking.com,Family,0.714,21006
DELJUL26-04265,Dwarka,Luxury,Standard,2026-07-06,2026-07-08,2,3,7108,Confirmed,Agoda,Business,0.904,42647
DELJUL26-04266,Rohini,Budget,Deluxe,2026-07-15,2026-07-18,3,2,2029,Completed,Booking.com,Group,0.827,12173
DELJUL26-04267,Paharganj,Midscale,Deluxe,2026-07-08,2026-07-09,1,1,3047,Completed,MakeMyTrip,Business,0.469,3047
DELJUL26-04268,Rohini,Upscale,Deluxe,2026-07-06,2026-07-07,1,3,4057,Completed,Goibibo,Family,0.732,12172
DELJUL26-04269,Aerocity,Budget,Standard,2026-07-13,2026-07-18,5,2,6408,Confirmed,Booking.com,Business,0.722,64080
DELJUL26-04270,Dwarka,Budget,Premium,2026-07-24,2026-07-25,1,2,1661,Completed,Direct,Family,0.738,3322
DELJUL26-04271,Greater Kailash,Economy,Standard,2026-07-10,2026-07-13,3,3,4950,Cancelled,Goibibo,Family,0.607,0
DELJUL26-04272,Dwarka,Midscale,Deluxe,2026-07-26,2026-07-27,1,2,4462,Confirmed,Direct,Business,0.919,8924
DELJUL26-04273,Rohini,Economy,Suite,2026-07-19,2026-07-23,4,3,2423,Confirmed,MakeMyTrip,Couple,0.628,29078
DELJUL26-04274,Paharganj,Midscale,Premium,2026-07-22,2026-07-27,5,2,3349,Confirmed,Goibibo,Leisure,0.824,33491
DELJUL26-04275,Aerocity,Budget,Standard,2026-07-08,2026-07-11,3,2,5541,Confirmed,Agoda,Couple,0.639,33244
DELJUL26-04276,Greater Kailash,Budget,Standard,2026-07-27,2026-07-28,1,2,3646,Confirmed,Walk-in,Leisure,0.822,7292
DELJUL26-04277,Aerocity,Budget,Deluxe,2026-07-07,2026-07-08,1,2,5424,Cancelled,Walk-in,Business,0.587,0
DELJUL26-04278,Greater Kailash,Economy,Deluxe,2026-07-12,2026-07-16,4,2,4956,Confirmed,Direct,Family,0.35,39645
DELJUL26-04279,Greater Kailash,Economy,Standard,2026-07-25,2026-07-26,1,1,4353,Confirmed,MakeMyTrip,Family,0.65,4353
DELJUL26-04280,Lajpat Nagar,Luxury,Deluxe,2026-07-22,2026-07-24,2,1,8045,Confirmed,Direct,Couple,0.679,16090
DELJUL26-04281,Saket,Budget,Premium,2026-07-10,2026-07-15,5,2,3071,Confirmed,Agoda,Group,0.419,30712
DELJUL26-04282,Lajpat Nagar,Midscale,Standard,2026-07-09,2026-07-12,3,1,4047,Confirmed,Direct,Couple,0.749,12140
DELJUL26-04283,Connaught Place,Midscale,Standard,2026-07-14,2026-07-19,5,2,7241,Confirmed,Agoda,Family,0.862,72409
DELJUL26-04284,Saket,Midscale,Deluxe,2026-07-14,2026-07-19,5,2,3416,Completed,Direct,Leisure,0.871,34162
DELJUL26-04285,Connaught Place,Midscale,Deluxe,2026-07-02,2026-07-06,4,1,8807,Cancelled,Direct,Group,0.576,0
DELJUL26-04286,Greater Kailash,Budget,Premium,2026-07-08,2026-07-13,5,2,3654,Completed,Walk-in,Business,0.596,36543
DELJUL26-04287,Greater Kailash,Midscale,Deluxe,2026-07-05,2026-07-06,1,1,5971,Confirmed,Booking.com,Couple,0.865,5971
DELJUL26-04288,Lajpat Nagar,Economy,Standard,2026-07-05,2026-07-07,2,2,2999,Confirmed,MakeMyTrip,Group,0.949,11994
DELJUL26-04289,Greater Kailash,Upscale,Deluxe,2026-07-11,2026-07-13,2,2,11287,Confirmed,Goibibo,Couple,0.382,45148
DELJUL26-04290,Paharganj,Budget,Premium,2026-07-02,2026-07-07,5,2,1757,Confirmed,Agoda,Leisure,0.387,17571
DELJUL26-04291,Aerocity,Midscale,Standard,2026-07-21,2026-07-25,4,2,9650,Completed,Walk-in,Business,0.383,77200
DELJUL26-04292,Rohini,Midscale,Standard,2026-07-21,2026-07-23,2,3,2564,Completed,MakeMyTrip,Group,0.627,15385
DELJUL26-04293,Saket,Midscale,Deluxe,2026-07-07,2026-07-09,2,2,6925,Cancelled,Goibibo,Couple,0.821,0
DELJUL26-04294,Aerocity,Budget,Standard,2026-07-28,2026-08-02,5,2,5926,Confirmed,Walk-in,Couple,0.406,59262
DELJUL26-04295,Rohini,Midscale,Premium,2026-07-19,2026-07-24,5,2,3377,Confirmed,Direct,Family,0.763,33766
DELJUL26-04296,Rohini,Midscale,Standard,2026-07-10,2026-07-11,1,3,3088,Completed,MakeMyTrip,Group,0.453,9263
DELJUL26-04297,Saket,Economy,Standard,2026-07-07,2026-07-09,2,2,5618,Confirmed,Booking.com,Couple,0.37,22472
DELJUL26-04298,Greater Kailash,Economy,Premium,2026-07-14,2026-07-17,3,1,3641,Confirmed,Walk-in,Couple,0.707,10924
DELJUL26-04299,Aerocity,Budget,Standard,2026-07-30,2026-08-01,2,3,5565,Confirmed,Goibibo,Group,0.706,33387
DELJUL26-04300,Aerocity,Economy,Standard,2026-07-01,2026-07-05,4,3,5945,Completed,Goibibo,Group,0.52,71344
DELJUL26-04301,Karol Bagh,Upscale,Standard,2026-07-01,2026-07-05,4,2,4445,Completed,Booking.com,Group,0.543,35557
DELJUL26-04302,South Delhi,Economy,Suite,2026-07-13,2026-07-18,5,2,5634,Confirmed,Walk-in,Couple,0.562,56340
DELJUL26-04303,Connaught Place,Midscale,Suite,2026-07-29,2026-08-02,4,1,7035,Confirmed,Direct,Business,0.908,28142
DELJUL26-04304,Aerocity,Midscale,Standard,2026-07-09,2026-07-14,5,3,9903,Completed,MakeMyTrip,Business,0.87,148550
DELJUL26-04305,South Delhi,Midscale,Deluxe,2026-07-24,2026-07-26,2,3,7891,Confirmed,Agoda,Leisure,0.667,47345
DELJUL26-04306,Greater Kailash,Midscale,Deluxe,2026-07-18,2026-07-20,2,3,8828,Confirmed,Walk-in,Group,0.928,52970
DELJUL26-04307,Greater Kailash,Midscale,Standard,2026-07-07,2026-07-09,2,2,6880,Confirmed,Booking.com,Business,0.699,27519
DELJUL26-04308,Greater Kailash,Midscale,Standard,2026-07-29,2026-08-03,5,1,7566,Confirmed,MakeMyTrip,Business,0.411,37830
DELJUL26-04309,Lajpat Nagar,Budget,Premium,2026-07-06,2026-07-10,4,1,2174,Confirmed,Direct,Couple,0.642,8697
DELJUL26-04310,South Delhi,Upscale,Standard,2026-07-16,2026-07-18,2,3,10784,Completed,Goibibo,Family,0.887,64704
DELJUL26-04311,Dwarka,Luxury,Deluxe,2026-07-21,2026-07-25,4,1,6105,Completed,Booking.com,Business,0.748,24419
DELJUL26-04312,Lajpat Nagar,Economy,Standard,2026-07-21,2026-07-23,2,3,2847,Cancelled,Goibibo,Business,0.922,0
DELJUL26-04313,Paharganj,Luxury,Deluxe,2026-07-27,2026-07-29,2,1,5174,Confirmed,Direct,Family,0.669,10348
DELJUL26-04314,Aerocity,Luxury,Standard,2026-07-22,2026-07-23,1,3,15581,Confirmed,MakeMyTrip,Couple,0.897,46742
DELJUL26-04315,Greater Kailash,Economy,Standard,2026-07-21,2026-07-26,5,2,5496,Completed,MakeMyTrip,Leisure,0.81,54957
DELJUL26-04316,Karol Bagh,Midscale,Standard,2026-07-05,2026-07-07,2,2,2861,Confirmed,Goibibo,Couple,0.844,11446
DELJUL26-04317,Rohini,Midscale,Suite,2026-07-10,2026-07-14,4,3,3555,Confirmed,Booking.com,Leisure,0.945,42658
DELJUL26-04318,Saket,Budget,Standard,2026-07-11,2026-07-12,1,2,2198,Confirmed,Booking.com,Group,0.531,4396
DELJUL26-04319,Lajpat Nagar,Budget,Standard,2026-07-12,2026-07-13,1,2,1770,Confirmed,Agoda,Leisure,0.727,3540
DELJUL26-04320,Aerocity,Economy,Standard,2026-07-04,2026-07-08,4,3,10077,Cancelled,Walk-in,Business,0.504,0
DELJUL26-04321,South Delhi,Upscale,Standard,2026-07-03,2026-07-04,1,2,9680,Confirmed,Booking.com,Business,0.862,19361
DELJUL26-04322,Saket,Economy,Premium,2026-07-14,2026-07-15,1,1,7053,Completed,MakeMyTrip,Group,0.702,7053
DELJUL26-04323,Saket,Upscale,Standard,2026-07-23,2026-07-25,2,3,8482,Confirmed,Direct,Business,0.456,50892
DELJUL26-04324,Karol Bagh,Midscale,Deluxe,2026-07-28,2026-07-31,3,2,2575,Completed,Direct,Group,0.603,15447
DELJUL26-04325,Rohini,Midscale,Deluxe,2026-07-30,2026-07-31,1,2,2609,Completed,MakeMyTrip,Business,0.459,5218
DELJUL26-04326,Paharganj,Economy,Premium,2026-07-15,2026-07-16,1,1,2155,Confirmed,Agoda,Business,0.625,2155
DELJUL26-04327,Lajpat Nagar,Economy,Premium,2026-07-28,2026-07-30,2,1,2030,Completed,Agoda,Family,0.397,4061
DELJUL26-04328,Saket,Budget,Standard,2026-07-15,2026-07-19,4,1,3667,Completed,Agoda,Leisure,0.929,14668
DELJUL26-04329,Aerocity,Budget,Deluxe,2026-07-15,2026-07-16,1,3,6360,Confirmed,Direct,Leisure,0.708,19081
DELJUL26-04330,Lajpat Nagar,Budget,Premium,2026-07-07,2026-07-09,2,3,2722,Completed,Direct,Business,0.944,16332
DELJUL26-04331,Connaught Place,Budget,Premium,2026-07-20,2026-07-21,1,2,3954,Completed,Booking.com,Couple,0.454,7908
DELJUL26-04332,Karol Bagh,Budget,Suite,2026-07-10,2026-07-12,2,3,2285,Completed,Booking.com,Leisure,0.581,13709
DELJUL26-04333,Lajpat Nagar,Midscale,Deluxe,2026-07-16,2026-07-18,2,2,2910,Confirmed,Goibibo,Group,0.909,11640
DELJUL26-04334,Lajpat Nagar,Economy,Standard,2026-07-30,2026-08-03,4,3,4461,Confirmed,Goibibo,Couple,0.765,53535
DELJUL26-04335,Rohini,Economy,Standard,2026-07-17,2026-07-18,1,1,2232,Confirmed,Booking.com,Business,0.392,2232
DELJUL26-04336,Saket,Upscale,Premium,2026-07-10,2026-07-15,5,3,5795,Confirmed,Agoda,Leisure,0.88,86930
DELJUL26-04337,Greater Kailash,Midscale,Premium,2026-07-21,2026-07-23,2,2,4289,Confirmed,Agoda,Family,0.463,17157
DELJUL26-04338,Paharganj,Upscale,Standard,2026-07-23,2026-07-28,5,3,3930,Completed,Booking.com,Family,0.507,58957
DELJUL26-04339,Greater Kailash,Midscale,Deluxe,2026-07-19,2026-07-23,4,1,8503,Confirmed,Goibibo,Leisure,0.789,34013
DELJUL26-04340,Dwarka,Budget,Standard,2026-07-02,2026-07-04,2,3,2989,Confirmed,Booking.com,Couple,0.776,17933
DELJUL26-04341,Aerocity,Upscale,Standard,2026-07-08,2026-07-10,2,1,14251,Confirmed,Direct,Group,0.746,28502
DELJUL26-04342,Saket,Upscale,Standard,2026-07-04,2026-07-09,5,2,11079,Confirmed,Agoda,Family,0.353,110789
DELJUL26-04343,Saket,Midscale,Standard,2026-07-30,2026-08-04,5,3,6687,Completed,Direct,Family,0.5,100307
DELJUL26-04344,Karol Bagh,Midscale,Deluxe,2026-07-10,2026-07-14,4,2,3298,Completed,Booking.com,Group,0.557,26384
DELJUL26-04345,Paharganj,Economy,Standard,2026-07-15,2026-07-16,1,2,2399,Confirmed,Booking.com,Business,0.59,4797
DELJUL26-04346,Dwarka,Economy,Deluxe,2026-07-28,2026-08-02,5,3,1645,Confirmed,Walk-in,Business,0.394,24679
DELJUL26-04347,Aerocity,Upscale,Deluxe,2026-07-31,2026-08-03,3,3,10418,Confirmed,Goibibo,Group,0.755,93764
DELJUL26-04348,Connaught Place,Midscale,Premium,2026-07-07,2026-07-08,1,3,6357,Completed,Agoda,Family,0.885,19072
DELJUL26-04349,Greater Kailash,Budget,Standard,2026-07-27,2026-08-01,5,1,2474,Confirmed,Walk-in,Group,0.944,12371
DELJUL26-04350,Paharganj,Budget,Standard,2026-07-23,2026-07-24,1,3,1977,Confirmed,Walk-in,Group,0.829,5931
DELJUL26-04351,South Delhi,Budget,Deluxe,2026-07-20,2026-07-22,2,2,5643,Confirmed,Goibibo,Group,0.472,22572
DELJUL26-04352,Dwarka,Economy,Deluxe,2026-07-06,2026-07-07,1,2,2516,Confirmed,MakeMyTrip,Business,0.657,5031
DELJUL26-04353,Dwarka,Economy,Standard,2026-07-22,2026-07-25,3,3,2811,Confirmed,MakeMyTrip,Couple,0.899,25297
DELJUL26-04354,Saket,Upscale,Standard,2026-07-19,2026-07-24,5,2,7758,Completed,Direct,Family,0.39,77581
DELJUL26-04355,Saket,Budget,Suite,2026-07-14,2026-07-15,1,3,2513,Confirmed,Goibibo,Couple,0.487,7540
DELJUL26-04356,Lajpat Nagar,Economy,Standard,2026-07-19,2026-07-20,1,2,2549,Confirmed,Goibibo,Group,0.509,5098
DELJUL26-04357,Rohini,Budget,Standard,2026-07-07,2026-07-12,5,1,1175,Confirmed,Walk-in,Couple,0.716,5875
DELJUL26-04358,Karol Bagh,Midscale,Suite,2026-07-20,2026-07-21,1,3,3366,Confirmed,Booking.com,Family,0.921,10097
DELJUL26-04359,South Delhi,Midscale,Premium,2026-07-05,2026-07-06,1,2,4442,Completed,Agoda,Group,0.64,8885
DELJUL26-04360,Rohini,Midscale,Standard,2026-07-09,2026-07-12,3,2,2241,Completed,Booking.com,Group,0.688,13446
DELJUL26-04361,Aerocity,Luxury,Premium,2026-07-16,2026-07-18,2,1,18125,Completed,Direct,Business,0.734,36250
DELJUL26-04362,Greater Kailash,Luxury,Standard,2026-07-06,2026-07-11,5,1,19043,Completed,MakeMyTrip,Group,0.861,95215
DELJUL26-04363,Saket,Upscale,Premium,2026-07-29,2026-07-30,1,3,4647,Completed,Walk-in,Family,0.522,13942
DELJUL26-04364,Rohini,Upscale,Deluxe,2026-07-28,2026-07-31,3,1,2995,Cancelled,MakeMyTrip,Business,0.726,0
DELJUL26-04365,Dwarka,Economy,Standard,2026-07-15,2026-07-20,5,1,3156,Cancelled,Booking.com,Business,0.905,0
DELJUL26-04366,Lajpat Nagar,Midscale,Premium,2026-07-18,2026-07-22,4,2,3537,Completed,Booking.com,Couple,0.913,28297
DELJUL26-04367,Connaught Place,Economy,Premium,2026-07-10,2026-07-11,1,3,5708,Completed,Agoda,Business,0.58,17123
DELJUL26-04368,Connaught Place,Upscale,Standard,2026-07-07,2026-07-08,1,1,6598,Completed,Booking.com,Couple,0.417,6598
DELJUL26-04369,Rohini,Budget,Deluxe,2026-07-30,2026-07-31,1,2,1540,Confirmed,Booking.com,Family,0.905,3079
DELJUL26-04370,Dwarka,Budget,Premium,2026-07-13,2026-07-18,5,2,2232,Completed,Booking.com,Group,0.903,22320
DELJUL26-04371,Dwarka,Budget,Deluxe,2026-07-30,2026-08-01,2,3,2645,Confirmed,Direct,Leisure,0.408,15871
DELJUL26-04372,Connaught Place,Midscale,Standard,2026-07-03,2026-07-04,1,1,8619,Cancelled,Agoda,Family,0.399,0
DELJUL26-04373,Karol Bagh,Midscale,Standard,2026-07-04,2026-07-06,2,3,3390,Cancelled,Booking.com,Business,0.461,0
DELJUL26-04374,Lajpat Nagar,Budget,Suite,2026-07-15,2026-07-17,2,1,2223,Cancelled,Booking.com,Couple,0.738,0
DELJUL26-04375,Paharganj,Midscale,Standard,2026-07-25,2026-07-26,1,2,2217,Cancelled,Booking.com,Group,0.532,0
DELJUL26-04376,Dwarka,Economy,Deluxe,2026-07-14,2026-07-17,3,3,2406,Completed,Agoda,Business,0.494,21657
DELJUL26-04377,Paharganj,Upscale,Deluxe,2026-07-27,2026-08-01,5,3,2352,Completed,Walk-in,Group,0.83,35273
DELJUL26-04378,Karol Bagh,Budget,Standard,2026-07-05,2026-07-07,2,2,1489,Confirmed,Agoda,Couple,0.496,5956
DELJUL26-04379,Connaught Place,Budget,Standard,2026-07-27,2026-08-01,5,2,4615,Confirmed,Goibibo,Leisure,0.926,46151
DELJUL26-04380,Rohini,Midscale,Standard,2026-07-14,2026-07-18,4,3,2110,Confirmed,Agoda,Couple,0.613,25319
DELJUL26-04381,Rohini,Midscale,Standard,2026-07-09,2026-07-11,2,3,1773,Confirmed,Booking.com,Family,0.604,10638
DELJUL26-04382,Connaught Place,Upscale,Premium,2026-07-20,2026-07-24,4,1,10163,Confirmed,Walk-in,Group,0.916,40653
DELJUL26-04383,Paharganj,Midscale,Standard,2026-07-25,2026-07-27,2,1,2563,Completed,Goibibo,Family,0.422,5125
DELJUL26-04384,Dwarka,Luxury,Standard,2026-07-29,2026-07-31,2,1,8619,Completed,Walk-in,Business,0.419,17238
DELJUL26-04385,Paharganj,Economy,Deluxe,2026-07-03,2026-07-05,2,3,2774,Confirmed,Booking.com,Leisure,0.61,16642
DELJUL26-04386,Greater Kailash,Economy,Premium,2026-07-22,2026-07-23,1,1,6117,Completed,Direct,Leisure,0.702,6117
DELJUL26-04387,Karol Bagh,Luxury,Standard,2026-07-10,2026-07-14,4,1,7163,Confirmed,Agoda,Couple,0.655,28651
DELJUL26-04388,Aerocity,Budget,Standard,2026-07-16,2026-07-17,1,1,5283,Completed,Booking.com,Group,0.923,5283
DELJUL26-04389,Paharganj,Upscale,Deluxe,2026-07-15,2026-07-16,1,3,3475,Confirmed,Booking.com,Couple,0.946,10426
DELJUL26-04390,Dwarka,Budget,Deluxe,2026-07-24,2026-07-25,1,1,2439,Completed,Agoda,Couple,0.375,2439
DELJUL26-04391,Connaught Place,Economy,Deluxe,2026-07-13,2026-07-14,1,1,5748,Confirmed,Goibibo,Leisure,0.449,5748
DELJUL26-04392,Lajpat Nagar,Budget,Standard,2026-07-09,2026-07-14,5,2,1808,Confirmed,Agoda,Leisure,0.682,18084
DELJUL26-04393,Aerocity,Midscale,Premium,2026-07-16,2026-07-17,1,2,7067,Confirmed,Booking.com,Family,0.92,14133
DELJUL26-04394,Aerocity,Upscale,Deluxe,2026-07-21,2026-07-25,4,1,10169,Completed,Direct,Family,0.518,40674
DELJUL26-04395,Dwarka,Budget,Premium,2026-07-27,2026-07-29,2,2,1278,Completed,MakeMyTrip,Family,0.57,5113
DELJUL26-04396,Dwarka,Budget,Suite,2026-07-01,2026-07-02,1,3,1528,Completed,Walk-in,Group,0.489,4585
DELJUL26-04397,Karol Bagh,Economy,Deluxe,2026-07-18,2026-07-20,2,1,3912,Completed,Goibibo,Business,0.93,7824
DELJUL26-04398,Karol Bagh,Economy,Standard,2026-07-03,2026-07-04,1,2,1929,Confirmed,Walk-in,Group,0.442,3859
DELJUL26-04399,Aerocity,Economy,Deluxe,2026-07-20,2026-07-22,2,2,8996,Completed,Walk-in,Business,0.689,35984
DELJUL26-04400,South Delhi,Luxury,Deluxe,2026-07-20,2026-07-25,5,1,18061,Completed,Walk-in,Business,0.364,90305
DELJUL26-04401,Paharganj,Budget,Standard,2026-07-27,2026-07-31,4,1,1171,Confirmed,MakeMyTrip,Business,0.711,4684
DELJUL26-04402,Connaught Place,Economy,Standard,2026-07-06,2026-07-11,5,3,5072,Cancelled,Booking.com,Couple,0.585,0
DELJUL26-04403,Paharganj,Economy,Standard,2026-07-25,2026-07-29,4,3,2370,Confirmed,Walk-in,Business,0.689,28443
DELJUL26-04404,Rohini,Economy,Premium,2026-07-22,2026-07-27,5,2,2076,Confirmed,Goibibo,Family,0.398,20760
DELJUL26-04405,Karol Bagh,Economy,Premium,2026-07-21,2026-07-22,1,3,2468,Confirmed,Booking.com,Leisure,0.405,7405
DELJUL26-04406,Lajpat Nagar,Midscale,Deluxe,2026-07-20,2026-07-21,1,2,4504,Completed,MakeMyTrip,Business,0.405,9008
DELJUL26-04407,Karol Bagh,Midscale,Deluxe,2026-07-18,2026-07-21,3,3,4208,Completed,Agoda,Leisure,0.851,37876
DELJUL26-04408,Connaught Place,Upscale,Deluxe,2026-07-02,2026-07-05,3,2,14724,Confirmed,MakeMyTrip,Couple,0.785,88343
DELJUL26-04409,Karol Bagh,Economy,Premium,2026-07-26,2026-07-30,4,3,3669,Completed,Agoda,Group,0.427,44033
DELJUL26-04410,Paharganj,Midscale,Standard,2026-07-13,2026-07-14,1,3,2576,Completed,Booking.com,Business,0.54,7728
DELJUL26-04411,Connaught Place,Upscale,Standard,2026-07-04,2026-07-05,1,3,12489,Completed,Booking.com,Group,0.612,37466
DELJUL26-04412,Dwarka,Upscale,Deluxe,2026-07-20,2026-07-24,4,2,5205,Completed,Direct,Family,0.409,41640
DELJUL26-04413,Paharganj,Upscale,Premium,2026-07-30,2026-08-02,3,3,4066,Completed,Walk-in,Group,0.854,36598
DELJUL26-04414,Greater Kailash,Economy,Premium,2026-07-23,2026-07-26,3,3,6239,Confirmed,Walk-in,Business,0.568,56155
DELJUL26-04415,Saket,Luxury,Suite,2026-07-08,2026-07-10,2,3,15604,Completed,Booking.com,Group,0.752,93623
DELJUL26-04416,Saket,Upscale,Deluxe,2026-07-26,2026-07-30,4,2,10485,Confirmed,Goibibo,Leisure,0.735,83877
DELJUL26-04417,Saket,Upscale,Standard,2026-07-27,2026-08-01,5,1,6589,Confirmed,Agoda,Business,0.899,32946
DELJUL26-04418,Connaught Place,Midscale,Standard,2026-07-11,2026-07-12,1,2,7801,Confirmed,Goibibo,Business,0.795,15601
DELJUL26-04419,Greater Kailash,Luxury,Standard,2026-07-17,2026-07-18,1,3,9187,Completed,Goibibo,Leisure,0.371,27561
DELJUL26-04420,Connaught Place,Economy,Deluxe,2026-07-26,2026-07-30,4,3,5546,Completed,Booking.com,Group,0.443,66548
DELJUL26-04421,Greater Kailash,Midscale,Deluxe,2026-07-05,2026-07-10,5,3,6976,Confirmed,Direct,Business,0.617,104634
DELJUL26-04422,Rohini,Midscale,Standard,2026-07-11,2026-07-13,2,2,3742,Completed,Walk-in,Family,0.406,14968
DELJUL26-04423,Greater Kailash,Midscale,Standard,2026-07-15,2026-07-19,4,2,6682,Confirmed,Walk-in,Leisure,0.585,53460
DELJUL26-04424,Saket,Upscale,Premium,2026-07-01,2026-07-06,5,3,8739,Completed,Walk-in,Couple,0.936,131082
DELJUL26-04425,Paharganj,Budget,Standard,2026-07-06,2026-07-07,1,1,1370,Confirmed,Direct,Leisure,0.473,1370
DELJUL26-04426,Lajpat Nagar,Economy,Deluxe,2026-07-19,2026-07-20,1,3,2590,Completed,Agoda,Business,0.773,7769
DELJUL26-04427,Karol Bagh,Economy,Standard,2026-07-09,2026-07-10,1,2,2502,Completed,Booking.com,Group,0.506,5004
DELJUL26-04428,Saket,Midscale,Deluxe,2026-07-08,2026-07-12,4,2,7502,Confirmed,Booking.com,Group,0.37,60014
DELJUL26-04429,Greater Kailash,Midscale,Deluxe,2026-07-10,2026-07-14,4,2,4954,Completed,MakeMyTrip,Leisure,0.409,39636
DELJUL26-04430,Rohini,Upscale,Standard,2026-07-04,2026-07-05,1,2,4771,Completed,Booking.com,Couple,0.412,9542
DELJUL26-04431,Rohini,Upscale,Deluxe,2026-07-20,2026-07-21,1,3,3521,Confirmed,Goibibo,Couple,0.529,10562
DELJUL26-04432,Aerocity,Midscale,Deluxe,2026-07-09,2026-07-13,4,2,9986,Completed,Goibibo,Group,0.926,79886
DELJUL26-04433,Lajpat Nagar,Budget,Standard,2026-07-21,2026-07-26,5,1,2211,Completed,Walk-in,Business,0.722,11053
DELJUL26-04434,Connaught Place,Midscale,Premium,2026-07-26,2026-07-30,4,1,9112,Confirmed,Agoda,Business,0.424,36447
DELJUL26-04435,Dwarka,Upscale,Premium,2026-07-15,2026-07-16,1,1,5768,Confirmed,Agoda,Business,0.392,5768
DELJUL26-04436,Rohini,Midscale,Deluxe,2026-07-29,2026-07-31,2,2,3451,Completed,Walk-in,Family,0.932,13805
DELJUL26-04437,South Delhi,Upscale,Standard,2026-07-07,2026-07-08,1,1,13165,Cancelled,MakeMyTrip,Couple,0.453,0
DELJUL26-04438,Rohini,Luxury,Standard,2026-07-30,2026-08-01,2,1,6210,Completed,Direct,Leisure,0.512,12420
DELJUL26-04439,Paharganj,Economy,Standard,2026-07-10,2026-07-13,3,3,1450,Completed,Walk-in,Leisure,0.855,13051
DELJUL26-04440,Paharganj,Midscale,Standard,2026-07-10,2026-07-12,2,3,1922,Completed,MakeMyTrip,Leisure,0.683,11533
DELJUL26-04441,Paharganj,Midscale,Deluxe,2026-07-31,2026-08-04,4,3,3498,Confirmed,MakeMyTrip,Business,0.486,41978
DELJUL26-04442,Paharganj,Economy,Premium,2026-07-15,2026-07-17,2,3,2070,Confirmed,MakeMyTrip,Family,0.749,12418
DELJUL26-04443,South Delhi,Budget,Standard,2026-07-24,2026-07-27,3,1,3539,Confirmed,Walk-in,Business,0.573,10616
DELJUL26-04444,Saket,Budget,Deluxe,2026-07-25,2026-07-29,4,3,4077,Confirmed,MakeMyTrip,Group,0.699,48920
DELJUL26-04445,Greater Kailash,Budget,Deluxe,2026-07-14,2026-07-15,1,1,3681,Completed,Agoda,Couple,0.408,3681
DELJUL26-04446,Saket,Midscale,Deluxe,2026-07-10,2026-07-11,1,1,8134,Completed,Agoda,Leisure,0.878,8134
DELJUL26-04447,Paharganj,Budget,Premium,2026-07-16,2026-07-18,2,3,1972,Confirmed,Goibibo,Group,0.707,11833
DELJUL26-04448,Connaught Place,Economy,Standard,2026-07-12,2026-07-13,1,2,6615,Completed,Goibibo,Couple,0.353,13230
DELJUL26-04449,Dwarka,Midscale,Deluxe,2026-07-13,2026-07-14,1,2,3991,Confirmed,Direct,Group,0.685,7982
DELJUL26-04450,Lajpat Nagar,Economy,Standard,2026-07-08,2026-07-10,2,2,3509,Confirmed,Walk-in,Couple,0.567,14037
DELJUL26-04451,Lajpat Nagar,Upscale,Standard,2026-07-29,2026-07-31,2,2,6435,Completed,MakeMyTrip,Couple,0.893,25741
DELJUL26-04452,Karol Bagh,Economy,Deluxe,2026-07-18,2026-07-20,2,2,4042,Confirmed,Booking.com,Family,0.433,16166
DELJUL26-04453,Saket,Budget,Standard,2026-07-25,2026-07-26,1,1,2578,Completed,Booking.com,Couple,0.55,2578
DELJUL26-04454,Greater Kailash,Luxury,Standard,2026-07-21,2026-07-22,1,1,15816,Confirmed,MakeMyTrip,Couple,0.809,15816
DELJUL26-04455,South Delhi,Upscale,Standard,2026-07-11,2026-07-16,5,3,11149,Confirmed,Goibibo,Group,0.485,167235
DELJUL26-04456,Aerocity,Midscale,Standard,2026-07-10,2026-07-14,4,2,8805,Completed,Goibibo,Family,0.538,70439
DELJUL26-04457,Dwarka,Upscale,Standard,2026-07-31,2026-08-03,3,3,3721,Completed,Walk-in,Couple,0.813,33491
DELJUL26-04458,Aerocity,Budget,Standard,2026-07-01,2026-07-02,1,2,5620,Completed,Agoda,Group,0.777,11241
DELJUL26-04459,Connaught Place,Upscale,Standard,2026-07-10,2026-07-12,2,3,10021,Completed,MakeMyTrip,Couple,0.566,60125
DELJUL26-04460,South Delhi,Budget,Deluxe,2026-07-23,2026-07-28,5,1,4465,Completed,Agoda,Couple,0.63,22325
DELJUL26-04461,Connaught Place,Economy,Deluxe,2026-07-17,2026-07-22,5,3,5752,Completed,Agoda,Leisure,0.681,86278
DELJUL26-04462,Paharganj,Budget,Premium,2026-07-20,2026-07-24,4,2,1153,Confirmed,Walk-in,Group,0.883,9223
DELJUL26-04463,Dwarka,Upscale,Premium,2026-07-01,2026-07-03,2,3,5006,Confirmed,Direct,Group,0.747,30034
DELJUL26-04464,South Delhi,Budget,Premium,2026-07-07,2026-07-10,3,1,3791,Completed,Goibibo,Business,0.705,11373
DELJUL26-04465,Saket,Economy,Deluxe,2026-07-19,2026-07-20,1,2,3073,Completed,Goibibo,Group,0.837,6146
DELJUL26-04466,Aerocity,Budget,Standard,2026-07-10,2026-07-15,5,2,6114,Confirmed,Booking.com,Group,0.533,61137
DELJUL26-04467,Greater Kailash,Midscale,Standard,2026-07-15,2026-07-16,1,3,6459,Confirmed,Goibibo,Business,0.616,19378
DELJUL26-04468,Rohini,Economy,Premium,2026-07-30,2026-08-03,4,3,1584,Confirmed,Agoda,Group,0.762,19002
DELJUL26-04469,Lajpat Nagar,Midscale,Suite,2026-07-20,2026-07-22,2,2,3665,Confirmed,Direct,Family,0.592,14661
DELJUL26-04470,Greater Kailash,Economy,Deluxe,2026-07-20,2026-07-23,3,1,5186,Confirmed,Walk-in,Leisure,0.637,15558
DELJUL26-04471,Saket,Upscale,Deluxe,2026-07-07,2026-07-12,5,1,10725,Completed,Walk-in,Leisure,0.446,53626
DELJUL26-04472,Lajpat Nagar,Budget,Standard,2026-07-19,2026-07-21,2,1,2249,Completed,Booking.com,Family,0.716,4498
DELJUL26-04473,Saket,Luxury,Standard,2026-07-30,2026-07-31,1,1,10604,Completed,Booking.com,Family,0.734,10604
DELJUL26-04474,Connaught Place,Economy,Deluxe,2026-07-20,2026-07-24,4,3,7019,Completed,Booking.com,Group,0.864,84234
DELJUL26-04475,Lajpat Nagar,Budget,Standard,2026-07-25,2026-07-28,3,2,2633,Confirmed,Direct,Family,0.401,15796
DELJUL26-04476,Paharganj,Budget,Standard,2026-07-30,2026-07-31,1,1,817,Completed,Direct,Business,0.89,817
DELJUL26-04477,Rohini,Budget,Premium,2026-07-28,2026-07-29,1,2,1710,Completed,Booking.com,Business,0.402,3420
DELJUL26-04478,Paharganj,Economy,Premium,2026-07-11,2026-07-14,3,2,1639,Completed,Goibibo,Family,0.797,9831
DELJUL26-04479,Lajpat Nagar,Economy,Premium,2026-07-10,2026-07-14,4,1,4087,Cancelled,Agoda,Business,0.703,0
DELJUL26-04480,Dwarka,Upscale,Standard,2026-07-09,2026-07-10,1,2,6612,Completed,Goibibo,Couple,0.594,13224
DELJUL26-04481,Saket,Midscale,Standard,2026-07-24,2026-07-27,3,2,9158,Confirmed,Goibibo,Leisure,0.904,54945
DELJUL26-04482,Karol Bagh,Budget,Deluxe,2026-07-12,2026-07-15,3,2,2458,Confirmed,Direct,Group,0.624,14749
DELJUL26-04483,Lajpat Nagar,Economy,Deluxe,2026-07-26,2026-07-27,1,1,2234,Confirmed,Walk-in,Business,0.365,2234
DELJUL26-04484,Aerocity,Budget,Suite,2026-07-25,2026-07-29,4,2,5535,Confirmed,Booking.com,Leisure,0.662,44282
DELJUL26-04485,Saket,Budget,Standard,2026-07-21,2026-07-25,4,3,2865,Completed,MakeMyTrip,Group,0.669,34381
DELJUL26-04486,Paharganj,Economy,Standard,2026-07-04,2026-07-05,1,2,2230,Confirmed,Goibibo,Business,0.797,4459
DELJUL26-04487,Dwarka,Budget,Standard,2026-07-23,2026-07-27,4,3,1939,Confirmed,Direct,Couple,0.565,23266
DELJUL26-04488,Karol Bagh,Budget,Deluxe,2026-07-07,2026-07-09,2,3,1280,Completed,MakeMyTrip,Business,0.394,7682
DELJUL26-04489,South Delhi,Luxury,Standard,2026-07-18,2026-07-21,3,2,8220,Completed,Walk-in,Group,0.56,49318
DELJUL26-04490,Paharganj,Midscale,Standard,2026-07-08,2026-07-13,5,2,1843,Cancelled,Booking.com,Leisure,0.712,0
DELJUL26-04491,Connaught Place,Upscale,Standard,2026-07-02,2026-07-07,5,2,7012,Confirmed,Goibibo,Family,0.677,70124
DELJUL26-04492,Connaught Place,Economy,Standard,2026-07-20,2026-07-22,2,2,4379,Confirmed,Goibibo,Leisure,0.858,17515
DELJUL26-04493,South Delhi,Upscale,Deluxe,2026-07-14,2026-07-16,2,1,12737,Completed,Direct,Family,0.512,25475
DELJUL26-04494,Karol Bagh,Economy,Standard,2026-07-20,2026-07-21,1,3,2891,Completed,Direct,Couple,0.692,8672
DELJUL26-04495,Paharganj,Budget,Premium,2026-07-16,2026-07-21,5,2,1717,Confirmed,Direct,Family,0.935,17172
DELJUL26-04496,South Delhi,Upscale,Deluxe,2026-07-12,2026-07-14,2,1,9950,Completed,Direct,Group,0.538,19900
DELJUL26-04497,Paharganj,Budget,Standard,2026-07-01,2026-07-06,5,3,2006,Completed,Goibibo,Couple,0.612,30088
DELJUL26-04498,Paharganj,Economy,Standard,2026-07-09,2026-07-14,5,3,1987,Completed,Booking.com,Group,0.947,29807
DELJUL26-04499,Karol Bagh,Upscale,Standard,2026-07-28,2026-07-31,3,2,5676,Confirmed,Goibibo,Group,0.437,34058
DELJUL26-04500,Paharganj,Midscale,Standard,2026-07-24,2026-07-28,4,3,3296,Completed,Booking.com,Group,0.694,39554
DELJUL26-04501,South Delhi,Midscale,Deluxe,2026-07-15,2026-07-18,3,3,8318,Cancelled,MakeMyTrip,Family,0.572,0
DELJUL26-04502,Dwarka,Economy,Premium,2026-07-01,2026-07-04,3,3,3266,Confirmed,Direct,Group,0.378,29392
DELJUL26-04503,Rohini,Budget,Standard,2026-07-31,2026-08-02,2,3,1556,Confirmed,Agoda,Couple,0.806,9335
DELJUL26-04504,Greater Kailash,Luxury,Standard,2026-07-23,2026-07-28,5,1,15106,Confirmed,Direct,Leisure,0.469,75530
DELJUL26-04505,Aerocity,Budget,Premium,2026-07-01,2026-07-02,1,1,6804,Confirmed,Walk-in,Leisure,0.885,6804
DELJUL26-04506,Paharganj,Economy,Deluxe,2026-07-07,2026-07-11,4,2,1769,Confirmed,Booking.com,Business,0.601,14155
DELJUL26-04507,Karol Bagh,Budget,Standard,2026-07-06,2026-07-11,5,3,2679,Confirmed,Walk-in,Family,0.437,40191
DELJUL26-04508,Dwarka,Upscale,Standard,2026-07-28,2026-08-02,5,3,3160,Cancelled,Agoda,Leisure,0.498,0
DELJUL26-04509,Karol Bagh,Upscale,Standard,2026-07-30,2026-08-03,4,2,3098,Completed,Agoda,Family,0.85,24787
DELJUL26-04510,Rohini,Economy,Standard,2026-07-13,2026-07-17,4,1,2087,Completed,Agoda,Couple,0.574,8347
DELJUL26-04511,Karol Bagh,Luxury,Suite,2026-07-06,2026-07-11,5,3,4174,Completed,MakeMyTrip,Couple,0.504,62610
DELJUL26-04512,Dwarka,Budget,Deluxe,2026-07-20,2026-07-25,5,2,2538,Confirmed,Booking.com,Group,0.499,25377
DELJUL26-04513,Connaught Place,Upscale,Standard,2026-07-09,2026-07-11,2,3,6992,Confirmed,Agoda,Business,0.7,41953
DELJUL26-04514,Rohini,Budget,Premium,2026-07-04,2026-07-08,4,1,1928,Completed,Goibibo,Leisure,0.504,7712
DELJUL26-04515,Rohini,Economy,Standard,2026-07-09,2026-07-12,3,3,1926,Completed,Agoda,Group,0.911,17330
DELJUL26-04516,Greater Kailash,Budget,Standard,2026-07-08,2026-07-10,2,1,4163,Confirmed,Booking.com,Family,0.38,8326
DELJUL26-04517,Paharganj,Luxury,Suite,2026-07-02,2026-07-07,5,3,5267,Completed,Agoda,Couple,0.444,79010
DELJUL26-04518,Aerocity,Upscale,Deluxe,2026-07-22,2026-07-23,1,3,9627,Completed,Walk-in,Family,0.607,28882
DELJUL26-04519,Greater Kailash,Midscale,Deluxe,2026-07-11,2026-07-12,1,3,4340,Completed,Agoda,Family,0.475,13019
DELJUL26-04520,Saket,Budget,Standard,2026-07-18,2026-07-19,1,3,3300,Completed,Booking.com,Leisure,0.817,9900
DELJUL26-04521,Rohini,Economy,Standard,2026-07-18,2026-07-20,2,3,3086,Confirmed,Booking.com,Family,0.9,18516
DELJUL26-04522,South Delhi,Economy,Premium,2026-07-24,2026-07-27,3,1,6061,Completed,Direct,Group,0.71,18182
DELJUL26-04523,Dwarka,Economy,Standard,2026-07-24,2026-07-29,5,1,2080,Completed,Agoda,Leisure,0.862,10402
DELJUL26-04524,Rohini,Budget,Premium,2026-07-18,2026-07-23,5,1,1715,Completed,MakeMyTrip,Business,0.83,8576
DELJUL26-04525,Lajpat Nagar,Midscale,Deluxe,2026-07-26,2026-07-31,5,1,2486,Completed,Booking.com,Group,0.445,12429
DELJUL26-04526,Saket,Midscale,Standard,2026-07-18,2026-07-22,4,2,5220,Completed,Direct,Family,0.397,41759
DELJUL26-04527,Aerocity,Upscale,Premium,2026-07-01,2026-07-04,3,1,16078,Completed,MakeMyTrip,Leisure,0.727,48234
DELJUL26-04528,Aerocity,Economy,Premium,2026-07-27,2026-07-31,4,1,5931,Confirmed,Booking.com,Group,0.94,23724
DELJUL26-04529,Saket,Economy,Premium,2026-07-24,2026-07-26,2,2,5042,Cancelled,Walk-in,Leisure,0.849,0
DELJUL26-04530,Dwarka,Midscale,Standard,2026-07-14,2026-07-18,4,2,5397,Completed,MakeMyTrip,Business,0.72,43178
DELJUL26-04531,Aerocity,Budget,Deluxe,2026-07-12,2026-07-13,1,2,4137,Completed,MakeMyTrip,Family,0.417,8275
DELJUL26-04532,Connaught Place,Midscale,Standard,2026-07-28,2026-08-02,5,3,5174,Cancelled,Goibibo,Business,0.818,0
DELJUL26-04533,Greater Kailash,Upscale,Standard,2026-07-14,2026-07-19,5,2,6942,Cancelled,Agoda,Family,0.76,0
DELJUL26-04534,Greater Kailash,Budget,Premium,2026-07-12,2026-07-16,4,2,2573,Completed,Direct,Couple,0.91,20580
DELJUL26-04535,Aerocity,Economy,Suite,2026-07-23,2026-07-24,1,1,5728,Confirmed,Direct,Family,0.776,5728
DELJUL26-04536,Dwarka,Upscale,Standard,2026-07-11,2026-07-13,2,3,5924,Confirmed,Booking.com,Family,0.412,35542
DELJUL26-04537,Aerocity,Midscale,Deluxe,2026-07-13,2026-07-17,4,2,8676,Completed,Agoda,Couple,0.716,69411
DELJUL26-04538,Greater Kailash,Midscale,Premium,2026-07-25,2026-07-28,3,1,6878,Confirmed,Walk-in,Couple,0.592,20635
DELJUL26-04539,Lajpat Nagar,Midscale,Deluxe,2026-07-07,2026-07-10,3,1,4612,Confirmed,Walk-in,Couple,0.603,13835
DELJUL26-04540,Lajpat Nagar,Midscale,Standard,2026-07-01,2026-07-04,3,1,5652,Completed,Booking.com,Family,0.73,16955
DELJUL26-04541,Dwarka,Budget,Standard,2026-07-11,2026-07-16,5,1,2268,Completed,Agoda,Family,0.89,11339
DELJUL26-04542,South Delhi,Upscale,Deluxe,2026-07-06,2026-07-07,1,3,7474,Confirmed,Booking.com,Business,0.806,22421
DELJUL26-04543,Rohini,Upscale,Premium,2026-07-12,2026-07-15,3,3,2394,Confirmed,Booking.com,Family,0.363,21550
DELJUL26-04544,South Delhi,Budget,Standard,2026-07-03,2026-07-05,2,1,2501,Confirmed,Goibibo,Leisure,0.438,5003
DELJUL26-04545,Saket,Budget,Standard,2026-07-19,2026-07-23,4,1,4842,Completed,Direct,Leisure,0.568,19367
DELJUL26-04546,Greater Kailash,Midscale,Premium,2026-07-16,2026-07-18,2,1,10120,Confirmed,Direct,Group,0.761,20239
DELJUL26-04547,Dwarka,Midscale,Premium,2026-07-09,2026-07-11,2,3,2939,Confirmed,Walk-in,Group,0.731,17634
DELJUL26-04548,Lajpat Nagar,Economy,Premium,2026-07-20,2026-07-21,1,2,2893,Completed,Agoda,Business,0.652,5786
DELJUL26-04549,Dwarka,Midscale,Premium,2026-07-05,2026-07-10,5,3,3602,Completed,Agoda,Family,0.608,54025
DELJUL26-04550,Lajpat Nagar,Midscale,Deluxe,2026-07-01,2026-07-03,2,1,2886,Confirmed,Booking.com,Group,0.824,5772
DELJUL26-04551,Aerocity,Midscale,Premium,2026-07-15,2026-07-20,5,1,12917,Completed,Direct,Family,0.407,64583
DELJUL26-04552,Aerocity,Budget,Deluxe,2026-07-06,2026-07-11,5,2,4276,Completed,Direct,Leisure,0.707,42762
DELJUL26-04553,Aerocity,Budget,Deluxe,2026-07-27,2026-08-01,5,3,5362,Confirmed,MakeMyTrip,Family,0.835,80433
DELJUL26-04554,Dwarka,Economy,Standard,2026-07-10,2026-07-12,2,3,2450,Completed,Agoda,Group,0.513,14697
DELJUL26-04555,Greater Kailash,Upscale,Standard,2026-07-14,2026-07-18,4,2,6210,Confirmed,Goibibo,Business,0.471,49679
DELJUL26-04556,Karol Bagh,Midscale,Standard,2026-07-10,2026-07-15,5,1,2978,Confirmed,Walk-in,Group,0.754,14890
DELJUL26-04557,Connaught Place,Economy,Premium,2026-07-14,2026-07-15,1,1,8295,Confirmed,Walk-in,Couple,0.455,8295
DELJUL26-04558,Lajpat Nagar,Upscale,Standard,2026-07-04,2026-07-05,1,2,4447,Confirmed,Agoda,Leisure,0.643,8894
DELJUL26-04559,Greater Kailash,Economy,Standard,2026-07-29,2026-07-31,2,2,5040,Completed,Direct,Group,0.904,20158
DELJUL26-04560,South Delhi,Midscale,Suite,2026-07-06,2026-07-11,5,1,6141,Completed,Booking.com,Couple,0.386,30704
DELJUL26-04561,Saket,Budget,Premium,2026-07-13,2026-07-14,1,3,2741,Completed,MakeMyTrip,Business,0.895,8222
DELJUL26-04562,Saket,Midscale,Deluxe,2026-07-27,2026-07-31,4,3,3179,Completed,Goibibo,Couple,0.464,38151
DELJUL26-04563,Aerocity,Midscale,Deluxe,2026-07-14,2026-07-19,5,1,9440,Confirmed,Agoda,Group,0.639,47200
DELJUL26-04564,Connaught Place,Upscale,Standard,2026-07-22,2026-07-27,5,2,6751,Completed,Walk-in,Couple,0.429,67511
DELJUL26-04565,Lajpat Nagar,Economy,Standard,2026-07-03,2026-07-06,3,2,3034,Completed,Walk-in,Group,0.776,18202
DELJUL26-04566,Paharganj,Economy,Premium,2026-07-10,2026-07-13,3,3,2379,Confirmed,MakeMyTrip,Group,0.949,21410
DELJUL26-04567,Greater Kailash,Budget,Premium,2026-07-24,2026-07-28,4,3,3924,Completed,Walk-in,Business,0.531,47083
DELJUL26-04568,Greater Kailash,Luxury,Standard,2026-07-09,2026-07-13,4,1,16561,Completed,Walk-in,Leisure,0.905,66243
DELJUL26-04569,Paharganj,Budget,Standard,2026-07-13,2026-07-17,4,1,1194,Cancelled,Direct,Group,0.788,0
DELJUL26-04570,Karol Bagh,Midscale,Standard,2026-07-03,2026-07-05,2,3,3768,Confirmed,Agoda,Group,0.929,22606
DELJUL26-04571,South Delhi,Midscale,Deluxe,2026-07-16,2026-07-21,5,2,8796,Confirmed,MakeMyTrip,Business,0.753,87958
DELJUL26-04572,Aerocity,Budget,Standard,2026-07-11,2026-07-14,3,3,4222,Completed,Walk-in,Family,0.759,38001
DELJUL26-04573,Saket,Economy,Standard,2026-07-27,2026-07-29,2,2,3221,Completed,Walk-in,Family,0.916,12886
DELJUL26-04574,Lajpat Nagar,Budget,Standard,2026-07-13,2026-07-17,4,3,2100,Completed,Booking.com,Business,0.786,25197
DELJUL26-04575,Greater Kailash,Midscale,Deluxe,2026-07-26,2026-07-30,4,2,7764,Completed,Goibibo,Family,0.858,62111
DELJUL26-04576,Greater Kailash,Luxury,Deluxe,2026-07-29,2026-07-30,1,3,12799,Confirmed,Walk-in,Family,0.521,38397
DELJUL26-04577,Aerocity,Economy,Standard,2026-07-27,2026-07-28,1,2,5463,Completed,Agoda,Group,0.451,10925
DELJUL26-04578,Connaught Place,Luxury,Standard,2026-07-24,2026-07-25,1,1,23824,Cancelled,Walk-in,Business,0.734,0
DELJUL26-04579,Karol Bagh,Budget,Standard,2026-07-19,2026-07-22,3,3,1524,Completed,Agoda,Leisure,0.502,13712
DELJUL26-04580,Karol Bagh,Economy,Deluxe,2026-07-15,2026-07-20,5,2,3343,Confirmed,Agoda,Family,0.608,33426
DELJUL26-04581,Connaught Place,Upscale,Standard,2026-07-03,2026-07-05,2,1,14354,Confirmed,Walk-in,Leisure,0.863,28708
DELJUL26-04582,Rohini,Upscale,Premium,2026-07-05,2026-07-06,1,2,4717,Confirmed,Walk-in,Leisure,0.729,9434
DELJUL26-04583,Connaught Place,Economy,Standard,2026-07-12,2026-07-17,5,2,7083,Confirmed,Booking.com,Couple,0.916,70830
DELJUL26-04584,Greater Kailash,Midscale,Premium,2026-07-21,2026-07-25,4,1,5701,Confirmed,Agoda,Group,0.563,22803
DELJUL26-04585,Dwarka,Upscale,Standard,2026-07-01,2026-07-04,3,3,6182,Confirmed,MakeMyTrip,Leisure,0.518,55641
DELJUL26-04586,South Delhi,Upscale,Deluxe,2026-07-30,2026-07-31,1,2,10606,Completed,Goibibo,Business,0.478,21212
DELJUL26-04587,Karol Bagh,Midscale,Deluxe,2026-07-31,2026-08-04,4,2,4273,Completed,Goibibo,Leisure,0.936,34181
DELJUL26-04588,Paharganj,Budget,Standard,2026-07-03,2026-07-05,2,3,1131,Confirmed,Goibibo,Family,0.608,6787
DELJUL26-04589,South Delhi,Budget,Standard,2026-07-03,2026-07-05,2,2,2761,Confirmed,Booking.com,Family,0.902,11042
DELJUL26-04590,Karol Bagh,Midscale,Standard,2026-07-27,2026-07-29,2,2,3289,Completed,Agoda,Group,0.557,13156
DELJUL26-04591,South Delhi,Midscale,Deluxe,2026-07-07,2026-07-08,1,3,5828,Completed,Agoda,Group,0.523,17484
DELJUL26-04592,Aerocity,Budget,Premium,2026-07-06,2026-07-09,3,3,6467,Completed,Agoda,Group,0.813,58202
DELJUL26-04593,Aerocity,Economy,Deluxe,2026-07-06,2026-07-10,4,2,9608,Completed,Goibibo,Family,0.721,76866
DELJUL26-04594,Greater Kailash,Economy,Deluxe,2026-07-22,2026-07-27,5,3,5172,Confirmed,Goibibo,Couple,0.665,77581
DELJUL26-04595,South Delhi,Economy,Standard,2026-07-05,2026-07-09,4,1,6430,Cancelled,Booking.com,Business,0.614,0
DELJUL26-04596,Aerocity,Economy,Standard,2026-07-06,2026-07-11,5,2,6906,Completed,Goibibo,Leisure,0.63,69062
DELJUL26-04597,Lajpat Nagar,Economy,Deluxe,2026-07-13,2026-07-18,5,2,2787,Completed,Booking.com,Group,0.851,27870
DELJUL26-04598,Aerocity,Budget,Standard,2026-07-19,2026-07-21,2,2,4989,Completed,Walk-in,Group,0.442,19955
DELJUL26-04599,Rohini,Upscale,Standard,2026-07-31,2026-08-03,3,3,3466,Completed,Direct,Leisure,0.381,31191
DELJUL26-04600,Greater Kailash,Midscale,Standard,2026-07-08,2026-07-10,2,2,4620,Confirmed,Direct,Leisure,0.354,18481
DELJUL26-04601,Rohini,Budget,Standard,2026-07-08,2026-07-12,4,2,1309,Confirmed,Agoda,Group,0.647,10470
DELJUL26-04602,Rohini,Economy,Suite,2026-07-17,2026-07-22,5,2,1853,Confirmed,Agoda,Family,0.841,18527
DELJUL26-04603,Paharganj,Economy,Standard,2026-07-13,2026-07-18,5,2,2375,Completed,Goibibo,Couple,0.753,23753
DELJUL26-04604,Greater Kailash,Midscale,Standard,2026-07-19,2026-07-20,1,1,4943,Completed,Goibibo,Group,0.944,4943
DELJUL26-04605,Karol Bagh,Midscale,Standard,2026-07-08,2026-07-11,3,1,2577,Confirmed,Direct,Family,0.716,7730
DELJUL26-04606,Saket,Midscale,Standard,2026-07-20,2026-07-21,1,2,3728,Confirmed,Walk-in,Leisure,0.655,7456
DELJUL26-04607,Karol Bagh,Midscale,Standard,2026-07-29,2026-07-31,2,1,4444,Completed,Walk-in,Couple,0.699,8888
DELJUL26-04608,Saket,Budget,Standard,2026-07-22,2026-07-25,3,3,2968,Confirmed,Booking.com,Leisure,0.879,26709
DELJUL26-04609,Lajpat Nagar,Economy,Standard,2026-07-23,2026-07-27,4,3,2585,Completed,Direct,Couple,0.359,31017
DELJUL26-04610,Saket,Budget,Standard,2026-07-03,2026-07-07,4,2,2389,Confirmed,Goibibo,Family,0.63,19112
DELJUL26-04611,Aerocity,Economy,Premium,2026-07-28,2026-08-02,5,2,9637,Completed,Booking.com,Family,0.597,96366
DELJUL26-04612,Paharganj,Economy,Deluxe,2026-07-22,2026-07-24,2,1,2315,Completed,Direct,Family,0.922,4631
DELJUL26-04613,Greater Kailash,Midscale,Deluxe,2026-07-20,2026-07-23,3,3,6432,Confirmed,Direct,Group,0.462,57884
DELJUL26-04614,Dwarka,Budget,Standard,2026-07-05,2026-07-06,1,1,2265,Completed,Goibibo,Business,0.365,2265
DELJUL26-04615,Dwarka,Midscale,Standard,2026-07-18,2026-07-19,1,2,4319,Completed,MakeMyTrip,Group,0.729,8638
DELJUL26-04616,Saket,Economy,Suite,2026-07-21,2026-07-26,5,2,6569,Confirmed,Agoda,Group,0.725,65687
DELJUL26-04617,Karol Bagh,Economy,Standard,2026-07-20,2026-07-25,5,3,2394,Confirmed,Booking.com,Group,0.542,35916
DELJUL26-04618,Dwarka,Midscale,Standard,2026-07-04,2026-07-09,5,1,3685,Completed,Goibibo,Group,0.674,18423
DELJUL26-04619,South Delhi,Budget,Standard,2026-07-02,2026-07-04,2,1,3298,Completed,Booking.com,Couple,0.708,6597
DELJUL26-04620,Lajpat Nagar,Economy,Standard,2026-07-15,2026-07-19,4,3,3623,Completed,Goibibo,Group,0.562,43475
DELJUL26-04621,South Delhi,Economy,Deluxe,2026-07-23,2026-07-25,2,2,4434,Confirmed,Agoda,Couple,0.602,17738
DELJUL26-04622,Rohini,Midscale,Deluxe,2026-07-12,2026-07-16,4,2,1690,Completed,MakeMyTrip,Leisure,0.435,13518
DELJUL26-04623,Lajpat Nagar,Budget,Standard,2026-07-22,2026-07-25,3,3,3030,Completed,Walk-in,Leisure,0.813,27274
DELJUL26-04624,Aerocity,Luxury,Standard,2026-07-30,2026-08-04,5,1,27991,Confirmed,Goibibo,Couple,0.584,139957
DELJUL26-04625,Paharganj,Luxury,Standard,2026-07-28,2026-07-30,2,1,4198,Confirmed,Booking.com,Family,0.737,8395
DELJUL26-04626,Paharganj,Upscale,Standard,2026-07-20,2026-07-24,4,3,5812,Confirmed,Walk-in,Group,0.606,69748
DELJUL26-04627,Aerocity,Economy,Premium,2026-07-23,2026-07-27,4,1,6337,Completed,MakeMyTrip,Family,0.447,25349
DELJUL26-04628,Connaught Place,Midscale,Deluxe,2026-07-03,2026-07-07,4,2,7941,Confirmed,Agoda,Business,0.77,63525
DELJUL26-04629,Greater Kailash,Budget,Standard,2026-07-03,2026-07-04,1,2,4380,Completed,MakeMyTrip,Group,0.6,8760
DELJUL26-04630,Paharganj,Upscale,Standard,2026-07-22,2026-07-25,3,1,2683,Confirmed,Direct,Family,0.461,8049
DELJUL26-04631,Connaught Place,Midscale,Deluxe,2026-07-25,2026-07-28,3,3,8401,Completed,Goibibo,Group,0.91,75605
DELJUL26-04632,Karol Bagh,Budget,Standard,2026-07-07,2026-07-09,2,3,2010,Confirmed,Goibibo,Leisure,0.886,12058
DELJUL26-04633,Karol Bagh,Economy,Premium,2026-07-19,2026-07-24,5,1,2181,Completed,Agoda,Leisure,0.786,10903
DELJUL26-04634,Connaught Place,Upscale,Premium,2026-07-09,2026-07-14,5,3,8617,Completed,Agoda,Leisure,0.696,129256
DELJUL26-04635,Connaught Place,Upscale,Standard,2026-07-04,2026-07-05,1,3,8176,Completed,Agoda,Group,0.725,24527
DELJUL26-04636,Greater Kailash,Midscale,Premium,2026-07-12,2026-07-16,4,2,8316,Completed,Goibibo,Leisure,0.566,66530
DELJUL26-04637,Lajpat Nagar,Economy,Standard,2026-07-14,2026-07-19,5,3,2285,Confirmed,Direct,Couple,0.508,34270
DELJUL26-04638,Saket,Upscale,Standard,2026-07-25,2026-07-27,2,1,5709,Confirmed,Goibibo,Couple,0.705,11419
DELJUL26-04639,South Delhi,Upscale,Suite,2026-07-27,2026-07-31,4,1,10977,Confirmed,Walk-in,Group,0.794,43908
DELJUL26-04640,Rohini,Upscale,Deluxe,2026-07-30,2026-08-03,4,3,2617,Cancelled,Walk-in,Couple,0.647,0
DELJUL26-04641,Lajpat Nagar,Economy,Standard,2026-07-04,2026-07-05,1,2,3142,Completed,Direct,Leisure,0.887,6284
DELJUL26-04642,Aerocity,Midscale,Premium,2026-07-29,2026-08-03,5,1,9754,Confirmed,Walk-in,Leisure,0.583,48771
DELJUL26-04643,Rohini,Upscale,Standard,2026-07-17,2026-07-21,4,3,4745,Completed,Direct,Leisure,0.576,56946
DELJUL26-04644,Aerocity,Budget,Deluxe,2026-07-06,2026-07-08,2,2,3618,Confirmed,Direct,Family,0.605,14472
DELJUL26-04645,Aerocity,Economy,Suite,2026-07-21,2026-07-23,2,3,9615,Completed,Direct,Family,0.773,57693
DELJUL26-04646,Saket,Budget,Premium,2026-07-02,2026-07-06,4,3,4428,Confirmed,Goibibo,Leisure,0.366,53135
DELJUL26-04647,Greater Kailash,Economy,Standard,2026-07-15,2026-07-20,5,1,4697,Completed,Booking.com,Leisure,0.562,23483
DELJUL26-04648,Aerocity,Upscale,Standard,2026-07-26,2026-07-27,1,3,15035,Cancelled,Goibibo,Business,0.796,0
DELJUL26-04649,Karol Bagh,Budget,Premium,2026-07-31,2026-08-02,2,2,2148,Completed,MakeMyTrip,Family,0.683,8590
DELJUL26-04650,Karol Bagh,Midscale,Standard,2026-07-09,2026-07-13,4,2,3441,Completed,Walk-in,Group,0.536,27529
DELJUL26-04651,Paharganj,Budget,Premium,2026-07-06,2026-07-07,1,1,1730,Confirmed,Booking.com,Group,0.744,1730
DELJUL26-04652,Rohini,Upscale,Standard,2026-07-19,2026-07-24,5,1,4032,Completed,Booking.com,Family,0.891,20162
DELJUL26-04653,Paharganj,Upscale,Standard,2026-07-05,2026-07-07,2,1,5326,Cancelled,Goibibo,Business,0.653,0
DELJUL26-04654,Karol Bagh,Midscale,Standard,2026-07-31,2026-08-05,5,1,3668,Confirmed,Direct,Couple,0.794,18339
DELJUL26-04655,Connaught Place,Midscale,Deluxe,2026-07-11,2026-07-12,1,2,11208,Confirmed,MakeMyTrip,Group,0.469,22416
DELJUL26-04656,Connaught Place,Budget,Standard,2026-07-06,2026-07-11,5,3,5149,Completed,Goibibo,Business,0.634,77241
DELJUL26-04657,Connaught Place,Upscale,Standard,2026-07-08,2026-07-09,1,1,13784,Completed,Goibibo,Family,0.525,13784
DELJUL26-04658,Dwarka,Midscale,Premium,2026-07-12,2026-07-16,4,3,5698,Confirmed,MakeMyTrip,Leisure,0.946,68381
DELJUL26-04659,Saket,Budget,Standard,2026-07-23,2026-07-25,2,3,2802,Completed,Direct,Leisure,0.481,16812
DELJUL26-04660,Saket,Luxury,Deluxe,2026-07-27,2026-07-30,3,3,8872,Confirmed,Booking.com,Group,0.918,79846
DELJUL26-04661,Lajpat Nagar,Budget,Standard,2026-07-23,2026-07-24,1,3,2551,Confirmed,Direct,Business,0.595,7652
DELJUL26-04662,Dwarka,Midscale,Deluxe,2026-07-21,2026-07-25,4,1,3691,Confirmed,Walk-in,Leisure,0.649,14765
DELJUL26-04663,Connaught Place,Budget,Standard,2026-07-09,2026-07-13,4,1,4417,Confirmed,Goibibo,Business,0.664,17668
DELJUL26-04664,Paharganj,Midscale,Premium,2026-07-30,2026-08-01,2,3,2910,Completed,Booking.com,Business,0.495,17460
DELJUL26-04665,Paharganj,Budget,Standard,2026-07-31,2026-08-03,3,2,2139,Confirmed,Booking.com,Business,0.493,12831
DELJUL26-04666,Lajpat Nagar,Budget,Deluxe,2026-07-20,2026-07-23,3,1,2188,Confirmed,Direct,Couple,0.576,6563
DELJUL26-04667,Paharganj,Economy,Standard,2026-07-25,2026-07-29,4,3,2110,Confirmed,MakeMyTrip,Family,0.797,25325
DELJUL26-04668,Connaught Place,Luxury,Standard,2026-07-10,2026-07-13,3,1,10622,Completed,Direct,Family,0.77,31867
DELJUL26-04669,Greater Kailash,Economy,Standard,2026-07-14,2026-07-15,1,1,5353,Completed,Agoda,Group,0.949,5353
DELJUL26-04670,Saket,Midscale,Deluxe,2026-07-25,2026-07-28,3,3,3230,Cancelled,Booking.com,Group,0.403,0
DELJUL26-04671,Aerocity,Midscale,Standard,2026-07-14,2026-07-16,2,3,10597,Completed,Direct,Business,0.806,63580
DELJUL26-04672,South Delhi,Upscale,Premium,2026-07-24,2026-07-27,3,2,10067,Confirmed,Direct,Group,0.467,60402
DELJUL26-04673,Karol Bagh,Economy,Standard,2026-07-27,2026-07-29,2,2,3054,Completed,Direct,Couple,0.657,12216
DELJUL26-04674,Lajpat Nagar,Midscale,Deluxe,2026-07-29,2026-07-31,2,2,4126,Confirmed,MakeMyTrip,Leisure,0.468,16503
DELJUL26-04675,Lajpat Nagar,Luxury,Standard,2026-07-10,2026-07-12,2,1,6878,Confirmed,Direct,Business,0.912,13756
DELJUL26-04676,Paharganj,Economy,Deluxe,2026-07-15,2026-07-17,2,2,1158,Confirmed,Direct,Business,0.654,4633
DELJUL26-04677,Dwarka,Economy,Suite,2026-07-12,2026-07-16,4,1,1971,Confirmed,Booking.com,Couple,0.632,7885
DELJUL26-04678,Dwarka,Upscale,Standard,2026-07-16,2026-07-18,2,3,7416,Confirmed,Goibibo,Couple,0.534,44499
DELJUL26-04679,South Delhi,Economy,Standard,2026-07-24,2026-07-28,4,3,7543,Completed,Booking.com,Couple,0.619,90517
DELJUL26-04680,Aerocity,Economy,Deluxe,2026-07-11,2026-07-14,3,1,5766,Confirmed,MakeMyTrip,Leisure,0.416,17299
DELJUL26-04681,Paharganj,Economy,Standard,2026-07-08,2026-07-12,4,2,1738,Confirmed,MakeMyTrip,Family,0.761,13902
DELJUL26-04682,Connaught Place,Upscale,Standard,2026-07-09,2026-07-10,1,1,9352,Completed,Goibibo,Family,0.692,9352
DELJUL26-04683,South Delhi,Luxury,Standard,2026-07-24,2026-07-26,2,1,17173,Completed,Direct,Couple,0.41,34346
DELJUL26-04684,Aerocity,Midscale,Standard,2026-07-31,2026-08-05,5,2,7977,Completed,Walk-in,Business,0.411,79775
DELJUL26-04685,Dwarka,Midscale,Premium,2026-07-04,2026-07-09,5,3,2439,Confirmed,Direct,Leisure,0.526,36581
DELJUL26-04686,Greater Kailash,Economy,Standard,2026-07-31,2026-08-01,1,3,4576,Completed,Walk-in,Group,0.634,13729
DELJUL26-04687,Rohini,Budget,Standard,2026-07-01,2026-07-06,5,1,1237,Completed,Booking.com,Family,0.484,6187
DELJUL26-04688,Karol Bagh,Budget,Standard,2026-07-17,2026-07-22,5,3,1952,Completed,MakeMyTrip,Group,0.429,29276
DELJUL26-04689,Aerocity,Budget,Standard,2026-07-05,2026-07-06,1,2,3870,Confirmed,Direct,Family,0.408,7741
DELJUL26-04690,Greater Kailash,Budget,Deluxe,2026-07-30,2026-08-01,2,2,3574,Confirmed,MakeMyTrip,Business,0.533,14297
DELJUL26-04691,Aerocity,Midscale,Deluxe,2026-07-24,2026-07-25,1,2,10599,Confirmed,Walk-in,Family,0.728,21199
DELJUL26-04692,Aerocity,Budget,Premium,2026-07-12,2026-07-17,5,3,4764,Completed,Agoda,Leisure,0.757,71463
DELJUL26-04693,Rohini,Budget,Standard,2026-07-22,2026-07-27,5,2,1543,Completed,Goibibo,Family,0.52,15429
DELJUL26-04694,Lajpat Nagar,Economy,Standard,2026-07-27,2026-07-31,4,2,2808,Confirmed,MakeMyTrip,Group,0.614,22467
DELJUL26-04695,Greater Kailash,Budget,Standard,2026-07-07,2026-07-09,2,2,3937,Confirmed,Walk-in,Business,0.727,15749
DELJUL26-04696,Lajpat Nagar,Budget,Deluxe,2026-07-20,2026-07-25,5,1,3278,Completed,Agoda,Leisure,0.566,16391
DELJUL26-04697,Aerocity,Budget,Deluxe,2026-07-10,2026-07-15,5,2,4371,Confirmed,Booking.com,Leisure,0.937,43705
DELJUL26-04698,Aerocity,Economy,Deluxe,2026-07-23,2026-07-28,5,1,8521,Cancelled,Goibibo,Leisure,0.766,0
DELJUL26-04699,Paharganj,Midscale,Premium,2026-07-18,2026-07-20,2,3,3050,Completed,MakeMyTrip,Business,0.697,18299
DELJUL26-04700,Aerocity,Upscale,Standard,2026-07-23,2026-07-27,4,1,16897,Confirmed,Booking.com,Business,0.649,67588
DELJUL26-04701,Lajpat Nagar,Upscale,Suite,2026-07-20,2026-07-24,4,2,5459,Completed,Goibibo,Couple,0.645,43668
DELJUL26-04702,Aerocity,Upscale,Suite,2026-07-20,2026-07-21,1,1,10654,Completed,MakeMyTrip,Business,0.525,10654
DELJUL26-04703,Dwarka,Midscale,Standard,2026-07-03,2026-07-06,3,2,2319,Confirmed,Direct,Business,0.396,13916
DELJUL26-04704,Lajpat Nagar,Upscale,Standard,2026-07-27,2026-07-30,3,1,6587,Confirmed,Walk-in,Leisure,0.853,19762
DELJUL26-04705,Greater Kailash,Midscale,Deluxe,2026-07-06,2026-07-09,3,1,6423,Completed,Goibibo,Family,0.893,19268
DELJUL26-04706,Karol Bagh,Midscale,Standard,2026-07-13,2026-07-15,2,1,3690,Confirmed,Goibibo,Business,0.935,7380
DELJUL26-04707,Saket,Economy,Standard,2026-07-16,2026-07-20,4,3,5217,Confirmed,Walk-in,Couple,0.592,62605
DELJUL26-04708,Dwarka,Economy,Standard,2026-07-27,2026-08-01,5,3,1523,Confirmed,Agoda,Leisure,0.918,22848
DELJUL26-04709,Greater Kailash,Economy,Deluxe,2026-07-20,2026-07-24,4,3,4061,Completed,Walk-in,Couple,0.771,48729
DELJUL26-04710,Saket,Budget,Premium,2026-07-06,2026-07-11,5,1,3889,Confirmed,Agoda,Group,0.603,19444
DELJUL26-04711,Karol Bagh,Upscale,Premium,2026-07-09,2026-07-13,4,2,5320,Confirmed,Booking.com,Couple,0.901,42563
DELJUL26-04712,Greater Kailash,Budget,Premium,2026-07-07,2026-07-09,2,3,4747,Confirmed,MakeMyTrip,Business,0.931,28479
DELJUL26-04713,Lajpat Nagar,Midscale,Standard,2026-07-19,2026-07-23,4,2,4486,Confirmed,Goibibo,Couple,0.67,35888
DELJUL26-04714,Saket,Upscale,Premium,2026-07-23,2026-07-27,4,3,9962,Completed,Booking.com,Group,0.818,119550
DELJUL26-04715,Aerocity,Economy,Standard,2026-07-22,2026-07-27,5,1,8117,Completed,Booking.com,Family,0.816,40585
DELJUL26-04716,Dwarka,Budget,Deluxe,2026-07-24,2026-07-26,2,2,1325,Confirmed,Goibibo,Couple,0.715,5298
DELJUL26-04717,Lajpat Nagar,Economy,Premium,2026-07-22,2026-07-23,1,1,3243,Completed,MakeMyTrip,Group,0.604,3243
DELJUL26-04718,Rohini,Economy,Premium,2026-07-28,2026-08-01,4,3,2776,Completed,Direct,Family,0.431,33306
DELJUL26-04719,Saket,Luxury,Deluxe,2026-07-29,2026-08-02,4,1,8531,Completed,Goibibo,Leisure,0.949,34123
DELJUL26-04720,Connaught Place,Midscale,Standard,2026-07-09,2026-07-13,4,1,5657,Completed,Goibibo,Group,0.393,22628
DELJUL26-04721,Dwarka,Midscale,Standard,2026-07-10,2026-07-14,4,3,3075,Confirmed,Agoda,Business,0.431,36896
DELJUL26-04722,Lajpat Nagar,Midscale,Deluxe,2026-07-02,2026-07-05,3,1,2920,Completed,Direct,Business,0.575,8761
DELJUL26-04723,Rohini,Midscale,Standard,2026-07-09,2026-07-10,1,1,2722,Completed,MakeMyTrip,Couple,0.589,2722
DELJUL26-04724,Aerocity,Midscale,Standard,2026-07-16,2026-07-21,5,3,7257,Completed,Walk-in,Leisure,0.51,108857
DELJUL26-04725,Karol Bagh,Budget,Premium,2026-07-21,2026-07-23,2,1,2368,Confirmed,Booking.com,Business,0.397,4736
DELJUL26-04726,Saket,Budget,Standard,2026-07-28,2026-07-30,2,2,2072,Confirmed,Agoda,Family,0.89,8289
DELJUL26-04727,Aerocity,Budget,Standard,2026-07-19,2026-07-24,5,2,3824,Confirmed,MakeMyTrip,Couple,0.658,38237
DELJUL26-04728,Lajpat Nagar,Midscale,Standard,2026-07-31,2026-08-04,4,2,3505,Confirmed,Booking.com,Leisure,0.932,28042
DELJUL26-04729,Connaught Place,Upscale,Standard,2026-07-18,2026-07-21,3,2,8784,Confirmed,Agoda,Group,0.877,52707
DELJUL26-04730,South Delhi,Midscale,Standard,2026-07-27,2026-07-31,4,3,10271,Confirmed,Agoda,Business,0.646,123252
DELJUL26-04731,Rohini,Midscale,Standard,2026-07-26,2026-07-27,1,3,2234,Confirmed,Walk-in,Group,0.583,6701
DELJUL26-04732,South Delhi,Upscale,Deluxe,2026-07-16,2026-07-18,2,3,7859,Confirmed,Agoda,Group,0.503,47153
DELJUL26-04733,Greater Kailash,Budget,Standard,2026-07-28,2026-07-30,2,3,3025,Completed,Booking.com,Couple,0.946,18148
DELJUL26-04734,Karol Bagh,Budget,Standard,2026-07-27,2026-07-30,3,2,1917,Cancelled,Agoda,Group,0.713,0
DELJUL26-04735,Lajpat Nagar,Upscale,Premium,2026-07-10,2026-07-12,2,1,5858,Confirmed,Direct,Leisure,0.854,11716
DELJUL26-04736,Saket,Upscale,Standard,2026-07-07,2026-07-08,1,1,8712,Completed,MakeMyTrip,Family,0.941,8712
DELJUL26-04737,Aerocity,Midscale,Deluxe,2026-07-04,2026-07-08,4,2,9770,Confirmed,Booking.com,Leisure,0.484,78163
DELJUL26-04738,Paharganj,Budget,Deluxe,2026-07-29,2026-08-01,3,3,1646,Confirmed,Goibibo,Family,0.905,14818
DELJUL26-04739,Paharganj,Luxury,Deluxe,2026-07-14,2026-07-16,2,2,5017,Cancelled,Agoda,Family,0.827,0
DELJUL26-04740,Dwarka,Upscale,Standard,2026-07-18,2026-07-23,5,3,5458,Confirmed,Goibibo,Family,0.623,81865
DELJUL26-04741,Karol Bagh,Midscale,Premium,2026-07-09,2026-07-11,2,2,3487,Completed,Booking.com,Leisure,0.919,13949
DELJUL26-04742,Saket,Budget,Standard,2026-07-13,2026-07-14,1,2,2809,Confirmed,MakeMyTrip,Leisure,0.704,5617
DELJUL26-04743,Saket,Midscale,Deluxe,2026-07-13,2026-07-18,5,1,6202,Cancelled,Direct,Group,0.586,0
DELJUL26-04744,Paharganj,Upscale,Deluxe,2026-07-19,2026-07-20,1,3,4810,Confirmed,Goibibo,Business,0.446,14430
DELJUL26-04745,South Delhi,Upscale,Premium,2026-07-06,2026-07-07,1,3,9705,Confirmed,Agoda,Family,0.787,29116
DELJUL26-04746,Paharganj,Midscale,Deluxe,2026-07-25,2026-07-28,3,2,3566,Completed,Booking.com,Family,0.814,21397
DELJUL26-04747,Greater Kailash,Midscale,Standard,2026-07-13,2026-07-16,3,3,7343,Confirmed,Goibibo,Leisure,0.474,66084
DELJUL26-04748,Karol Bagh,Midscale,Standard,2026-07-08,2026-07-10,2,1,2454,Confirmed,Walk-in,Business,0.573,4908
DELJUL26-04749,Lajpat Nagar,Midscale,Deluxe,2026-07-01,2026-07-06,5,2,4653,Confirmed,Direct,Couple,0.383,46531
DELJUL26-04750,Paharganj,Economy,Standard,2026-07-04,2026-07-06,2,3,2398,Completed,Walk-in,Business,0.684,14386
DELJUL26-04751,Aerocity,Budget,Premium,2026-07-09,2026-07-14,5,2,5841,Cancelled,Booking.com,Couple,0.71,0
DELJUL26-04752,Connaught Place,Budget,Premium,2026-07-23,2026-07-27,4,3,4788,Completed,Booking.com,Couple,0.859,57459
DELJUL26-04753,Lajpat Nagar,Upscale,Standard,2026-07-27,2026-07-28,1,2,7845,Cancelled,Agoda,Group,0.366,0
DELJUL26-04754,Lajpat Nagar,Budget,Standard,2026-07-30,2026-08-02,3,2,2170,Completed,MakeMyTrip,Family,0.422,13022
DELJUL26-04755,Karol Bagh,Budget,Premium,2026-07-10,2026-07-11,1,2,2157,Confirmed,MakeMyTrip,Group,0.369,4314
DELJUL26-04756,South Delhi,Upscale,Standard,2026-07-20,2026-07-25,5,3,5705,Completed,Booking.com,Business,0.917,85573
DELJUL26-04757,Dwarka,Midscale,Standard,2026-07-09,2026-07-13,4,1,3538,Confirmed,Direct,Couple,0.658,14152
DELJUL26-04758,Connaught Place,Budget,Standard,2026-07-05,2026-07-08,3,2,5422,Confirmed,Walk-in,Group,0.498,32531
DELJUL26-04759,Saket,Economy,Standard,2026-07-17,2026-07-21,4,3,5044,Completed,Direct,Group,0.361,60527
DELJUL26-04760,South Delhi,Upscale,Standard,2026-07-20,2026-07-24,4,1,6084,Completed,Direct,Couple,0.408,24336
DELJUL26-04761,Rohini,Economy,Deluxe,2026-07-24,2026-07-27,3,2,2910,Completed,Agoda,Family,0.782,17462
DELJUL26-04762,Lajpat Nagar,Economy,Deluxe,2026-07-04,2026-07-06,2,2,3532,Confirmed,Agoda,Family,0.638,14127
DELJUL26-04763,Aerocity,Economy,Standard,2026-07-24,2026-07-26,2,1,6828,Cancelled,Booking.com,Family,0.791,0
DELJUL26-04764,Karol Bagh,Budget,Deluxe,2026-07-10,2026-07-12,2,1,1274,Confirmed,Agoda,Business,0.509,2547
DELJUL26-04765,Saket,Midscale,Standard,2026-07-09,2026-07-13,4,1,6765,Completed,Agoda,Business,0.614,27062
DELJUL26-04766,Connaught Place,Budget,Deluxe,2026-07-01,2026-07-04,3,1,2717,Confirmed,Booking.com,Couple,0.724,8151
DELJUL26-04767,Dwarka,Midscale,Standard,2026-07-07,2026-07-10,3,3,2690,Confirmed,Direct,Couple,0.477,24214
DELJUL26-04768,Aerocity,Budget,Suite,2026-07-16,2026-07-20,4,1,5538,Confirmed,Agoda,Couple,0.523,22154
DELJUL26-04769,Connaught Place,Budget,Premium,2026-07-06,2026-07-09,3,2,6218,Completed,Agoda,Couple,0.435,37310
DELJUL26-04770,Aerocity,Budget,Deluxe,2026-07-10,2026-07-15,5,2,5397,Confirmed,MakeMyTrip,Family,0.777,53968
DELJUL26-04771,Karol Bagh,Upscale,Deluxe,2026-07-17,2026-07-19,2,2,5307,Confirmed,Booking.com,Family,0.699,21229
DELJUL26-04772,Greater Kailash,Budget,Deluxe,2026-07-04,2026-07-05,1,3,4683,Confirmed,MakeMyTrip,Couple,0.617,14050
DELJUL26-04773,Connaught Place,Economy,Standard,2026-07-28,2026-07-31,3,3,3412,Cancelled,Booking.com,Business,0.69,0
DELJUL26-04774,Rohini,Budget,Premium,2026-07-10,2026-07-13,3,1,1338,Confirmed,Walk-in,Leisure,0.452,4015
DELJUL26-04775,Karol Bagh,Midscale,Premium,2026-07-24,2026-07-29,5,1,3716,Completed,Booking.com,Couple,0.838,18582
DELJUL26-04776,Aerocity,Economy,Suite,2026-07-21,2026-07-25,4,2,8971,Confirmed,MakeMyTrip,Business,0.803,71769
DELJUL26-04777,Paharganj,Luxury,Deluxe,2026-07-24,2026-07-29,5,3,5587,Confirmed,Goibibo,Couple,0.459,83808
DELJUL26-04778,Greater Kailash,Midscale,Deluxe,2026-07-09,2026-07-10,1,3,7004,Confirmed,Direct,Group,0.881,21011
DELJUL26-04779,Connaught Place,Midscale,Standard,2026-07-06,2026-07-09,3,2,8065,Confirmed,Goibibo,Business,0.586,48392
DELJUL26-04780,Aerocity,Midscale,Standard,2026-07-05,2026-07-10,5,3,9820,Completed,Goibibo,Leisure,0.628,147298
DELJUL26-04781,Lajpat Nagar,Budget,Deluxe,2026-07-08,2026-07-11,3,1,2221,Confirmed,Goibibo,Leisure,0.669,6662
DELJUL26-04782,Dwarka,Luxury,Premium,2026-07-17,2026-07-19,2,3,5552,Completed,Goibibo,Family,0.826,33310
DELJUL26-04783,Paharganj,Luxury,Premium,2026-07-20,2026-07-24,4,3,4452,Confirmed,MakeMyTrip,Group,0.448,53425
DELJUL26-04784,Greater Kailash,Economy,Premium,2026-07-24,2026-07-29,5,3,2979,Confirmed,Goibibo,Group,0.509,44685
DELJUL26-04785,Lajpat Nagar,Midscale,Standard,2026-07-30,2026-08-01,2,3,5934,Confirmed,Walk-in,Group,0.912,35605
DELJUL26-04786,Paharganj,Budget,Deluxe,2026-07-26,2026-07-29,3,3,1791,Cancelled,MakeMyTrip,Leisure,0.913,0
DELJUL26-04787,Dwarka,Midscale,Deluxe,2026-07-12,2026-07-17,5,1,4677,Confirmed,MakeMyTrip,Leisure,0.835,23384
DELJUL26-04788,Aerocity,Upscale,Deluxe,2026-07-15,2026-07-16,1,3,10951,Cancelled,Agoda,Group,0.451,0
DELJUL26-04789,Paharganj,Luxury,Standard,2026-07-30,2026-07-31,1,1,5485,Completed,Direct,Couple,0.707,5485
DELJUL26-04790,Dwarka,Economy,Deluxe,2026-07-23,2026-07-27,4,2,2089,Confirmed,Booking.com,Group,0.618,16714
DELJUL26-04791,Connaught Place,Midscale,Standard,2026-07-13,2026-07-17,4,1,7158,Confirmed,Direct,Group,0.398,28633
DELJUL26-04792,Rohini,Midscale,Deluxe,2026-07-26,2026-07-27,1,1,2168,Confirmed,MakeMyTrip,Couple,0.395,2168
DELJUL26-04793,Rohini,Budget,Premium,2026-07-05,2026-07-08,3,1,2289,Confirmed,Direct,Family,0.864,6866
DELJUL26-04794,Karol Bagh,Midscale,Deluxe,2026-07-21,2026-07-25,4,2,2373,Confirmed,Booking.com,Couple,0.404,18985
DELJUL26-04795,Paharganj,Midscale,Standard,2026-07-30,2026-08-04,5,1,2578,Completed,MakeMyTrip,Couple,0.513,12889
DELJUL26-04796,Connaught Place,Upscale,Standard,2026-07-17,2026-07-22,5,3,16669,Completed,Goibibo,Group,0.44,250037
DELJUL26-04797,Dwarka,Luxury,Deluxe,2026-07-20,2026-07-22,2,2,8341,Completed,MakeMyTrip,Group,0.695,33365
DELJUL26-04798,Connaught Place,Budget,Deluxe,2026-07-02,2026-07-05,3,2,2674,Confirmed,Agoda,Leisure,0.806,16046
DELJUL26-04799,Paharganj,Budget,Standard,2026-07-19,2026-07-23,4,3,1845,Confirmed,Agoda,Group,0.509,22144
DELJUL26-04800,Dwarka,Budget,Deluxe,2026-07-09,2026-07-11,2,3,1948,Completed,Direct,Couple,0.819,11688
DELJUL26-04801,South Delhi,Budget,Premium,2026-07-31,2026-08-01,1,3,3327,Confirmed,Agoda,Couple,0.455,9982
DELJUL26-04802,Dwarka,Economy,Standard,2026-07-10,2026-07-13,3,2,3034,Completed,Direct,Business,0.564,18204
DELJUL26-04803,Karol Bagh,Upscale,Deluxe,2026-07-10,2026-07-14,4,1,6331,Completed,Booking.com,Family,0.496,25325
DELJUL26-04804,Greater Kailash,Economy,Premium,2026-07-13,2026-07-16,3,3,4728,Confirmed,Agoda,Group,0.623,42555
DELJUL26-04805,South Delhi,Midscale,Premium,2026-07-22,2026-07-26,4,2,7709,Confirmed,Goibibo,Leisure,0.939,61675
DELJUL26-04806,Greater Kailash,Economy,Premium,2026-07-30,2026-08-03,4,1,5276,Completed,Booking.com,Family,0.792,21105
DELJUL26-04807,Saket,Economy,Premium,2026-07-11,2026-07-16,5,2,2738,Cancelled,Direct,Group,0.473,0
DELJUL26-04808,Lajpat Nagar,Upscale,Deluxe,2026-07-07,2026-07-11,4,1,7467,Confirmed,Booking.com,Couple,0.93,29870
DELJUL26-04809,Paharganj,Midscale,Standard,2026-07-24,2026-07-25,1,1,2084,Confirmed,Agoda,Leisure,0.759,2084
DELJUL26-04810,Lajpat Nagar,Economy,Standard,2026-07-17,2026-07-20,3,2,3117,Confirmed,Goibibo,Leisure,0.623,18703
DELJUL26-04811,Karol Bagh,Upscale,Standard,2026-07-15,2026-07-16,1,3,4707,Completed,Direct,Family,0.9,14120
DELJUL26-04812,Karol Bagh,Economy,Deluxe,2026-07-31,2026-08-04,4,1,2035,Confirmed,MakeMyTrip,Business,0.808,8142
DELJUL26-04813,Dwarka,Budget,Standard,2026-07-16,2026-07-21,5,1,1703,Completed,Booking.com,Group,0.788,8514
DELJUL26-04814,Dwarka,Economy,Standard,2026-07-20,2026-07-24,4,3,3413,Completed,Direct,Group,0.471,40959
DELJUL26-04815,Greater Kailash,Midscale,Premium,2026-07-31,2026-08-02,2,3,5569,Completed,Direct,Group,0.427,33412
DELJUL26-04816,Karol Bagh,Economy,Standard,2026-07-07,2026-07-11,4,1,2248,Confirmed,Agoda,Business,0.869,8992
DELJUL26-04817,Lajpat Nagar,Upscale,Standard,2026-07-28,2026-07-29,1,2,7352,Cancelled,Direct,Business,0.758,0
DELJUL26-04818,Paharganj,Midscale,Deluxe,2026-07-30,2026-08-01,2,1,3414,Completed,Booking.com,Family,0.84,6827
DELJUL26-04819,Dwarka,Economy,Standard,2026-07-15,2026-07-17,2,3,2589,Completed,Walk-in,Leisure,0.809,15535
DELJUL26-04820,Rohini,Upscale,Deluxe,2026-07-11,2026-07-14,3,2,3879,Confirmed,Agoda,Couple,0.892,23272
DELJUL26-04821,Dwarka,Economy,Standard,2026-07-06,2026-07-08,2,1,1504,Completed,Goibibo,Group,0.575,3007
DELJUL26-04822,South Delhi,Economy,Deluxe,2026-07-02,2026-07-05,3,1,3355,Completed,Agoda,Leisure,0.56,10065
DELJUL26-04823,Rohini,Budget,Deluxe,2026-07-31,2026-08-01,1,3,1676,Completed,Direct,Leisure,0.492,5028
DELJUL26-04824,Rohini,Economy,Deluxe,2026-07-14,2026-07-19,5,2,2542,Completed,Booking.com,Business,0.413,25423
DELJUL26-04825,Saket,Economy,Standard,2026-07-21,2026-07-23,2,3,4998,Completed,MakeMyTrip,Group,0.64,29989
DELJUL26-04826,Saket,Budget,Deluxe,2026-07-08,2026-07-13,5,1,2926,Cancelled,Agoda,Business,0.649,0
DELJUL26-04827,Connaught Place,Midscale,Standard,2026-07-11,2026-07-12,1,3,11905,Confirmed,Direct,Couple,0.419,35716
DELJUL26-04828,Dwarka,Budget,Deluxe,2026-07-26,2026-07-31,5,1,1921,Completed,Goibibo,Group,0.712,9606
DELJUL26-04829,Rohini,Budget,Standard,2026-07-21,2026-07-25,4,1,1150,Completed,Direct,Family,0.568,4599
DELJUL26-04830,Saket,Midscale,Standard,2026-07-07,2026-07-09,2,3,5002,Completed,Walk-in,Leisure,0.624,30011
DELJUL26-04831,Paharganj,Economy,Standard,2026-07-01,2026-07-05,4,2,1491,Confirmed,Booking.com,Group,0.656,11931
DELJUL26-04832,Connaught Place,Midscale,Standard,2026-07-26,2026-07-30,4,2,9711,Completed,Agoda,Business,0.536,77685
DELJUL26-04833,Paharganj,Midscale,Standard,2026-07-03,2026-07-07,4,3,2193,Cancelled,Goibibo,Family,0.761,0
DELJUL26-04834,Karol Bagh,Economy,Standard,2026-07-02,2026-07-07,5,2,3341,Completed,MakeMyTrip,Group,0.656,33411
DELJUL26-04835,Rohini,Budget,Premium,2026-07-10,2026-07-15,5,2,1253,Completed,Agoda,Group,0.615,12534
DELJUL26-04836,Dwarka,Economy,Deluxe,2026-07-29,2026-07-30,1,1,4042,Confirmed,Goibibo,Group,0.596,4042
DELJUL26-04837,Connaught Place,Budget,Deluxe,2026-07-20,2026-07-22,2,3,5375,Completed,MakeMyTrip,Business,0.364,32251
DELJUL26-04838,Aerocity,Midscale,Standard,2026-07-02,2026-07-03,1,2,10317,Completed,Goibibo,Couple,0.813,20634
DELJUL26-04839,Lajpat Nagar,Midscale,Standard,2026-07-29,2026-07-30,1,3,3005,Cancelled,Booking.com,Business,0.93,0
DELJUL26-04840,Rohini,Midscale,Suite,2026-07-30,2026-07-31,1,2,3386,Confirmed,Agoda,Family,0.429,6772
DELJUL26-04841,Greater Kailash,Economy,Standard,2026-07-22,2026-07-26,4,1,5154,Completed,Agoda,Business,0.524,20616
DELJUL26-04842,Connaught Place,Luxury,Premium,2026-07-03,2026-07-07,4,1,12230,Completed,MakeMyTrip,Group,0.858,48920
DELJUL26-04843,Aerocity,Budget,Deluxe,2026-07-01,2026-07-02,1,1,6199,Cancelled,Goibibo,Couple,0.775,0
DELJUL26-04844,Connaught Place,Upscale,Standard,2026-07-28,2026-07-31,3,3,6717,Completed,Agoda,Group,0.537,60449
DELJUL26-04845,Greater Kailash,Upscale,Deluxe,2026-07-26,2026-07-27,1,1,6395,Completed,Goibibo,Business,0.74,6395
DELJUL26-04846,Greater Kailash,Economy,Deluxe,2026-07-26,2026-07-27,1,2,4677,Completed,Booking.com,Group,0.9,9354
DELJUL26-04847,Lajpat Nagar,Budget,Premium,2026-07-16,2026-07-17,1,1,2026,Completed,Booking.com,Business,0.482,2026
DELJUL26-04848,Aerocity,Budget,Deluxe,2026-07-19,2026-07-22,3,3,5350,Cancelled,Walk-in,Couple,0.758,0
DELJUL26-04849,Connaught Place,Upscale,Standard,2026-07-06,2026-07-07,1,3,7502,Completed,Agoda,Leisure,0.837,22506
DELJUL26-04850,Rohini,Budget,Deluxe,2026-07-02,2026-07-06,4,3,976,Completed,Booking.com,Couple,0.407,11709
DELJUL26-04851,Rohini,Upscale,Standard,2026-07-07,2026-07-12,5,3,2365,Completed,Agoda,Couple,0.911,35469
DELJUL26-04852,Greater Kailash,Midscale,Standard,2026-07-20,2026-07-25,5,2,4859,Confirmed,Direct,Couple,0.926,48587
DELJUL26-04853,Connaught Place,Economy,Deluxe,2026-07-13,2026-07-18,5,1,8104,Confirmed,Agoda,Business,0.79,40519
DELJUL26-04854,Aerocity,Midscale,Standard,2026-07-20,2026-07-24,4,1,9296,Confirmed,Booking.com,Group,0.659,37182
DELJUL26-04855,Aerocity,Budget,Premium,2026-07-14,2026-07-19,5,2,5650,Completed,Booking.com,Leisure,0.712,56499
DELJUL26-04856,South Delhi,Economy,Suite,2026-07-18,2026-07-23,5,3,5272,Cancelled,Walk-in,Couple,0.739,0
DELJUL26-04857,Lajpat Nagar,Luxury,Standard,2026-07-30,2026-08-01,2,1,9486,Completed,Direct,Family,0.442,18972
DELJUL26-04858,South Delhi,Budget,Standard,2026-07-20,2026-07-24,4,2,2649,Completed,Agoda,Leisure,0.527,21193
DELJUL26-04859,Karol Bagh,Upscale,Standard,2026-07-30,2026-08-01,2,3,4161,Confirmed,MakeMyTrip,Group,0.411,24969
DELJUL26-04860,Greater Kailash,Luxury,Standard,2026-07-31,2026-08-05,5,3,16217,Confirmed,MakeMyTrip,Couple,0.572,243260
DELJUL26-04861,Aerocity,Budget,Standard,2026-07-20,2026-07-21,1,2,6158,Completed,MakeMyTrip,Leisure,0.797,12315
DELJUL26-04862,Lajpat Nagar,Midscale,Premium,2026-07-31,2026-08-03,3,2,4148,Confirmed,Walk-in,Business,0.881,24888
DELJUL26-04863,Lajpat Nagar,Budget,Standard,2026-07-08,2026-07-10,2,1,2603,Completed,Goibibo,Couple,0.573,5205
DELJUL26-04864,Greater Kailash,Midscale,Standard,2026-07-17,2026-07-22,5,1,7181,Completed,Booking.com,Leisure,0.72,35906
DELJUL26-04865,Lajpat Nagar,Luxury,Standard,2026-07-03,2026-07-05,2,1,6604,Confirmed,Direct,Family,0.707,13208
DELJUL26-04866,Dwarka,Upscale,Standard,2026-07-03,2026-07-08,5,3,2885,Completed,Booking.com,Leisure,0.634,43276
DELJUL26-04867,Saket,Upscale,Premium,2026-07-05,2026-07-08,3,1,6578,Completed,Direct,Leisure,0.767,19733
DELJUL26-04868,Paharganj,Budget,Premium,2026-07-05,2026-07-09,4,3,1565,Completed,Direct,Business,0.44,18782
DELJUL26-04869,Rohini,Midscale,Standard,2026-07-13,2026-07-16,3,1,3928,Cancelled,Walk-in,Couple,0.395,0
DELJUL26-04870,South Delhi,Budget,Standard,2026-07-23,2026-07-26,3,1,4663,Completed,MakeMyTrip,Family,0.559,13989
DELJUL26-04871,Connaught Place,Upscale,Premium,2026-07-31,2026-08-02,2,1,8615,Cancelled,Walk-in,Business,0.932,0
DELJUL26-04872,Rohini,Budget,Deluxe,2026-07-31,2026-08-02,2,3,1972,Confirmed,Goibibo,Business,0.922,11831
DELJUL26-04873,Aerocity,Budget,Deluxe,2026-07-06,2026-07-10,4,1,6039,Completed,Booking.com,Group,0.73,24157
DELJUL26-04874,Dwarka,Budget,Standard,2026-07-14,2026-07-16,2,2,2565,Completed,Direct,Couple,0.697,10260
DELJUL26-04875,Connaught Place,Budget,Deluxe,2026-07-14,2026-07-19,5,3,4331,Completed,Agoda,Group,0.73,64959
DELJUL26-04876,South Delhi,Budget,Standard,2026-07-04,2026-07-05,1,2,2824,Confirmed,Direct,Group,0.608,5648
DELJUL26-04877,Saket,Budget,Standard,2026-07-02,2026-07-04,2,2,2417,Confirmed,Direct,Couple,0.523,9666
DELJUL26-04878,Saket,Upscale,Deluxe,2026-07-11,2026-07-12,1,3,12173,Completed,MakeMyTrip,Leisure,0.353,36518
DELJUL26-04879,South Delhi,Upscale,Standard,2026-07-27,2026-08-01,5,1,9170,Completed,Booking.com,Group,0.362,45848
DELJUL26-04880,Greater Kailash,Economy,Deluxe,2026-07-12,2026-07-15,3,1,4299,Completed,Booking.com,Leisure,0.933,12896
DELJUL26-04881,Paharganj,Upscale,Deluxe,2026-07-12,2026-07-13,1,1,3605,Confirmed,Goibibo,Couple,0.797,3605
DELJUL26-04882,Rohini,Economy,Deluxe,2026-07-31,2026-08-01,1,1,1967,Completed,Goibibo,Business,0.764,1967
DELJUL26-04883,Saket,Upscale,Deluxe,2026-07-12,2026-07-17,5,3,12537,Completed,MakeMyTrip,Couple,0.857,188056
DELJUL26-04884,Connaught Place,Economy,Standard,2026-07-22,2026-07-27,5,1,4015,Completed,Goibibo,Group,0.714,20076
DELJUL26-04885,Aerocity,Midscale,Deluxe,2026-07-31,2026-08-02,2,1,6905,Completed,Agoda,Couple,0.751,13810
DELJUL26-04886,Karol Bagh,Economy,Premium,2026-07-04,2026-07-08,4,3,2859,Confirmed,Direct,Business,0.824,34304
DELJUL26-04887,South Delhi,Budget,Standard,2026-07-16,2026-07-18,2,3,4141,Completed,MakeMyTrip,Couple,0.425,24846
DELJUL26-04888,Dwarka,Midscale,Premium,2026-07-11,2026-07-16,5,1,2730,Confirmed,Direct,Leisure,0.463,13649
DELJUL26-04889,Paharganj,Upscale,Premium,2026-07-04,2026-07-08,4,2,2332,Completed,Walk-in,Group,0.684,18653
DELJUL26-04890,Saket,Upscale,Deluxe,2026-07-02,2026-07-05,3,3,7130,Confirmed,Goibibo,Leisure,0.408,64169
DELJUL26-04891,Lajpat Nagar,Economy,Standard,2026-07-21,2026-07-26,5,2,2495,Completed,Agoda,Group,0.746,24954
DELJUL26-04892,Dwarka,Midscale,Deluxe,2026-07-21,2026-07-23,2,3,2140,Confirmed,Agoda,Leisure,0.849,12842
DELJUL26-04893,Aerocity,Upscale,Standard,2026-07-18,2026-07-23,5,1,11419,Confirmed,Direct,Business,0.853,57093
DELJUL26-04894,Aerocity,Budget,Standard,2026-07-21,2026-07-23,2,3,5397,Completed,MakeMyTrip,Couple,0.544,32382
DELJUL26-04895,Saket,Budget,Standard,2026-07-23,2026-07-28,5,2,4379,Confirmed,Walk-in,Group,0.472,43792
DELJUL26-04896,Saket,Economy,Deluxe,2026-07-02,2026-07-07,5,1,6717,Confirmed,Goibibo,Couple,0.925,33585
DELJUL26-04897,Lajpat Nagar,Budget,Deluxe,2026-07-02,2026-07-05,3,2,1718,Completed,Goibibo,Business,0.897,10309
DELJUL26-04898,Dwarka,Economy,Standard,2026-07-11,2026-07-12,1,1,2614,Confirmed,Walk-in,Business,0.538,2614
DELJUL26-04899,Greater Kailash,Budget,Standard,2026-07-18,2026-07-22,4,3,5398,Completed,Agoda,Couple,0.886,64775
DELJUL26-04900,Dwarka,Midscale,Standard,2026-07-28,2026-08-01,4,3,3975,Completed,Agoda,Family,0.879,47704
DELJUL26-04901,Paharganj,Midscale,Standard,2026-07-31,2026-08-05,5,1,3072,Cancelled,Agoda,Business,0.553,0
DELJUL26-04902,South Delhi,Upscale,Standard,2026-07-26,2026-07-28,2,2,7868,Confirmed,MakeMyTrip,Couple,0.568,31473
DELJUL26-04903,South Delhi,Midscale,Standard,2026-07-10,2026-07-12,2,2,5752,Completed,Walk-in,Family,0.909,23007
DELJUL26-04904,Greater Kailash,Economy,Standard,2026-07-18,2026-07-20,2,1,4556,Completed,Walk-in,Group,0.795,9111
DELJUL26-04905,Connaught Place,Luxury,Standard,2026-07-04,2026-07-06,2,3,15027,Confirmed,Direct,Leisure,0.721,90162
DELJUL26-04906,South Delhi,Midscale,Deluxe,2026-07-16,2026-07-17,1,1,4212,Cancelled,Goibibo,Couple,0.922,0
DELJUL26-04907,Karol Bagh,Midscale,Deluxe,2026-07-04,2026-07-05,1,1,4514,Confirmed,Booking.com,Couple,0.869,4514
DELJUL26-04908,Greater Kailash,Budget,Premium,2026-07-31,2026-08-03,3,3,3585,Confirmed,Goibibo,Group,0.395,32262
DELJUL26-04909,Greater Kailash,Midscale,Standard,2026-07-14,2026-07-19,5,1,7844,Confirmed,Agoda,Couple,0.649,39218
DELJUL26-04910,South Delhi,Midscale,Standard,2026-07-23,2026-07-24,1,3,5518,Completed,Agoda,Group,0.887,16555
DELJUL26-04911,Rohini,Midscale,Standard,2026-07-04,2026-07-06,2,2,3730,Confirmed,Agoda,Business,0.417,14919
DELJUL26-04912,Dwarka,Upscale,Standard,2026-07-30,2026-08-04,5,2,6771,Confirmed,MakeMyTrip,Business,0.393,67706
DELJUL26-04913,Aerocity,Upscale,Standard,2026-07-17,2026-07-18,1,2,8705,Completed,Direct,Group,0.865,17411
DELJUL26-04914,South Delhi,Luxury,Premium,2026-07-03,2026-07-04,1,2,13430,Confirmed,Walk-in,Leisure,0.816,26860
DELJUL26-04915,Greater Kailash,Midscale,Standard,2026-07-12,2026-07-17,5,1,7637,Completed,Direct,Group,0.45,38183
DELJUL26-04916,Connaught Place,Luxury,Standard,2026-07-07,2026-07-09,2,3,19495,Completed,Booking.com,Couple,0.459,116967
DELJUL26-04917,Connaught Place,Upscale,Standard,2026-07-03,2026-07-05,2,2,6968,Confirmed,Agoda,Family,0.85,27871
DELJUL26-04918,Karol Bagh,Budget,Standard,2026-07-01,2026-07-02,1,1,2778,Confirmed,MakeMyTrip,Leisure,0.475,2778
DELJUL26-04919,Lajpat Nagar,Midscale,Deluxe,2026-07-23,2026-07-26,3,1,3357,Confirmed,MakeMyTrip,Couple,0.436,10070
DELJUL26-04920,Dwarka,Budget,Standard,2026-07-27,2026-08-01,5,3,1387,Confirmed,Direct,Family,0.895,20809
DELJUL26-04921,Rohini,Economy,Standard,2026-07-21,2026-07-26,5,2,1553,Confirmed,Booking.com,Leisure,0.833,15528
DELJUL26-04922,Lajpat Nagar,Economy,Deluxe,2026-07-22,2026-07-26,4,1,2415,Confirmed,Agoda,Couple,0.592,9659
DELJUL26-04923,Dwarka,Economy,Standard,2026-07-02,2026-07-06,4,1,2160,Confirmed,Goibibo,Group,0.726,8639
DELJUL26-04924,South Delhi,Budget,Standard,2026-07-06,2026-07-10,4,1,3173,Completed,Booking.com,Family,0.608,12690
DELJUL26-04925,Paharganj,Budget,Deluxe,2026-07-02,2026-07-06,4,3,1994,Confirmed,MakeMyTrip,Leisure,0.515,23933
DELJUL26-04926,Aerocity,Budget,Standard,2026-07-31,2026-08-03,3,1,5041,Confirmed,MakeMyTrip,Business,0.942,15124
DELJUL26-04927,Paharganj,Midscale,Premium,2026-07-23,2026-07-25,2,1,3763,Confirmed,Walk-in,Family,0.677,7527
DELJUL26-04928,Dwarka,Upscale,Deluxe,2026-07-30,2026-08-04,5,1,3103,Confirmed,Walk-in,Family,0.733,15515
DELJUL26-04929,Connaught Place,Luxury,Standard,2026-07-29,2026-08-03,5,3,17199,Completed,MakeMyTrip,Family,0.595,257990
DELJUL26-04930,Karol Bagh,Economy,Standard,2026-07-07,2026-07-08,1,2,3402,Completed,Booking.com,Business,0.65,6804
DELJUL26-04931,Aerocity,Economy,Standard,2026-07-16,2026-07-17,1,3,8139,Confirmed,Goibibo,Couple,0.523,24418
DELJUL26-04932,Greater Kailash,Upscale,Premium,2026-07-21,2026-07-25,4,3,8803,Completed,Direct,Leisure,0.608,105632
DELJUL26-04933,Lajpat Nagar,Budget,Standard,2026-07-23,2026-07-24,1,2,2310,Confirmed,Goibibo,Group,0.727,4619
DELJUL26-04934,Lajpat Nagar,Luxury,Deluxe,2026-07-21,2026-07-26,5,2,5511,Completed,Goibibo,Family,0.837,55106
DELJUL26-04935,Paharganj,Midscale,Standard,2026-07-15,2026-07-20,5,1,1515,Confirmed,Walk-in,Group,0.831,7573
DELJUL26-04936,Dwarka,Midscale,Deluxe,2026-07-01,2026-07-02,1,3,3856,Completed,MakeMyTrip,Leisure,0.357,11568
DELJUL26-04937,Rohini,Budget,Suite,2026-07-30,2026-08-03,4,3,1097,Confirmed,Goibibo,Couple,0.671,13161
DELJUL26-04938,Dwarka,Budget,Standard,2026-07-22,2026-07-23,1,1,1761,Confirmed,Direct,Group,0.574,1761
DELJUL26-04939,Karol Bagh,Midscale,Standard,2026-07-26,2026-07-28,2,1,2526,Cancelled,Agoda,Group,0.714,0
DELJUL26-04940,Paharganj,Economy,Deluxe,2026-07-07,2026-07-10,3,2,3018,Confirmed,Booking.com,Family,0.879,18107
DELJUL26-04941,Greater Kailash,Upscale,Deluxe,2026-07-04,2026-07-08,4,3,9826,Completed,Agoda,Business,0.815,117910
DELJUL26-04942,Saket,Midscale,Standard,2026-07-28,2026-07-29,1,2,7001,Completed,Booking.com,Group,0.548,14003
DELJUL26-04943,Lajpat Nagar,Economy,Deluxe,2026-07-25,2026-07-26,1,1,3608,Confirmed,MakeMyTrip,Couple,0.793,3608
DELJUL26-04944,Lajpat Nagar,Budget,Deluxe,2026-07-26,2026-07-28,2,2,1728,Completed,Booking.com,Group,0.411,6912
DELJUL26-04945,Aerocity,Economy,Premium,2026-07-14,2026-07-18,4,3,5962,Confirmed,Walk-in,Business,0.427,71540
DELJUL26-04946,Greater Kailash,Budget,Deluxe,2026-07-29,2026-08-01,3,1,3891,Completed,Agoda,Family,0.485,11672
DELJUL26-04947,Paharganj,Midscale,Deluxe,2026-07-07,2026-07-09,2,2,2874,Cancelled,Agoda,Business,0.59,0
DELJUL26-04948,Dwarka,Midscale,Standard,2026-07-24,2026-07-25,1,3,3098,Confirmed,Booking.com,Family,0.656,9295
DELJUL26-04949,Karol Bagh,Upscale,Standard,2026-07-16,2026-07-21,5,1,4854,Confirmed,Agoda,Group,0.589,24270
DELJUL26-04950,Paharganj,Economy,Deluxe,2026-07-06,2026-07-10,4,1,1916,Completed,MakeMyTrip,Group,0.727,7664
DELJUL26-04951,Paharganj,Economy,Deluxe,2026-07-23,2026-07-28,5,3,1514,Completed,Agoda,Family,0.425,22704
DELJUL26-04952,Aerocity,Upscale,Premium,2026-07-12,2026-07-15,3,1,10256,Completed,Booking.com,Leisure,0.663,30769
DELJUL26-04953,Greater Kailash,Midscale,Standard,2026-07-05,2026-07-10,5,1,6911,Confirmed,Goibibo,Family,0.513,34556
DELJUL26-04954,Connaught Place,Midscale,Standard,2026-07-22,2026-07-26,4,1,7311,Confirmed,Walk-in,Family,0.569,29243
DELJUL26-04955,Paharganj,Midscale,Standard,2026-07-24,2026-07-27,3,3,3448,Completed,Direct,Couple,0.655,31034
DELJUL26-04956,Connaught Place,Upscale,Standard,2026-07-11,2026-07-14,3,2,12166,Completed,Agoda,Business,0.43,72994
DELJUL26-04957,Connaught Place,Budget,Standard,2026-07-30,2026-08-02,3,1,5448,Confirmed,Agoda,Family,0.583,16345
DELJUL26-04958,Paharganj,Economy,Standard,2026-07-23,2026-07-26,3,1,2591,Completed,MakeMyTrip,Couple,0.806,7773
DELJUL26-04959,Rohini,Upscale,Standard,2026-07-01,2026-07-05,4,3,2901,Completed,Walk-in,Family,0.517,34807
DELJUL26-04960,Rohini,Budget,Standard,2026-07-11,2026-07-14,3,1,1565,Cancelled,Agoda,Group,0.809,0
DELJUL26-04961,Paharganj,Upscale,Standard,2026-07-31,2026-08-05,5,3,3924,Completed,Goibibo,Business,0.489,58867
DELJUL26-04962,Dwarka,Economy,Suite,2026-07-06,2026-07-11,5,2,2718,Confirmed,Booking.com,Couple,0.803,27177
DELJUL26-04963,Rohini,Budget,Premium,2026-07-30,2026-08-02,3,1,1178,Confirmed,Agoda,Family,0.467,3535
DELJUL26-04964,Karol Bagh,Budget,Standard,2026-07-17,2026-07-19,2,2,2396,Completed,Direct,Family,0.921,9582
DELJUL26-04965,Rohini,Upscale,Deluxe,2026-07-21,2026-07-25,4,1,5458,Completed,Booking.com,Family,0.442,21830
DELJUL26-04966,Connaught Place,Upscale,Standard,2026-07-22,2026-07-26,4,1,6189,Cancelled,MakeMyTrip,Family,0.95,0
DELJUL26-04967,Karol Bagh,Economy,Premium,2026-07-16,2026-07-18,2,2,1872,Confirmed,Booking.com,Family,0.487,7489
DELJUL26-04968,Paharganj,Budget,Deluxe,2026-07-17,2026-07-22,5,2,1053,Confirmed,Goibibo,Family,0.776,10529
DELJUL26-04969,Aerocity,Budget,Standard,2026-07-18,2026-07-22,4,2,6971,Confirmed,Walk-in,Group,0.533,55766
DELJUL26-04970,Lajpat Nagar,Budget,Standard,2026-07-20,2026-07-24,4,2,2158,Completed,MakeMyTrip,Couple,0.399,17265
DELJUL26-04971,Lajpat Nagar,Midscale,Suite,2026-07-23,2026-07-27,4,3,3453,Confirmed,MakeMyTrip,Family,0.365,41436
DELJUL26-04972,Paharganj,Budget,Premium,2026-07-14,2026-07-16,2,1,1750,Confirmed,MakeMyTrip,Group,0.438,3501
DELJUL26-04973,Lajpat Nagar,Budget,Standard,2026-07-14,2026-07-18,4,3,2033,Completed,Agoda,Business,0.595,24392
DELJUL26-04974,Greater Kailash,Budget,Deluxe,2026-07-25,2026-07-26,1,1,3591,Confirmed,Agoda,Business,0.698,3591
DELJUL26-04975,Lajpat Nagar,Midscale,Deluxe,2026-07-24,2026-07-28,4,1,3630,Confirmed,Booking.com,Leisure,0.637,14519
DELJUL26-04976,Lajpat Nagar,Midscale,Deluxe,2026-07-21,2026-07-24,3,2,4254,Completed,Walk-in,Business,0.728,25521
DELJUL26-04977,Dwarka,Midscale,Standard,2026-07-15,2026-07-18,3,2,3906,Confirmed,Goibibo,Leisure,0.407,23439
DELJUL26-04978,Connaught Place,Midscale,Standard,2026-07-18,2026-07-22,4,3,6509,Confirmed,Walk-in,Leisure,0.756,78110
DELJUL26-04979,Rohini,Luxury,Standard,2026-07-18,2026-07-20,2,2,5566,Confirmed,Walk-in,Couple,0.821,22266
DELJUL26-04980,South Delhi,Economy,Deluxe,2026-07-14,2026-07-18,4,3,6963,Confirmed,Goibibo,Couple,0.488,83553
DELJUL26-04981,Rohini,Upscale,Standard,2026-07-06,2026-07-07,1,3,3808,Completed,Agoda,Couple,0.825,11425
DELJUL26-04982,Rohini,Midscale,Premium,2026-07-17,2026-07-21,4,2,3325,Completed,Goibibo,Group,0.5,26598
DELJUL26-04983,Connaught Place,Budget,Premium,2026-07-14,2026-07-18,4,1,3988,Confirmed,Goibibo,Group,0.616,15953
DELJUL26-04984,Saket,Upscale,Standard,2026-07-02,2026-07-03,1,3,10232,Confirmed,Goibibo,Business,0.833,30696
DELJUL26-04985,Connaught Place,Midscale,Premium,2026-07-30,2026-08-03,4,2,7230,Confirmed,Booking.com,Leisure,0.762,57837
DELJUL26-04986,Aerocity,Midscale,Deluxe,2026-07-21,2026-07-25,4,2,10072,Completed,MakeMyTrip,Family,0.652,80574
DELJUL26-04987,Rohini,Budget,Deluxe,2026-07-04,2026-07-07,3,3,1327,Completed,Agoda,Group,0.572,11944
DELJUL26-04988,Rohini,Economy,Standard,2026-07-07,2026-07-11,4,2,1279,Completed,Agoda,Group,0.688,10236
DELJUL26-04989,Rohini,Upscale,Standard,2026-07-18,2026-07-19,1,2,2961,Confirmed,MakeMyTrip,Business,0.662,5922
DELJUL26-04990,Lajpat Nagar,Budget,Suite,2026-07-27,2026-08-01,5,3,1516,Completed,Direct,Leisure,0.933,22746
DELJUL26-04991,South Delhi,Budget,Deluxe,2026-07-16,2026-07-21,5,1,5423,Completed,Direct,Couple,0.846,27113
DELJUL26-04992,Dwarka,Economy,Deluxe,2026-07-26,2026-07-30,4,3,4163,Confirmed,Walk-in,Group,0.42,49957
DELJUL26-04993,Rohini,Economy,Standard,2026-07-04,2026-07-05,1,2,2826,Confirmed,Direct,Group,0.597,5652
DELJUL26-04994,Dwarka,Upscale,Standard,2026-07-17,2026-07-20,3,2,2971,Confirmed,Booking.com,Group,0.702,17826
DELJUL26-04995,South Delhi,Midscale,Standard,2026-07-26,2026-07-31,5,3,8970,Completed,Direct,Business,0.773,134548
DELJUL26-04996,Karol Bagh,Upscale,Deluxe,2026-07-27,2026-07-31,4,2,5368,Confirmed,Booking.com,Couple,0.456,42946
DELJUL26-04997,Greater Kailash,Economy,Premium,2026-07-08,2026-07-13,5,2,4783,Confirmed,Walk-in,Couple,0.848,47825
DELJUL26-04998,Lajpat Nagar,Economy,Standard,2026-07-21,2026-07-25,4,3,3260,Completed,Booking.com,Business,0.728,39122
DELJUL26-04999,South Delhi,Budget,Standard,2026-07-02,2026-07-06,4,2,3707,Completed,Walk-in,Leisure,0.39,29657
DELJUL26-05000,Saket,Budget,Standard,2026-07-05,2026-07-07,2,1,1838,Confirmed,Agoda,Couple,0.385,3676